dialogue_id,turn,misc,family
0,turn 1,not_evidenced,C
0,turn 2,absent,C
1,turn 1,absent,C
1,turn 2,absent,C
1,turn 3,present,C
1,turn 4,present,C
1,turn 5,present,C
1,turn 6,present,C
1,turn 7,present,C
1,turn 8,present,C
1,turn 9,present,C
1,turn 10,present,C
2,turn 1,absent,E
2,turn 2,not_evidenced,E
2,turn 3,absent,E
2,turn 4,absent,E
3,turn 1,not_evidenced,D
3,turn 2,absent,D
3,turn 3,not_evidenced,D
3,turn 4,not_evidenced,D
3,turn 5,absent,D
4,turn 1,present,B
4,turn 2,absent,B
4,turn 3,present,B
4,turn 4,absent,B
4,turn 5,present,B
4,turn 6,absent,B
5,turn 1,present,E
5,turn 2,present,E
5,turn 3,absent,E
6,turn 1,present,F
6,turn 2,present,F
6,turn 3,absent,F
6,turn 4,absent,F
6,turn 5,absent,F
6,turn 6,present,F
6,turn 7,present,F
6,turn 8,present,F
6,turn 9,absent,F
7,turn 1,present,F
7,turn 2,present,F
7,turn 3,present,F
7,turn 4,present,F
7,turn 5,absent,F
7,turn 6,present,F
7,turn 7,present,F
7,turn 8,absent,F
8,turn 1,present,E
8,turn 2,not_evidenced,E
8,turn 3,absent,E
9,turn 1,present,C
9,turn 2,absent,C
9,turn 3,present,C
9,turn 4,present,C
9,turn 5,absent,C
9,turn 6,present,C
9,turn 7,present,C
9,turn 8,present,C
9,turn 9,absent,C
10,turn 1,present,F
10,turn 2,not_evidenced,F
10,turn 3,present,F
10,turn 4,present,F
10,turn 5,not_evidenced,F
10,turn 6,absent,F
10,turn 7,absent,F
11,turn 1,present,E
11,turn 2,present,E
11,turn 3,present,E
11,turn 4,present,E
11,turn 5,present,E
12,turn 1,not_evidenced,E
12,turn 2,present,E
12,turn 3,not_evidenced,E
12,turn 4,not_evidenced,E
12,turn 5,present,E
12,turn 6,absent,E
12,turn 7,not_evidenced,E
13,turn 1,not_evidenced,B
13,turn 2,absent,B
13,turn 3,absent,B
14,turn 1,present,D
14,turn 2,absent,D
14,turn 3,absent,D
15,turn 1,present,D
15,turn 2,present,D
15,turn 3,present,D
15,turn 4,absent,D
15,turn 5,present,D
15,turn 6,absent,D
15,turn 7,present,D
15,turn 8,present,D
15,turn 9,present,D
15,turn 10,present,D
15,turn 11,present,D
15,turn 12,present,D
15,turn 13,not_evidenced,D
15,turn 14,absent,D
15,turn 15,absent,D
15,turn 16,absent,D
15,turn 17,present,D
15,turn 18,present,D
15,turn 19,present,D
15,turn 20,present,D
15,turn 21,present,D
16,turn 1,present,B
16,turn 2,not_evidenced,B
16,turn 3,absent,B
16,turn 4,present,B
16,turn 5,present,B
16,turn 6,absent,B
16,turn 7,present,B
16,turn 8,absent,B
17,turn 1,present,F
17,turn 2,present,F
17,turn 3,present,F
17,turn 4,present,F
17,turn 5,absent,F
17,turn 6,present,F
17,turn 7,present,F
17,turn 8,present,F
17,turn 9,present,F
17,turn 10,absent,F
18,turn 1,present,A
18,turn 2,absent,A
19,turn 1,present,A
19,turn 2,not_evidenced,A
19,turn 3,present,A
19,turn 4,not_evidenced,A
19,turn 5,not_evidenced,A
19,turn 6,not_evidenced,A
19,turn 7,absent,A
20,turn 1,present,B
20,turn 2,absent,B
20,turn 3,present,B
20,turn 4,present,B
20,turn 5,absent,B
21,turn 1,present,C
21,turn 2,present,C
21,turn 3,absent,C
21,turn 4,absent,C
21,turn 5,not_evidenced,C
22,turn 1,present,E
22,turn 2,present,E
22,turn 3,not_evidenced,E
22,turn 4,not_evidenced,E
22,turn 5,absent,E
23,turn 1,present,E
23,turn 2,present,E
23,turn 3,present,E
23,turn 4,absent,E
23,turn 5,not_evidenced,E
24,turn 1,present,B
24,turn 2,absent,B
24,turn 3,absent,B
24,turn 4,absent,B
24,turn 5,absent,B
24,turn 6,not_evidenced,B
25,turn 1,present,D
25,turn 2,present,D
25,turn 3,absent,D
26,turn 1,present,A
26,turn 2,absent,A
27,turn 1,present,B
27,turn 2,present,B
27,turn 3,not_evidenced,B
27,turn 4,absent,B
27,turn 5,not_evidenced,B
27,turn 6,not_evidenced,B
27,turn 7,not_evidenced,B
28,turn 1,absent,C
28,turn 2,not_evidenced,C
29,turn 1,present,D
29,turn 2,present,D
29,turn 3,absent,D
29,turn 4,absent,D
29,turn 5,absent,D
29,turn 6,absent,D
29,turn 7,present,D
29,turn 8,absent,D
30,turn 1,present,A
30,turn 2,present,A
30,turn 3,absent,A
31,turn 1,absent,C
31,turn 2,absent,C
31,turn 3,present,C
31,turn 4,absent,C
32,turn 1,present,D
32,turn 2,absent,D
32,turn 3,absent,D
33,turn 1,present,A
33,turn 2,present,A
33,turn 3,present,A
33,turn 4,present,A
33,turn 5,present,A
34,turn 1,present,A
34,turn 2,not_evidenced,A
34,turn 3,present,A
34,turn 4,present,A
34,turn 5,present,A
34,turn 6,present,A
35,turn 1,present,B
35,turn 2,present,B
35,turn 3,not_evidenced,B
36,turn 1,present,E
36,turn 2,absent,E
37,turn 1,present,D
37,turn 2,present,D
37,turn 3,present,D
37,turn 4,not_evidenced,D
38,turn 1,absent,C
38,turn 2,not_evidenced,C
38,turn 3,present,C
38,turn 4,absent,C
39,turn 1,not_evidenced,D
39,turn 2,present,D
39,turn 3,present,D
39,turn 4,present,D
39,turn 5,present,D
39,turn 6,present,D
39,turn 7,present,D
39,turn 8,present,D
39,turn 9,absent,D
40,turn 1,not_evidenced,F
40,turn 2,not_evidenced,F
40,turn 3,present,F
40,turn 4,absent,F
40,turn 5,present,F
40,turn 6,present,F
40,turn 7,present,F
40,turn 8,present,F
40,turn 9,present,F
40,turn 10,present,F
40,turn 11,present,F
42,turn 1,present,D
42,turn 2,not_evidenced,D
42,turn 3,absent,D
42,turn 4,absent,D
42,turn 5,absent,D
43,turn 1,present,B
43,turn 2,not_evidenced,B
43,turn 3,absent,B
43,turn 4,absent,B
43,turn 5,absent,B
43,turn 6,absent,B
43,turn 7,absent,B
43,turn 8,absent,B
43,turn 9,absent,B
43,turn 10,not_evidenced,B
44,turn 1,present,A
44,turn 2,present,A
44,turn 3,absent,A
44,turn 4,present,A
44,turn 5,present,A
44,turn 6,absent,A
44,turn 7,absent,A
45,turn 1,present,D
45,turn 2,not_evidenced,D
45,turn 3,not_evidenced,D
45,turn 4,absent,D
45,turn 5,absent,D
45,turn 6,absent,D
45,turn 7,not_evidenced,D
46,turn 1,present,F
46,turn 2,absent,F
46,turn 3,present,F
46,turn 4,present,F
46,turn 5,present,F
46,turn 6,absent,F
46,turn 7,not_evidenced,F
47,turn 1,present,C
47,turn 2,absent,C
47,turn 3,not_evidenced,C
47,turn 4,absent,C
47,turn 5,present,C
47,turn 6,not_evidenced,C
47,turn 7,not_evidenced,C
48,turn 1,absent,F
48,turn 2,present,F
48,turn 3,present,F
48,turn 4,present,F
48,turn 5,present,F
48,turn 6,absent,F
48,turn 7,absent,F
49,turn 1,present,B
49,turn 2,present,B
49,turn 3,absent,B
49,turn 4,absent,B
50,turn 1,present,D
50,turn 2,absent,D
50,turn 3,absent,D
50,turn 4,absent,D
50,turn 5,absent,D
50,turn 6,absent,D
50,turn 7,absent,D
50,turn 8,not_evidenced,D
51,turn 1,present,D
51,turn 2,present,D
51,turn 3,absent,D
51,turn 4,absent,D
52,turn 1,present,F
52,turn 2,absent,F
52,turn 3,not_evidenced,F
52,turn 4,present,F
52,turn 5,present,F
52,turn 6,present,F
52,turn 7,present,F
52,turn 8,not_evidenced,F
53,turn 1,present,A
53,turn 2,present,A
53,turn 3,absent,A
53,turn 4,present,A
53,turn 5,present,A
53,turn 6,present,A
53,turn 7,present,A
54,turn 1,present,C
54,turn 2,present,C
54,turn 3,present,C
54,turn 4,absent,C
54,turn 5,absent,C
54,turn 6,not_evidenced,C
54,turn 7,not_evidenced,C
54,turn 8,absent,C
55,turn 1,absent,E
56,turn 1,present,F
56,turn 2,absent,F
57,turn 1,present,F
57,turn 2,absent,F
57,turn 3,present,F
57,turn 4,present,F
57,turn 5,present,F
57,turn 6,present,F
57,turn 7,absent,F
57,turn 8,present,F
57,turn 9,present,F
57,turn 10,absent,F
58,turn 1,present,F
58,turn 2,absent,F
58,turn 3,absent,F
58,turn 4,absent,F
58,turn 5,present,F
58,turn 6,absent,F
58,turn 7,present,F
58,turn 8,absent,F
59,turn 1,present,B
59,turn 2,absent,B
59,turn 3,not_evidenced,B
60,turn 1,present,D
60,turn 2,absent,D
60,turn 3,absent,D
60,turn 4,absent,D
60,turn 5,absent,D
60,turn 6,absent,D
61,turn 1,present,B
61,turn 2,not_evidenced,B
61,turn 3,present,B
61,turn 4,absent,B
63,turn 1,present,B
63,turn 2,present,B
63,turn 3,absent,B
64,turn 1,absent,D
64,turn 2,not_evidenced,D
65,turn 1,present,D
65,turn 2,present,D
65,turn 3,present,D
65,turn 4,absent,D
66,turn 1,present,B
66,turn 2,absent,B
66,turn 3,absent,B
66,turn 4,absent,B
66,turn 5,absent,B
67,turn 1,present,A
67,turn 2,absent,A
68,turn 1,present,C
68,turn 2,absent,C
68,turn 3,not_evidenced,C
68,turn 4,not_evidenced,C
68,turn 5,present,C
68,turn 6,absent,C
69,turn 1,present,A
69,turn 2,present,A
69,turn 3,absent,A
69,turn 4,absent,A
70,turn 1,present,D
70,turn 2,not_evidenced,D
70,turn 3,present,D
70,turn 4,present,D
70,turn 5,present,D
70,turn 6,present,D
70,turn 7,present,D
70,turn 8,absent,D
71,turn 1,present,B
71,turn 2,present,B
71,turn 3,present,B
71,turn 4,absent,B
71,turn 5,present,B
71,turn 6,absent,B
71,turn 7,not_evidenced,B
71,turn 8,not_evidenced,B
71,turn 9,absent,B
72,turn 1,present,A
72,turn 2,present,A
72,turn 3,absent,A
72,turn 4,absent,A
73,turn 1,present,C
73,turn 2,absent,C
74,turn 1,present,E
74,turn 2,present,E
74,turn 3,not_evidenced,E
74,turn 4,present,E
74,turn 5,present,E
74,turn 6,present,E
74,turn 7,present,E
74,turn 8,absent,E
75,turn 1,absent,A
75,turn 2,absent,A
75,turn 3,present,A
76,turn 1,present,D
76,turn 2,absent,D
76,turn 3,absent,D
76,turn 4,present,D
77,turn 1,absent,A
77,turn 2,present,A
77,turn 3,absent,A
77,turn 4,absent,A
78,turn 1,present,A
78,turn 2,present,A
78,turn 3,present,A
78,turn 4,absent,A
79,turn 1,present,A
79,turn 2,present,A
79,turn 3,absent,A
80,turn 1,present,C
80,turn 2,absent,C
81,turn 1,present,D
81,turn 2,present,D
81,turn 3,absent,D
82,turn 1,present,E
82,turn 2,present,E
82,turn 3,absent,E
83,turn 1,present,D
83,turn 2,present,D
83,turn 3,present,D
83,turn 4,present,D
83,turn 5,absent,D
84,turn 1,present,F
84,turn 2,not_evidenced,F
84,turn 3,present,F
84,turn 4,present,F
84,turn 5,present,F
84,turn 6,present,F
84,turn 7,present,F
84,turn 8,present,F
84,turn 9,present,F
84,turn 10,absent,F
85,turn 1,present,D
85,turn 2,absent,D
85,turn 3,not_evidenced,D
86,turn 1,present,A
86,turn 2,present,A
86,turn 3,present,A
86,turn 4,present,A
86,turn 5,not_evidenced,A
86,turn 6,not_evidenced,A
86,turn 7,not_evidenced,A
86,turn 8,present,A
86,turn 9,present,A
86,turn 10,present,A
86,turn 11,present,A
86,turn 12,present,A
86,turn 13,absent,A
87,turn 1,present,E
87,turn 2,absent,E
88,turn 1,present,A
88,turn 2,present,A
88,turn 3,present,A
88,turn 4,not_evidenced,A
88,turn 5,present,A
89,turn 1,present,F
89,turn 2,present,F
89,turn 3,present,F
89,turn 4,present,F
89,turn 5,present,F
89,turn 6,absent,F
90,turn 1,present,E
90,turn 2,absent,E
90,turn 3,present,E
90,turn 4,absent,E
90,turn 5,absent,E
90,turn 6,present,E
90,turn 7,present,E
90,turn 8,absent,E
90,turn 9,absent,E
91,turn 1,present,B
91,turn 2,absent,B
91,turn 3,present,B
91,turn 4,present,B
91,turn 5,absent,B
91,turn 6,not_evidenced,B
92,turn 1,present,C
92,turn 2,present,C
92,turn 3,present,C
92,turn 4,present,C
92,turn 5,present,C
93,turn 1,present,E
93,turn 2,not_evidenced,E
93,turn 3,present,E
93,turn 4,present,E
93,turn 5,present,E
93,turn 6,not_evidenced,E
94,turn 1,present,D
94,turn 2,not_evidenced,D
94,turn 3,present,D
94,turn 4,absent,D
94,turn 5,absent,D
94,turn 6,present,D
94,turn 7,present,D
94,turn 8,present,D
94,turn 9,present,D
94,turn 10,absent,D
94,turn 11,present,D
94,turn 12,present,D
94,turn 13,present,D
94,turn 14,absent,D
94,turn 15,not_evidenced,D
95,turn 1,present,D
95,turn 2,present,D
95,turn 3,present,D
95,turn 4,absent,D
95,turn 5,present,D
95,turn 6,present,D
95,turn 7,present,D
95,turn 8,present,D
95,turn 9,present,D
95,turn 10,present,D
96,turn 1,present,C
96,turn 2,present,C
96,turn 3,present,C
96,turn 4,present,C
96,turn 5,not_evidenced,C
96,turn 6,absent,C
96,turn 7,present,C
96,turn 8,absent,C
97,turn 1,present,D
97,turn 2,absent,D
97,turn 3,present,D
97,turn 4,present,D
97,turn 5,not_evidenced,D
97,turn 6,absent,D
97,turn 7,present,D
97,turn 8,absent,D
97,turn 9,present,D
97,turn 10,present,D
97,turn 11,absent,D
97,turn 12,absent,D
97,turn 13,not_evidenced,D
98,turn 1,present,A
98,turn 2,present,A
98,turn 3,present,A
98,turn 4,present,A
98,turn 5,present,A
98,turn 6,present,A
98,turn 7,present,A
98,turn 8,present,A
98,turn 9,present,A
98,turn 10,present,A
98,turn 11,present,A
98,turn 12,present,A
99,turn 1,present,A
99,turn 2,not_evidenced,A
99,turn 3,present,A
99,turn 4,present,A
99,turn 5,present,A
99,turn 6,present,A
99,turn 7,present,A
99,turn 8,present,A
99,turn 9,absent,A
99,turn 10,present,A
99,turn 11,absent,A
100,turn 1,present,D
100,turn 2,present,D
100,turn 3,absent,D
100,turn 4,not_evidenced,D
101,turn 1,present,E
101,turn 2,present,E
101,turn 3,not_evidenced,E
101,turn 4,not_evidenced,E
101,turn 5,present,E
101,turn 6,not_evidenced,E
102,turn 1,present,F
102,turn 2,present,F
102,turn 3,not_evidenced,F
102,turn 4,present,F
102,turn 5,present,F
102,turn 6,not_evidenced,F
102,turn 7,absent,F
102,turn 8,present,F
102,turn 9,present,F
102,turn 10,not_evidenced,F
102,turn 11,absent,F
103,turn 1,present,A
103,turn 2,present,A
103,turn 3,present,A
103,turn 4,absent,A
105,turn 1,present,D
105,turn 2,present,D
105,turn 3,absent,D
105,turn 4,absent,D
106,turn 1,present,D
106,turn 2,present,D
106,turn 3,present,D
107,turn 1,present,C
107,turn 2,present,C
107,turn 3,not_evidenced,C
107,turn 4,present,C
107,turn 5,absent,C
107,turn 6,absent,C
108,turn 1,present,A
108,turn 2,present,A
108,turn 3,present,A
108,turn 4,present,A
108,turn 5,present,A
108,turn 6,present,A
108,turn 7,present,A
108,turn 8,present,A
108,turn 9,present,A
108,turn 10,absent,A
109,turn 1,present,E
109,turn 2,not_evidenced,E
109,turn 3,present,E
109,turn 4,present,E
109,turn 5,present,E
109,turn 6,present,E
109,turn 7,present,E
109,turn 8,present,E
109,turn 9,present,E
109,turn 10,present,E
109,turn 11,absent,E
110,turn 1,present,F
110,turn 2,present,F
110,turn 3,present,F
110,turn 4,not_evidenced,F
110,turn 5,present,F
110,turn 6,absent,F
110,turn 7,present,F
110,turn 8,present,F
110,turn 9,absent,F
111,turn 1,present,C
111,turn 2,present,C
111,turn 3,not_evidenced,C
111,turn 4,present,C
111,turn 5,absent,C
112,turn 1,present,F
112,turn 2,absent,F
112,turn 3,present,F
112,turn 4,present,F
112,turn 5,present,F
112,turn 6,present,F
112,turn 7,present,F
112,turn 8,absent,F
113,turn 1,present,F
113,turn 2,present,F
113,turn 3,present,F
113,turn 4,present,F
113,turn 5,present,F
113,turn 6,present,F
113,turn 7,absent,F
114,turn 1,present,F
114,turn 2,present,F
114,turn 3,present,F
114,turn 4,present,F
114,turn 5,present,F
114,turn 6,absent,F
114,turn 7,not_evidenced,F
115,turn 1,present,D
115,turn 2,present,D
115,turn 3,absent,D
115,turn 4,absent,D
115,turn 5,present,D
115,turn 6,present,D
115,turn 7,absent,D
116,turn 1,present,A
116,turn 2,present,A
116,turn 3,present,A
116,turn 4,present,A
116,turn 5,present,A
116,turn 6,not_evidenced,A
117,turn 1,present,F
117,turn 2,not_evidenced,F
117,turn 3,absent,F
117,turn 4,present,F
117,turn 5,present,F
117,turn 6,present,F
117,turn 7,present,F
117,turn 8,absent,F
117,turn 9,not_evidenced,F
118,turn 1,present,B
118,turn 2,present,B
118,turn 3,not_evidenced,B
118,turn 4,present,B
118,turn 5,absent,B
118,turn 6,present,B
118,turn 7,present,B
118,turn 8,absent,B
118,turn 9,not_evidenced,B
119,turn 1,present,A
119,turn 2,present,A
119,turn 3,not_evidenced,A
119,turn 4,present,A
119,turn 5,not_evidenced,A
119,turn 6,present,A
119,turn 7,present,A
119,turn 8,not_evidenced,A
119,turn 9,absent,A
120,turn 1,present,C
120,turn 2,absent,C
120,turn 3,absent,C
120,turn 4,absent,C
120,turn 5,absent,C
121,turn 1,present,B
121,turn 2,present,B
121,turn 3,present,B
121,turn 4,present,B
121,turn 5,present,B
121,turn 6,present,B
121,turn 7,not_evidenced,B
121,turn 8,absent,B
121,turn 9,absent,B
122,turn 1,present,D
122,turn 2,absent,D
122,turn 3,present,D
122,turn 4,absent,D
122,turn 5,present,D
122,turn 6,present,D
122,turn 7,present,D
123,turn 1,present,A
123,turn 2,present,A
123,turn 3,not_evidenced,A
123,turn 4,present,A
123,turn 5,present,A
123,turn 6,not_evidenced,A
123,turn 7,absent,A
124,turn 1,present,E
124,turn 2,absent,E
124,turn 3,absent,E
124,turn 4,absent,E
125,turn 1,present,B
125,turn 2,present,B
125,turn 3,present,B
125,turn 4,present,B
125,turn 5,present,B
125,turn 6,present,B
125,turn 7,present,B
125,turn 8,present,B
125,turn 9,present,B
125,turn 10,present,B
125,turn 11,present,B
126,turn 1,present,F
126,turn 2,absent,F
126,turn 3,not_evidenced,F
127,turn 1,present,C
127,turn 2,absent,C
127,turn 3,present,C
127,turn 4,present,C
127,turn 5,present,C
127,turn 6,absent,C
127,turn 7,absent,C
127,turn 8,present,C
127,turn 9,absent,C
127,turn 10,not_evidenced,C
128,turn 1,present,C
128,turn 2,present,C
128,turn 3,present,C
128,turn 4,absent,C
128,turn 5,not_evidenced,C
128,turn 6,absent,C
128,turn 7,absent,C
128,turn 8,not_evidenced,C
129,turn 1,present,A
129,turn 2,present,A
129,turn 3,present,A
129,turn 4,absent,A
129,turn 5,not_evidenced,A
130,turn 1,absent,A
130,turn 2,absent,A
130,turn 3,absent,A
130,turn 4,present,A
131,turn 1,present,F
131,turn 2,present,F
131,turn 3,present,F
131,turn 4,present,F
131,turn 5,present,F
131,turn 6,present,F
131,turn 7,present,F
131,turn 8,absent,F
131,turn 9,present,F
131,turn 10,present,F
132,turn 1,present,A
132,turn 2,absent,A
132,turn 3,present,A
132,turn 4,absent,A
132,turn 5,present,A
132,turn 6,absent,A
133,turn 1,absent,F
133,turn 2,present,F
133,turn 3,absent,F
134,turn 1,not_evidenced,B
134,turn 2,absent,B
134,turn 3,present,B
134,turn 4,present,B
134,turn 5,present,B
134,turn 6,present,B
134,turn 7,present,B
134,turn 8,absent,B
134,turn 9,present,B
134,turn 10,present,B
135,turn 1,present,B
135,turn 2,present,B
135,turn 3,present,B
135,turn 4,present,B
135,turn 5,present,B
136,turn 1,absent,B
136,turn 2,not_evidenced,B
136,turn 3,absent,B
136,turn 4,absent,B
136,turn 5,present,B
137,turn 1,present,E
137,turn 2,absent,E
137,turn 3,present,E
137,turn 4,present,E
137,turn 5,absent,E
138,turn 1,present,A
138,turn 2,not_evidenced,A
138,turn 3,present,A
138,turn 4,present,A
138,turn 5,present,A
138,turn 6,present,A
138,turn 7,present,A
139,turn 1,absent,C
139,turn 2,not_evidenced,C
139,turn 3,absent,C
140,turn 1,present,A
140,turn 2,present,A
140,turn 3,present,A
140,turn 4,absent,A
141,turn 1,present,A
141,turn 2,present,A
141,turn 3,absent,A
142,turn 1,present,F
142,turn 2,absent,F
142,turn 3,present,F
142,turn 4,absent,F
143,turn 1,present,B
143,turn 2,absent,B
144,turn 1,present,E
144,turn 2,absent,E
144,turn 3,not_evidenced,E
145,turn 1,present,E
145,turn 2,present,E
145,turn 3,absent,E
145,turn 4,absent,E
145,turn 5,present,E
145,turn 6,present,E
145,turn 7,present,E
145,turn 8,present,E
145,turn 9,present,E
145,turn 10,absent,E
146,turn 1,present,E
146,turn 2,present,E
146,turn 3,absent,E
146,turn 4,not_evidenced,E
147,turn 1,present,E
147,turn 2,not_evidenced,E
147,turn 3,absent,E
147,turn 4,absent,E
147,turn 5,not_evidenced,E
147,turn 6,absent,E
147,turn 7,absent,E
147,turn 8,absent,E
147,turn 9,not_evidenced,E
148,turn 1,present,D
148,turn 2,present,D
148,turn 3,not_evidenced,D
148,turn 4,present,D
148,turn 5,present,D
148,turn 6,present,D
148,turn 7,absent,D
148,turn 8,present,D
148,turn 9,absent,D
148,turn 10,absent,D
148,turn 11,absent,D
148,turn 12,not_evidenced,D
149,turn 1,present,F
149,turn 2,present,F
149,turn 3,absent,F
149,turn 4,not_evidenced,F
150,turn 1,present,C
150,turn 2,present,C
150,turn 3,absent,C
150,turn 4,present,C
150,turn 5,absent,C
151,turn 1,present,A
151,turn 2,not_evidenced,A
151,turn 3,absent,A
151,turn 4,present,A
151,turn 5,present,A
151,turn 6,absent,A
151,turn 7,present,A
151,turn 8,absent,A
152,turn 1,present,B
152,turn 2,not_evidenced,B
152,turn 3,not_evidenced,B
152,turn 4,absent,B
153,turn 1,absent,C
153,turn 2,absent,C
153,turn 3,absent,C
153,turn 4,present,C
153,turn 5,absent,C
153,turn 6,absent,C
153,turn 7,absent,C
153,turn 8,not_evidenced,C
154,turn 1,present,E
154,turn 2,present,E
154,turn 3,present,E
154,turn 4,absent,E
154,turn 5,present,E
154,turn 6,present,E
154,turn 7,present,E
154,turn 8,present,E
155,turn 1,present,B
155,turn 2,absent,B
156,turn 1,absent,C
156,turn 2,not_evidenced,C
156,turn 3,not_evidenced,C
157,turn 1,present,E
157,turn 2,present,E
157,turn 3,present,E
158,turn 1,not_evidenced,B
158,turn 2,not_evidenced,B
158,turn 3,absent,B
158,turn 4,absent,B
159,turn 1,present,E
159,turn 2,absent,E
160,turn 1,present,A
160,turn 2,absent,A
160,turn 3,present,A
160,turn 4,present,A
160,turn 5,absent,A
160,turn 6,present,A
160,turn 7,absent,A
160,turn 8,present,A
161,turn 1,present,E
161,turn 2,absent,E
161,turn 3,absent,E
161,turn 4,not_evidenced,E
161,turn 5,present,E
161,turn 6,absent,E
161,turn 7,not_evidenced,E
162,turn 1,present,B
162,turn 2,not_evidenced,B
162,turn 3,not_evidenced,B
162,turn 4,present,B
162,turn 5,present,B
162,turn 6,present,B
163,turn 1,present,C
163,turn 2,present,C
163,turn 3,absent,C
163,turn 4,absent,C
163,turn 5,not_evidenced,C
164,turn 1,present,D
164,turn 2,not_evidenced,D
164,turn 3,present,D
164,turn 4,not_evidenced,D
164,turn 5,present,D
164,turn 6,present,D
164,turn 7,absent,D
164,turn 8,not_evidenced,D
164,turn 9,not_evidenced,D
165,turn 1,present,A
165,turn 2,present,A
165,turn 3,present,A
165,turn 4,absent,A
165,turn 5,absent,A
166,turn 1,present,C
166,turn 2,present,C
166,turn 3,absent,C
167,turn 1,present,C
167,turn 2,absent,C
167,turn 3,absent,C
167,turn 4,not_evidenced,C
167,turn 5,present,C
167,turn 6,present,C
167,turn 7,absent,C
167,turn 8,not_evidenced,C
168,turn 1,present,A
168,turn 2,present,A
168,turn 3,present,A
168,turn 4,absent,A
168,turn 5,absent,A
169,turn 1,present,D
169,turn 2,absent,D
169,turn 3,present,D
169,turn 4,present,D
169,turn 5,absent,D
169,turn 6,absent,D
169,turn 7,present,D
169,turn 8,absent,D
170,turn 1,absent,B
170,turn 2,not_evidenced,B
171,turn 1,present,E
171,turn 2,absent,E
171,turn 3,not_evidenced,E
172,turn 1,present,A
172,turn 2,present,A
172,turn 3,present,A
172,turn 4,present,A
173,turn 1,present,A
173,turn 2,present,A
173,turn 3,present,A
173,turn 4,present,A
173,turn 5,present,A
173,turn 6,present,A
174,turn 1,present,F
174,turn 2,absent,F
174,turn 3,absent,F
175,turn 1,absent,D
175,turn 2,absent,D
175,turn 3,present,D
175,turn 4,absent,D
175,turn 5,absent,D
176,turn 1,absent,B
176,turn 2,absent,B
177,turn 1,not_evidenced,E
177,turn 2,absent,E
178,turn 1,present,B
178,turn 2,present,B
178,turn 3,absent,B
178,turn 4,absent,B
178,turn 5,not_evidenced,B
178,turn 6,absent,B
179,turn 1,not_evidenced,F
179,turn 2,not_evidenced,F
179,turn 3,present,F
179,turn 4,absent,F
179,turn 5,not_evidenced,F
180,turn 1,present,C
180,turn 2,present,C
180,turn 3,present,C
180,turn 4,present,C
180,turn 5,absent,C
180,turn 6,absent,C
181,turn 1,present,A
181,turn 2,absent,A
181,turn 3,present,A
181,turn 4,present,A
181,turn 5,present,A
181,turn 6,absent,A
182,turn 1,absent,A
182,turn 2,absent,A
182,turn 3,absent,A
183,turn 1,absent,C
183,turn 2,not_evidenced,C
183,turn 3,present,C
183,turn 4,present,C
183,turn 5,present,C
183,turn 6,absent,C
183,turn 7,absent,C
183,turn 8,absent,C
183,turn 9,absent,C
184,turn 1,present,C
184,turn 2,present,C
184,turn 3,present,C
184,turn 4,present,C
184,turn 5,absent,C
185,turn 1,present,D
185,turn 2,absent,D
185,turn 3,present,D
185,turn 4,present,D
186,turn 1,present,D
186,turn 2,absent,D
187,turn 1,present,B
187,turn 2,present,B
187,turn 3,absent,B
187,turn 4,absent,B
188,turn 1,absent,B
188,turn 2,not_evidenced,B
188,turn 3,present,B
188,turn 4,present,B
188,turn 5,present,B
188,turn 6,present,B
188,turn 7,present,B
189,turn 1,present,D
189,turn 2,present,D
189,turn 3,present,D
189,turn 4,present,D
190,turn 1,present,F
190,turn 2,present,F
190,turn 3,present,F
190,turn 4,present,F
190,turn 5,present,F
190,turn 6,absent,F
191,turn 1,present,A
191,turn 2,present,A
191,turn 3,absent,A
191,turn 4,absent,A
191,turn 5,present,A
191,turn 6,absent,A
191,turn 7,absent,A
191,turn 8,not_evidenced,A
191,turn 9,not_evidenced,A
192,turn 1,present,A
192,turn 2,present,A
192,turn 3,absent,A
192,turn 4,present,A
192,turn 5,absent,A
193,turn 1,present,C
193,turn 2,absent,C
193,turn 3,present,C
193,turn 4,present,C
193,turn 5,present,C
193,turn 6,present,C
193,turn 7,present,C
193,turn 8,present,C
193,turn 9,present,C
193,turn 10,present,C
193,turn 11,absent,C
194,turn 1,present,D
194,turn 2,present,D
194,turn 3,absent,D
194,turn 4,present,D
194,turn 5,absent,D
194,turn 6,not_evidenced,D
195,turn 1,present,E
195,turn 2,absent,E
196,turn 1,present,C
196,turn 2,present,C
196,turn 3,absent,C
196,turn 4,absent,C
196,turn 5,present,C
196,turn 6,present,C
196,turn 7,absent,C
196,turn 8,present,C
196,turn 9,present,C
196,turn 10,not_evidenced,C
197,turn 1,present,B
197,turn 2,present,B
197,turn 3,absent,B
197,turn 4,absent,B
197,turn 5,absent,B
198,turn 1,present,E
198,turn 2,present,E
198,turn 3,present,E
198,turn 4,not_evidenced,E
198,turn 5,not_evidenced,E
198,turn 6,not_evidenced,E
198,turn 7,present,E
198,turn 8,absent,E
198,turn 9,absent,E
199,turn 1,present,E
199,turn 2,present,E
199,turn 3,present,E
199,turn 4,absent,E
200,turn 1,present,E
200,turn 2,present,E
200,turn 3,present,E
200,turn 4,absent,E
201,turn 1,present,A
201,turn 2,present,A
201,turn 3,absent,A
201,turn 4,absent,A
202,turn 1,present,E
202,turn 2,present,E
202,turn 3,absent,E
202,turn 4,absent,E
202,turn 5,absent,E
203,turn 1,present,E
203,turn 2,absent,E
203,turn 3,absent,E
203,turn 4,present,E
203,turn 5,present,E
203,turn 6,not_evidenced,E
204,turn 1,present,E
204,turn 2,absent,E
204,turn 3,not_evidenced,E
205,turn 1,present,B
205,turn 2,present,B
205,turn 3,present,B
205,turn 4,absent,B
205,turn 5,absent,B
205,turn 6,not_evidenced,B
205,turn 7,not_evidenced,B
206,turn 1,present,E
206,turn 2,present,E
206,turn 3,present,E
206,turn 4,absent,E
206,turn 5,absent,E
206,turn 6,absent,E
207,turn 1,present,D
207,turn 2,present,D
207,turn 3,present,D
207,turn 4,present,D
207,turn 5,absent,D
207,turn 6,not_evidenced,D
208,turn 1,present,A
208,turn 2,present,A
208,turn 3,absent,A
208,turn 4,absent,A
209,turn 1,present,F
209,turn 2,present,F
209,turn 3,present,F
209,turn 4,present,F
209,turn 5,present,F
209,turn 6,present,F
209,turn 7,present,F
209,turn 8,absent,F
209,turn 9,absent,F
210,turn 1,not_evidenced,C
210,turn 2,present,C
210,turn 3,present,C
210,turn 4,present,C
210,turn 5,present,C
210,turn 6,not_evidenced,C
210,turn 7,present,C
210,turn 8,absent,C
210,turn 9,absent,C
211,turn 1,present,B
211,turn 2,absent,B
211,turn 3,absent,B
211,turn 4,present,B
212,turn 1,present,A
212,turn 2,present,A
212,turn 3,present,A
212,turn 4,present,A
212,turn 5,present,A
212,turn 6,present,A
212,turn 7,present,A
213,turn 1,present,D
213,turn 2,absent,D
213,turn 3,absent,D
213,turn 4,absent,D
214,turn 1,present,B
214,turn 2,not_evidenced,B
214,turn 3,present,B
214,turn 4,not_evidenced,B
214,turn 5,present,B
214,turn 6,present,B
214,turn 7,not_evidenced,B
214,turn 8,present,B
214,turn 9,absent,B
214,turn 10,absent,B
215,turn 1,not_evidenced,D
215,turn 2,present,D
215,turn 3,present,D
215,turn 4,present,D
216,turn 1,present,E
216,turn 2,absent,E
217,turn 1,not_evidenced,E
217,turn 2,present,E
217,turn 3,absent,E
217,turn 4,absent,E
217,turn 5,absent,E
218,turn 1,present,D
218,turn 2,absent,D
218,turn 3,absent,D
219,turn 1,present,E
219,turn 2,present,E
219,turn 3,present,E
219,turn 4,absent,E
220,turn 1,present,E
220,turn 2,absent,E
220,turn 3,not_evidenced,E
220,turn 4,absent,E
220,turn 5,absent,E
220,turn 6,not_evidenced,E
221,turn 1,present,C
221,turn 2,not_evidenced,C
221,turn 3,present,C
221,turn 4,not_evidenced,C
221,turn 5,present,C
221,turn 6,present,C
221,turn 7,absent,C
221,turn 8,present,C
221,turn 9,absent,C
222,turn 1,present,B
222,turn 2,present,B
222,turn 3,present,B
222,turn 4,present,B
222,turn 5,present,B
222,turn 6,present,B
222,turn 7,present,B
222,turn 8,present,B
222,turn 9,present,B
222,turn 10,absent,B
222,turn 11,absent,B
222,turn 12,absent,B
222,turn 13,absent,B
222,turn 14,absent,B
222,turn 15,present,B
222,turn 16,present,B
223,turn 1,present,C
223,turn 2,present,C
223,turn 3,present,C
225,turn 1,present,F
225,turn 2,present,F
225,turn 3,not_evidenced,F
225,turn 4,present,F
225,turn 5,absent,F
225,turn 6,not_evidenced,F
226,turn 1,present,A
226,turn 2,not_evidenced,A
226,turn 3,absent,A
226,turn 4,absent,A
226,turn 5,absent,A
226,turn 6,absent,A
227,turn 1,present,F
227,turn 2,absent,F
227,turn 3,absent,F
227,turn 4,present,F
227,turn 5,present,F
227,turn 6,present,F
227,turn 7,present,F
227,turn 8,present,F
227,turn 9,present,F
227,turn 10,present,F
227,turn 11,absent,F
228,turn 1,present,D
228,turn 2,present,D
228,turn 3,present,D
228,turn 4,present,D
228,turn 5,present,D
228,turn 6,present,D
228,turn 7,present,D
228,turn 8,not_evidenced,D
228,turn 9,present,D
228,turn 10,present,D
228,turn 11,present,D
229,turn 1,present,F
229,turn 2,present,F
229,turn 3,absent,F
229,turn 4,absent,F
229,turn 5,present,F
231,turn 1,present,B
231,turn 2,absent,B
231,turn 3,present,B
231,turn 4,present,B
231,turn 5,absent,B
232,turn 1,present,B
232,turn 2,absent,B
232,turn 3,absent,B
232,turn 4,not_evidenced,B
233,turn 1,present,A
233,turn 2,present,A
233,turn 3,present,A
233,turn 4,absent,A
233,turn 5,absent,A
233,turn 6,not_evidenced,A
234,turn 1,present,D
234,turn 2,present,D
234,turn 3,present,D
234,turn 4,present,D
234,turn 5,not_evidenced,D
234,turn 6,present,D
234,turn 7,present,D
234,turn 8,absent,D
234,turn 9,absent,D
235,turn 1,present,C
235,turn 2,absent,C
235,turn 3,absent,C
236,turn 1,present,F
236,turn 2,not_evidenced,F
236,turn 3,not_evidenced,F
236,turn 4,present,F
236,turn 5,absent,F
236,turn 6,present,F
236,turn 7,absent,F
236,turn 8,absent,F
236,turn 9,absent,F
236,turn 10,absent,F
236,turn 11,absent,F
236,turn 12,not_evidenced,F
237,turn 1,present,D
237,turn 2,absent,D
237,turn 3,present,D
237,turn 4,absent,D
237,turn 5,absent,D
237,turn 6,present,D
237,turn 7,present,D
237,turn 8,not_evidenced,D
239,turn 1,present,B
239,turn 2,present,B
239,turn 3,absent,B
240,turn 1,present,C
240,turn 2,absent,C
240,turn 3,not_evidenced,C
241,turn 1,present,F
241,turn 2,absent,F
241,turn 3,present,F
241,turn 4,present,F
241,turn 5,present,F
241,turn 6,absent,F
241,turn 7,absent,F
241,turn 8,not_evidenced,F
241,turn 9,not_evidenced,F
242,turn 1,present,F
242,turn 2,present,F
242,turn 3,present,F
242,turn 4,not_evidenced,F
242,turn 5,present,F
242,turn 6,absent,F
243,turn 1,present,C
243,turn 2,absent,C
243,turn 3,not_evidenced,C
243,turn 4,absent,C
243,turn 5,absent,C
243,turn 6,absent,C
243,turn 7,absent,C
244,turn 1,present,D
244,turn 2,present,D
244,turn 3,present,D
244,turn 4,present,D
244,turn 5,absent,D
244,turn 6,present,D
244,turn 7,present,D
244,turn 8,present,D
244,turn 9,present,D
244,turn 10,absent,D
245,turn 1,present,E
245,turn 2,not_evidenced,E
245,turn 3,not_evidenced,E
245,turn 4,not_evidenced,E
245,turn 5,absent,E
245,turn 6,present,E
245,turn 7,present,E
245,turn 8,present,E
245,turn 9,absent,E
246,turn 1,not_evidenced,E
246,turn 2,absent,E
246,turn 3,absent,E
246,turn 4,absent,E
246,turn 5,absent,E
246,turn 6,absent,E
247,turn 1,not_evidenced,B
247,turn 2,not_evidenced,B
247,turn 3,present,B
247,turn 4,not_evidenced,B
247,turn 5,absent,B
247,turn 6,not_evidenced,B
247,turn 7,not_evidenced,B
248,turn 1,not_evidenced,B
248,turn 2,absent,B
248,turn 3,absent,B
248,turn 4,not_evidenced,B
248,turn 5,not_evidenced,B
248,turn 6,not_evidenced,B
248,turn 7,not_evidenced,B
249,turn 1,present,B
249,turn 2,absent,B
249,turn 3,absent,B
249,turn 4,not_evidenced,B
250,turn 1,present,A
250,turn 2,present,A
250,turn 3,not_evidenced,A
250,turn 4,present,A
250,turn 5,present,A
250,turn 6,not_evidenced,A
250,turn 7,not_evidenced,A
251,turn 1,present,B
251,turn 2,present,B
251,turn 3,present,B
251,turn 4,present,B
251,turn 5,present,B
252,turn 1,present,C
252,turn 2,present,C
252,turn 3,present,C
252,turn 4,absent,C
253,turn 1,present,A
253,turn 2,not_evidenced,A
253,turn 3,not_evidenced,A
254,turn 1,present,E
254,turn 2,not_evidenced,E
254,turn 3,not_evidenced,E
254,turn 4,present,E
254,turn 5,absent,E
254,turn 6,absent,E
255,turn 1,present,A
255,turn 2,not_evidenced,A
255,turn 3,not_evidenced,A
255,turn 4,not_evidenced,A
255,turn 5,present,A
255,turn 6,present,A
255,turn 7,not_evidenced,A
255,turn 8,present,A
255,turn 9,absent,A
255,turn 10,present,A
256,turn 1,present,A
256,turn 2,not_evidenced,A
256,turn 3,absent,A
256,turn 4,absent,A
257,turn 1,present,C
257,turn 2,absent,C
257,turn 3,absent,C
257,turn 4,absent,C
258,turn 1,present,E
258,turn 2,absent,E
258,turn 3,absent,E
259,turn 1,present,A
259,turn 2,not_evidenced,A
259,turn 3,absent,A
259,turn 4,not_evidenced,A
259,turn 5,absent,A
259,turn 6,present,A
259,turn 7,present,A
259,turn 8,present,A
259,turn 9,present,A
260,turn 1,present,F
260,turn 2,absent,F
260,turn 3,not_evidenced,F
261,turn 1,present,F
261,turn 2,present,F
261,turn 3,present,F
261,turn 4,present,F
261,turn 5,present,F
261,turn 6,absent,F
261,turn 7,present,F
261,turn 8,absent,F
262,turn 1,present,F
262,turn 2,not_evidenced,F
262,turn 3,present,F
262,turn 4,not_evidenced,F
262,turn 5,present,F
262,turn 6,present,F
262,turn 7,not_evidenced,F
262,turn 8,present,F
262,turn 9,not_evidenced,F
262,turn 10,present,F
263,turn 1,not_evidenced,F
263,turn 2,absent,F
263,turn 3,present,F
263,turn 4,present,F
263,turn 5,present,F
263,turn 6,present,F
263,turn 7,present,F
263,turn 8,absent,F
263,turn 9,present,F
263,turn 10,present,F
264,turn 1,present,E
264,turn 2,absent,E
264,turn 3,absent,E
265,turn 1,present,E
265,turn 2,present,E
265,turn 3,present,E
265,turn 4,present,E
265,turn 5,not_evidenced,E
265,turn 6,absent,E
265,turn 7,present,E
265,turn 8,present,E
265,turn 9,absent,E
266,turn 1,present,F
266,turn 2,absent,F
266,turn 3,absent,F
266,turn 4,absent,F
266,turn 5,not_evidenced,F
267,turn 1,present,B
267,turn 2,present,B
267,turn 3,present,B
267,turn 4,present,B
267,turn 5,present,B
267,turn 6,present,B
267,turn 7,absent,B
268,turn 1,present,D
268,turn 2,absent,D
268,turn 3,present,D
268,turn 4,present,D
268,turn 5,present,D
268,turn 6,absent,D
269,turn 1,present,B
269,turn 2,absent,B
269,turn 3,present,B
269,turn 4,present,B
269,turn 5,absent,B
269,turn 6,absent,B
270,turn 1,present,A
270,turn 2,present,A
270,turn 3,present,A
270,turn 4,present,A
270,turn 5,present,A
270,turn 6,absent,A
270,turn 7,absent,A
270,turn 8,not_evidenced,A
270,turn 9,present,A
270,turn 10,present,A
271,turn 1,present,E
271,turn 2,not_evidenced,E
271,turn 3,present,E
271,turn 4,present,E
271,turn 5,present,E
271,turn 6,absent,E
271,turn 7,absent,E
272,turn 1,present,A
272,turn 2,not_evidenced,A
272,turn 3,not_evidenced,A
272,turn 4,present,A
272,turn 5,absent,A
273,turn 1,present,E
273,turn 2,present,E
273,turn 3,absent,E
274,turn 1,present,A
274,turn 2,present,A
274,turn 3,present,A
274,turn 4,present,A
274,turn 5,present,A
274,turn 6,absent,A
275,turn 1,present,F
275,turn 2,present,F
275,turn 3,present,F
275,turn 4,present,F
275,turn 5,absent,F
275,turn 6,not_evidenced,F
275,turn 7,not_evidenced,F
275,turn 8,not_evidenced,F
275,turn 9,present,F
275,turn 10,not_evidenced,F
276,turn 1,present,C
276,turn 2,present,C
276,turn 3,present,C
276,turn 4,present,C
276,turn 5,present,C
276,turn 6,absent,C
277,turn 1,present,E
277,turn 2,absent,E
277,turn 3,present,E
277,turn 4,absent,E
277,turn 5,not_evidenced,E
277,turn 6,not_evidenced,E
278,turn 1,absent,C
278,turn 2,present,C
278,turn 3,present,C
279,turn 1,present,E
279,turn 2,present,E
279,turn 3,absent,E
280,turn 1,present,C
280,turn 2,present,C
280,turn 3,not_evidenced,C
280,turn 4,present,C
280,turn 5,absent,C
280,turn 6,absent,C
281,turn 1,present,B
281,turn 2,absent,B
281,turn 3,not_evidenced,B
281,turn 4,absent,B
282,turn 1,present,B
282,turn 2,absent,B
282,turn 3,absent,B
282,turn 4,present,B
282,turn 5,absent,B
283,turn 1,present,F
283,turn 2,present,F
283,turn 3,present,F
283,turn 4,absent,F
283,turn 5,absent,F
283,turn 6,absent,F
283,turn 7,not_evidenced,F
284,turn 1,present,B
284,turn 2,present,B
284,turn 3,present,B
284,turn 4,absent,B
284,turn 5,present,B
284,turn 6,absent,B
285,turn 1,present,D
285,turn 2,absent,D
286,turn 1,not_evidenced,E
286,turn 2,absent,E
286,turn 3,present,E
286,turn 4,absent,E
287,turn 1,present,F
287,turn 2,not_evidenced,F
287,turn 3,absent,F
288,turn 1,not_evidenced,D
288,turn 2,absent,D
288,turn 3,present,D
288,turn 4,present,D
288,turn 5,present,D
288,turn 6,absent,D
288,turn 7,absent,D
288,turn 8,absent,D
289,turn 1,not_evidenced,D
289,turn 2,present,D
289,turn 3,present,D
289,turn 4,absent,D
290,turn 1,present,F
290,turn 2,present,F
290,turn 3,absent,F
290,turn 4,present,F
290,turn 5,present,F
290,turn 6,absent,F
290,turn 7,absent,F
290,turn 8,absent,F
290,turn 9,not_evidenced,F
291,turn 1,present,F
291,turn 2,present,F
291,turn 3,not_evidenced,F
292,turn 1,present,F
292,turn 2,present,F
292,turn 3,present,F
292,turn 4,absent,F
293,turn 1,present,E
293,turn 2,absent,E
293,turn 3,not_evidenced,E
294,turn 1,present,F
294,turn 2,present,F
294,turn 3,present,F
294,turn 4,present,F
294,turn 5,absent,F
294,turn 6,absent,F
294,turn 7,not_evidenced,F
294,turn 8,absent,F
295,turn 1,present,C
295,turn 2,present,C
295,turn 3,present,C
295,turn 4,absent,C
296,turn 1,present,C
296,turn 2,present,C
296,turn 3,absent,C
296,turn 4,absent,C
296,turn 5,absent,C
297,turn 1,absent,B
297,turn 2,absent,B
298,turn 1,present,C
298,turn 2,present,C
298,turn 3,absent,C
298,turn 4,absent,C
298,turn 5,not_evidenced,C
298,turn 6,not_evidenced,C
299,turn 1,absent,E
299,turn 2,not_evidenced,E
300,turn 1,present,F
300,turn 2,present,F
300,turn 3,present,F
300,turn 4,not_evidenced,F
300,turn 5,absent,F
301,turn 1,present,C
301,turn 2,absent,C
301,turn 3,present,C
301,turn 4,present,C
301,turn 5,not_evidenced,C
302,turn 1,present,B
302,turn 2,absent,B
302,turn 3,present,B
302,turn 4,present,B
302,turn 5,not_evidenced,B
303,turn 1,present,C
303,turn 2,absent,C
304,turn 1,present,F
304,turn 2,not_evidenced,F
304,turn 3,present,F
304,turn 4,absent,F
304,turn 5,absent,F
304,turn 6,absent,F
304,turn 7,not_evidenced,F
305,turn 1,present,D
305,turn 2,present,D
305,turn 3,not_evidenced,D
306,turn 1,present,A
306,turn 2,present,A
306,turn 3,present,A
306,turn 4,present,A
306,turn 5,present,A
306,turn 6,present,A
306,turn 7,present,A
306,turn 8,present,A
306,turn 9,absent,A
307,turn 1,present,F
307,turn 2,absent,F
308,turn 1,present,A
308,turn 2,not_evidenced,A
308,turn 3,not_evidenced,A
308,turn 4,absent,A
309,turn 1,present,C
309,turn 2,present,C
309,turn 3,present,C
309,turn 4,absent,C
309,turn 5,present,C
309,turn 6,present,C
309,turn 7,present,C
309,turn 8,present,C
309,turn 9,absent,C
310,turn 1,present,F
310,turn 2,present,F
311,turn 1,absent,D
311,turn 2,absent,D
312,turn 1,present,D
312,turn 2,absent,D
312,turn 3,present,D
312,turn 4,not_evidenced,D
313,turn 1,present,A
313,turn 2,absent,A
313,turn 3,absent,A
314,turn 1,absent,C
314,turn 2,present,C
314,turn 3,present,C
314,turn 4,absent,C
315,turn 1,not_evidenced,D
315,turn 2,present,D
315,turn 3,present,D
315,turn 4,absent,D
315,turn 5,absent,D
316,turn 1,present,F
316,turn 2,present,F
316,turn 3,present,F
316,turn 4,present,F
316,turn 5,present,F
316,turn 6,present,F
317,turn 1,present,F
317,turn 2,present,F
317,turn 3,present,F
317,turn 4,present,F
317,turn 5,absent,F
318,turn 1,absent,D
318,turn 2,not_evidenced,D
318,turn 3,present,D
318,turn 4,present,D
318,turn 5,not_evidenced,D
318,turn 6,absent,D
319,turn 1,absent,B
319,turn 2,absent,B
320,turn 1,present,F
320,turn 2,not_evidenced,F
320,turn 3,present,F
320,turn 4,present,F
320,turn 5,present,F
320,turn 6,absent,F
320,turn 7,absent,F
321,turn 1,absent,C
321,turn 2,present,C
321,turn 3,present,C
321,turn 4,absent,C
321,turn 5,absent,C
321,turn 6,present,C
321,turn 7,present,C
321,turn 8,absent,C
321,turn 9,present,C
321,turn 10,present,C
321,turn 11,not_evidenced,C
321,turn 12,present,C
321,turn 13,present,C
322,turn 1,present,C
322,turn 2,present,C
322,turn 3,absent,C
322,turn 4,present,C
322,turn 5,present,C
322,turn 6,absent,C
323,turn 1,absent,B
323,turn 2,not_evidenced,B
323,turn 3,not_evidenced,B
323,turn 4,present,B
323,turn 5,present,B
323,turn 6,present,B
323,turn 7,present,B
323,turn 8,absent,B
324,turn 1,present,D
324,turn 2,absent,D
325,turn 1,present,B
325,turn 2,present,B
325,turn 3,present,B
325,turn 4,absent,B
326,turn 1,present,C
326,turn 2,present,C
326,turn 3,present,C
326,turn 4,absent,C
326,turn 5,present,C
326,turn 6,present,C
326,turn 7,absent,C
326,turn 8,present,C
326,turn 9,absent,C
326,turn 10,not_evidenced,C
327,turn 1,present,C
327,turn 2,not_evidenced,C
327,turn 3,absent,C
327,turn 4,present,C
327,turn 5,absent,C
328,turn 1,present,B
328,turn 2,absent,B
329,turn 1,present,A
329,turn 2,present,A
329,turn 3,absent,A
329,turn 4,present,A
329,turn 5,absent,A
329,turn 6,absent,A
330,turn 1,present,C
330,turn 2,present,C
330,turn 3,absent,C
330,turn 4,present,C
330,turn 5,absent,C
331,turn 1,present,E
331,turn 2,present,E
331,turn 3,not_evidenced,E
331,turn 4,absent,E
331,turn 5,present,E
331,turn 6,present,E
331,turn 7,absent,E
331,turn 8,not_evidenced,E
331,turn 9,present,E
331,turn 10,present,E
331,turn 11,not_evidenced,E
332,turn 1,present,E
332,turn 2,absent,E
332,turn 3,present,E
332,turn 4,absent,E
332,turn 5,not_evidenced,E
332,turn 6,not_evidenced,E
332,turn 7,not_evidenced,E
332,turn 8,absent,E
333,turn 1,present,D
333,turn 2,absent,D
333,turn 3,present,D
333,turn 4,present,D
333,turn 5,present,D
333,turn 6,present,D
333,turn 7,present,D
333,turn 8,present,D
334,turn 1,present,E
334,turn 2,present,E
334,turn 3,present,E
334,turn 4,present,E
334,turn 5,not_evidenced,E
334,turn 6,present,E
334,turn 7,present,E
334,turn 8,present,E
334,turn 9,present,E
334,turn 10,absent,E
335,turn 1,present,D
335,turn 2,present,D
335,turn 3,present,D
335,turn 4,absent,D
335,turn 5,absent,D
336,turn 1,present,D
336,turn 2,absent,D
336,turn 3,present,D
336,turn 4,present,D
336,turn 5,present,D
336,turn 6,present,D
336,turn 7,present,D
336,turn 8,present,D
337,turn 1,present,D
337,turn 2,present,D
337,turn 3,present,D
337,turn 4,absent,D
338,turn 1,present,E
338,turn 2,absent,E
338,turn 3,absent,E
338,turn 4,absent,E
339,turn 1,present,B
339,turn 2,present,B
339,turn 3,absent,B
340,turn 1,present,F
340,turn 2,absent,F
341,turn 1,present,D
341,turn 2,present,D
341,turn 3,present,D
341,turn 4,absent,D
342,turn 1,present,C
342,turn 2,absent,C
343,turn 1,present,A
343,turn 2,present,A
343,turn 3,absent,A
343,turn 4,present,A
343,turn 5,present,A
343,turn 6,absent,A
343,turn 7,not_evidenced,A
343,turn 8,not_evidenced,A
344,turn 1,present,C
344,turn 2,absent,C
344,turn 3,absent,C
344,turn 4,absent,C
345,turn 1,present,E
345,turn 2,present,E
345,turn 3,absent,E
345,turn 4,absent,E
345,turn 5,absent,E
345,turn 6,absent,E
345,turn 7,not_evidenced,E
346,turn 1,not_evidenced,A
346,turn 2,present,A
346,turn 3,present,A
346,turn 4,present,A
346,turn 5,present,A
346,turn 6,present,A
346,turn 7,present,A
346,turn 8,absent,A
346,turn 9,absent,A
347,turn 1,not_evidenced,B
347,turn 2,present,B
347,turn 3,present,B
347,turn 4,present,B
347,turn 5,present,B
347,turn 6,present,B
347,turn 7,present,B
347,turn 8,absent,B
347,turn 9,present,B
347,turn 10,present,B
348,turn 1,present,D
348,turn 2,present,D
348,turn 3,absent,D
348,turn 4,present,D
348,turn 5,absent,D
348,turn 6,not_evidenced,D
348,turn 7,not_evidenced,D
349,turn 1,present,C
349,turn 2,not_evidenced,C
349,turn 3,present,C
349,turn 4,absent,C
349,turn 5,present,C
349,turn 6,present,C
349,turn 7,present,C
349,turn 8,absent,C
349,turn 9,present,C
350,turn 1,present,F
350,turn 2,absent,F
351,turn 1,present,E
351,turn 2,present,E
351,turn 3,absent,E
351,turn 4,present,E
351,turn 5,present,E
351,turn 6,absent,E
351,turn 7,present,E
352,turn 1,absent,B
352,turn 2,not_evidenced,B
352,turn 3,absent,B
352,turn 4,present,B
352,turn 5,present,B
352,turn 6,present,B
352,turn 7,present,B
352,turn 8,not_evidenced,B
352,turn 9,present,B
352,turn 10,absent,B
352,turn 11,present,B
353,turn 1,present,D
353,turn 2,present,D
353,turn 3,absent,D
353,turn 4,absent,D
354,turn 1,present,A
354,turn 2,absent,A
354,turn 3,present,A
354,turn 4,present,A
354,turn 5,not_evidenced,A
354,turn 6,absent,A
355,turn 1,present,A
355,turn 2,present,A
355,turn 3,not_evidenced,A
355,turn 4,present,A
355,turn 5,present,A
355,turn 6,present,A
355,turn 7,present,A
355,turn 8,present,A
355,turn 9,present,A
355,turn 10,present,A
356,turn 1,present,B
356,turn 2,present,B
356,turn 3,absent,B
356,turn 4,present,B
356,turn 5,absent,B
357,turn 1,not_evidenced,E
357,turn 2,not_evidenced,E
357,turn 3,present,E
357,turn 4,present,E
357,turn 5,present,E
357,turn 6,present,E
358,turn 1,present,E
358,turn 2,present,E
358,turn 3,absent,E
359,turn 1,present,D
359,turn 2,absent,D
359,turn 3,absent,D
359,turn 4,absent,D
359,turn 5,absent,D
359,turn 6,absent,D
359,turn 7,absent,D
360,turn 1,not_evidenced,B
360,turn 2,present,B
360,turn 3,present,B
360,turn 4,present,B
360,turn 5,not_evidenced,B
360,turn 6,not_evidenced,B
360,turn 7,absent,B
360,turn 8,present,B
360,turn 9,present,B
360,turn 10,absent,B
361,turn 1,absent,B
361,turn 2,not_evidenced,B
361,turn 3,not_evidenced,B
361,turn 4,present,B
361,turn 5,absent,B
361,turn 6,present,B
361,turn 7,present,B
361,turn 8,present,B
361,turn 9,absent,B
361,turn 10,absent,B
362,turn 1,not_evidenced,B
362,turn 2,present,B
363,turn 1,present,D
363,turn 2,not_evidenced,D
363,turn 3,present,D
363,turn 4,not_evidenced,D
363,turn 5,absent,D
363,turn 6,absent,D
364,turn 1,present,E
364,turn 2,absent,E
365,turn 1,present,A
365,turn 2,not_evidenced,A
365,turn 3,present,A
365,turn 4,present,A
365,turn 5,present,A
365,turn 6,present,A
365,turn 7,present,A
365,turn 8,present,A
365,turn 9,absent,A
366,turn 1,present,B
366,turn 2,present,B
366,turn 3,present,B
366,turn 4,present,B
366,turn 5,present,B
366,turn 6,present,B
366,turn 7,present,B
366,turn 8,present,B
366,turn 9,present,B
366,turn 10,absent,B
367,turn 1,present,F
367,turn 2,absent,F
367,turn 3,present,F
367,turn 4,present,F
367,turn 5,absent,F
367,turn 6,absent,F
367,turn 7,present,F
367,turn 8,present,F
367,turn 9,absent,F
368,turn 1,present,D
368,turn 2,present,D
368,turn 3,present,D
368,turn 4,absent,D
368,turn 5,present,D
368,turn 6,present,D
370,turn 1,present,C
370,turn 2,present,C
370,turn 3,absent,C
370,turn 4,present,C
370,turn 5,absent,C
370,turn 6,not_evidenced,C
371,turn 1,present,F
371,turn 2,present,F
371,turn 3,present,F
371,turn 4,absent,F
371,turn 5,absent,F
371,turn 6,not_evidenced,F
372,turn 1,present,C
372,turn 2,present,C
372,turn 3,absent,C
372,turn 4,absent,C
372,turn 5,absent,C
372,turn 6,absent,C
373,turn 1,not_evidenced,F
373,turn 2,not_evidenced,F
373,turn 3,not_evidenced,F
373,turn 4,not_evidenced,F
373,turn 5,present,F
373,turn 6,present,F
373,turn 7,absent,F
373,turn 8,present,F
373,turn 9,present,F
373,turn 10,absent,F
374,turn 1,absent,C
374,turn 2,absent,C
374,turn 3,absent,C
374,turn 4,absent,C
374,turn 5,not_evidenced,C
375,turn 1,present,F
375,turn 2,present,F
375,turn 3,absent,F
375,turn 4,absent,F
375,turn 5,absent,F
376,turn 1,present,E
376,turn 2,present,E
376,turn 3,present,E
376,turn 4,absent,E
376,turn 5,present,E
376,turn 6,present,E
376,turn 7,present,E
376,turn 8,absent,E
376,turn 9,absent,E
377,turn 1,present,A
377,turn 2,present,A
377,turn 3,present,A
377,turn 4,absent,A
377,turn 5,absent,A
378,turn 1,present,E
378,turn 2,present,E
378,turn 3,present,E
378,turn 4,present,E
378,turn 5,present,E
378,turn 6,not_evidenced,E
378,turn 7,present,E
378,turn 8,present,E
378,turn 9,present,E
378,turn 10,present,E
378,turn 11,present,E
378,turn 12,absent,E
378,turn 13,not_evidenced,E
379,turn 1,present,F
379,turn 2,present,F
379,turn 3,present,F
379,turn 4,present,F
379,turn 5,present,F
379,turn 6,present,F
379,turn 7,present,F
379,turn 8,not_evidenced,F
379,turn 9,present,F
379,turn 10,present,F
379,turn 11,not_evidenced,F
380,turn 1,not_evidenced,E
380,turn 2,present,E
380,turn 3,present,E
380,turn 4,present,E
380,turn 5,absent,E
380,turn 6,absent,E
381,turn 1,present,D
381,turn 2,present,D
381,turn 3,present,D
381,turn 4,present,D
381,turn 5,present,D
381,turn 6,present,D
381,turn 7,present,D
381,turn 8,present,D
382,turn 1,present,B
382,turn 2,present,B
382,turn 3,absent,B
384,turn 1,present,A
384,turn 2,present,A
384,turn 3,present,A
384,turn 4,absent,A
385,turn 1,present,F
385,turn 2,not_evidenced,F
385,turn 3,present,F
385,turn 4,absent,F
385,turn 5,absent,F
386,turn 1,present,A
386,turn 2,present,A
386,turn 3,present,A
386,turn 4,present,A
386,turn 5,absent,A
386,turn 6,absent,A
386,turn 7,present,A
386,turn 8,present,A
387,turn 1,absent,E
387,turn 2,absent,E
387,turn 3,present,E
387,turn 4,absent,E
388,turn 1,present,B
388,turn 2,absent,B
388,turn 3,absent,B
388,turn 4,absent,B
389,turn 1,present,B
389,turn 2,absent,B
389,turn 3,absent,B
389,turn 4,present,B
389,turn 5,absent,B
389,turn 6,absent,B
390,turn 1,present,F
390,turn 2,present,F
390,turn 3,absent,F
390,turn 4,not_evidenced,F
390,turn 5,absent,F
390,turn 6,present,F
390,turn 7,present,F
390,turn 8,present,F
390,turn 9,absent,F
390,turn 10,present,F
391,turn 1,present,E
391,turn 2,absent,E
391,turn 3,present,E
391,turn 4,present,E
391,turn 5,not_evidenced,E
391,turn 6,not_evidenced,E
391,turn 7,not_evidenced,E
391,turn 8,not_evidenced,E
391,turn 9,absent,E
392,turn 1,present,E
392,turn 2,absent,E
392,turn 3,present,E
392,turn 4,not_evidenced,E
392,turn 5,absent,E
392,turn 6,present,E
392,turn 7,present,E
392,turn 8,present,E
392,turn 9,not_evidenced,E
392,turn 10,absent,E
392,turn 11,not_evidenced,E
393,turn 1,present,F
393,turn 2,present,F
393,turn 3,present,F
393,turn 4,present,F
393,turn 5,absent,F
393,turn 6,present,F
393,turn 7,absent,F
393,turn 8,absent,F
393,turn 9,absent,F
393,turn 10,absent,F
394,turn 1,present,E
394,turn 2,not_evidenced,E
394,turn 3,present,E
394,turn 4,not_evidenced,E
394,turn 5,absent,E
394,turn 6,present,E
394,turn 7,absent,E
394,turn 8,absent,E
394,turn 9,present,E
394,turn 10,absent,E
395,turn 1,present,D
395,turn 2,present,D
395,turn 3,not_evidenced,D
395,turn 4,present,D
395,turn 5,present,D
395,turn 6,present,D
395,turn 7,present,D
395,turn 8,present,D
396,turn 1,present,A
396,turn 2,present,A
396,turn 3,absent,A
396,turn 4,absent,A
396,turn 5,absent,A
396,turn 6,present,A
396,turn 7,absent,A
396,turn 8,present,A
396,turn 9,not_evidenced,A
397,turn 1,present,D
397,turn 2,absent,D
397,turn 3,not_evidenced,D
397,turn 4,not_evidenced,D
397,turn 5,present,D
397,turn 6,absent,D
397,turn 7,absent,D
398,turn 1,absent,F
398,turn 2,absent,F
398,turn 3,absent,F
398,turn 4,absent,F
398,turn 5,not_evidenced,F
398,turn 6,not_evidenced,F
398,turn 7,not_evidenced,F
399,turn 1,present,F
399,turn 2,present,F
399,turn 3,present,F
399,turn 4,present,F
399,turn 5,absent,F
399,turn 6,not_evidenced,F
399,turn 7,not_evidenced,F
399,turn 8,present,F
399,turn 9,present,F
399,turn 10,present,F
400,turn 1,absent,A
400,turn 2,absent,A
400,turn 3,present,A
400,turn 4,absent,A
401,turn 1,absent,C
401,turn 2,absent,C
401,turn 3,not_evidenced,C
402,turn 1,not_evidenced,E
402,turn 2,present,E
402,turn 3,present,E
402,turn 4,absent,E
402,turn 5,present,E
402,turn 6,absent,E
403,turn 1,not_evidenced,A
403,turn 2,absent,A
404,turn 1,not_evidenced,A
404,turn 2,absent,A
404,turn 3,absent,A
404,turn 4,absent,A
405,turn 1,present,C
405,turn 2,not_evidenced,C
405,turn 3,present,C
405,turn 4,not_evidenced,C
405,turn 5,not_evidenced,C
405,turn 6,present,C
405,turn 7,present,C
405,turn 8,present,C
405,turn 9,not_evidenced,C
406,turn 1,present,F
406,turn 2,present,F
406,turn 3,present,F
406,turn 4,present,F
406,turn 5,absent,F
406,turn 6,present,F
406,turn 7,present,F
406,turn 8,present,F
406,turn 9,not_evidenced,F
407,turn 1,present,C
407,turn 2,present,C
407,turn 3,present,C
407,turn 4,present,C
407,turn 5,absent,C
407,turn 6,absent,C
408,turn 1,present,E
408,turn 2,present,E
408,turn 3,present,E
408,turn 4,absent,E
408,turn 5,absent,E
408,turn 6,present,E
408,turn 7,absent,E
408,turn 8,present,E
408,turn 9,not_evidenced,E
409,turn 1,present,D
409,turn 2,present,D
409,turn 3,present,D
409,turn 4,not_evidenced,D
409,turn 5,absent,D
409,turn 6,absent,D
409,turn 7,absent,D
409,turn 8,not_evidenced,D
410,turn 1,present,C
410,turn 2,absent,C
410,turn 3,present,C
410,turn 4,present,C
410,turn 5,present,C
410,turn 6,present,C
410,turn 7,not_evidenced,C
410,turn 8,present,C
410,turn 9,present,C
410,turn 10,present,C
411,turn 1,absent,F
411,turn 2,absent,F
411,turn 3,present,F
411,turn 4,present,F
411,turn 5,present,F
411,turn 6,present,F
412,turn 1,present,B
412,turn 2,present,B
412,turn 3,present,B
412,turn 4,not_evidenced,B
413,turn 1,not_evidenced,A
413,turn 2,present,A
413,turn 3,present,A
413,turn 4,present,A
413,turn 5,absent,A
414,turn 1,absent,A
414,turn 2,absent,A
415,turn 1,absent,E
415,turn 2,absent,E
415,turn 3,absent,E
415,turn 4,absent,E
415,turn 5,not_evidenced,E
416,turn 1,not_evidenced,D
416,turn 2,absent,D
416,turn 3,absent,D
416,turn 4,absent,D
416,turn 5,absent,D
417,turn 1,present,C
417,turn 2,present,C
417,turn 3,not_evidenced,C
417,turn 4,not_evidenced,C
417,turn 5,absent,C
417,turn 6,present,C
417,turn 7,absent,C
417,turn 8,absent,C
418,turn 1,not_evidenced,D
418,turn 2,absent,D
418,turn 3,absent,D
418,turn 4,absent,D
418,turn 5,present,D
418,turn 6,present,D
418,turn 7,present,D
418,turn 8,present,D
418,turn 9,absent,D
418,turn 10,absent,D
419,turn 1,not_evidenced,C
419,turn 2,absent,C
419,turn 3,absent,C
420,turn 1,present,A
420,turn 2,absent,A
420,turn 3,present,A
420,turn 4,present,A
420,turn 5,present,A
420,turn 6,absent,A
421,turn 1,present,A
421,turn 2,present,A
421,turn 3,present,A
421,turn 4,absent,A
422,turn 1,present,A
422,turn 2,absent,A
422,turn 3,not_evidenced,A
422,turn 4,absent,A
423,turn 1,present,D
423,turn 2,not_evidenced,D
423,turn 3,not_evidenced,D
423,turn 4,absent,D
423,turn 5,absent,D
424,turn 1,absent,C
424,turn 2,absent,C
424,turn 3,present,C
424,turn 4,not_evidenced,C
424,turn 5,absent,C
425,turn 1,present,A
425,turn 2,not_evidenced,A
425,turn 3,present,A
425,turn 4,not_evidenced,A
425,turn 5,absent,A
425,turn 6,not_evidenced,A
425,turn 7,absent,A
425,turn 8,absent,A
426,turn 1,present,E
426,turn 2,not_evidenced,E
426,turn 3,present,E
426,turn 4,absent,E
427,turn 1,present,F
427,turn 2,not_evidenced,F
427,turn 3,not_evidenced,F
428,turn 1,absent,E
428,turn 2,not_evidenced,E
428,turn 3,absent,E
428,turn 4,absent,E
428,turn 5,absent,E
428,turn 6,not_evidenced,E
428,turn 7,not_evidenced,E
428,turn 8,not_evidenced,E
428,turn 9,absent,E
428,turn 10,absent,E
428,turn 11,absent,E
428,turn 12,not_evidenced,E
429,turn 1,present,B
429,turn 2,absent,B
429,turn 3,present,B
429,turn 4,absent,B
430,turn 1,present,F
430,turn 2,absent,F
430,turn 3,present,F
430,turn 4,not_evidenced,F
430,turn 5,absent,F
430,turn 6,not_evidenced,F
430,turn 7,absent,F
431,turn 1,not_evidenced,A
431,turn 2,present,A
431,turn 3,present,A
431,turn 4,present,A
431,turn 5,absent,A
431,turn 6,absent,A
431,turn 7,present,A
431,turn 8,absent,A
432,turn 1,absent,D
432,turn 2,present,D
432,turn 3,present,D
432,turn 4,absent,D
432,turn 5,absent,D
432,turn 6,absent,D
432,turn 7,absent,D
433,turn 1,present,C
433,turn 2,present,C
433,turn 3,present,C
433,turn 4,absent,C
433,turn 5,not_evidenced,C
434,turn 1,not_evidenced,C
434,turn 2,present,C
434,turn 3,not_evidenced,C
434,turn 4,present,C
434,turn 5,present,C
434,turn 6,not_evidenced,C
434,turn 7,not_evidenced,C
434,turn 8,not_evidenced,C
434,turn 9,not_evidenced,C
434,turn 10,absent,C
434,turn 11,absent,C
434,turn 12,not_evidenced,C
435,turn 1,not_evidenced,E
435,turn 2,not_evidenced,E
435,turn 3,present,E
435,turn 4,present,E
435,turn 5,present,E
435,turn 6,present,E
435,turn 7,absent,E
435,turn 8,absent,E
435,turn 9,absent,E
435,turn 10,absent,E
435,turn 11,absent,E
436,turn 1,not_evidenced,A
436,turn 2,absent,A
436,turn 3,present,A
436,turn 4,absent,A
436,turn 5,absent,A
436,turn 6,absent,A
436,turn 7,absent,A
436,turn 8,absent,A
437,turn 1,not_evidenced,D
437,turn 2,not_evidenced,D
437,turn 3,absent,D
437,turn 4,absent,D
438,turn 1,not_evidenced,A
438,turn 2,not_evidenced,A
438,turn 3,present,A
438,turn 4,present,A
438,turn 5,not_evidenced,A
438,turn 6,absent,A
438,turn 7,not_evidenced,A
438,turn 8,present,A
438,turn 9,present,A
438,turn 10,absent,A
439,turn 1,present,D
439,turn 2,present,D
440,turn 1,present,D
440,turn 2,present,D
440,turn 3,absent,D
440,turn 4,not_evidenced,D
441,turn 1,absent,E
441,turn 2,absent,E
441,turn 3,present,E
441,turn 4,present,E
441,turn 5,present,E
441,turn 6,present,E
441,turn 7,present,E
441,turn 8,present,E
441,turn 9,absent,E
441,turn 10,not_evidenced,E
442,turn 1,absent,A
442,turn 2,not_evidenced,A
443,turn 1,present,F
443,turn 2,present,F
443,turn 3,present,F
443,turn 4,present,F
443,turn 5,present,F
443,turn 6,present,F
443,turn 7,absent,F
444,turn 1,present,B
444,turn 2,not_evidenced,B
445,turn 1,present,B
445,turn 2,absent,B
446,turn 1,present,D
446,turn 2,present,D
446,turn 3,present,D
446,turn 4,present,D
446,turn 5,present,D
446,turn 6,present,D
446,turn 7,present,D
446,turn 8,absent,D
446,turn 9,not_evidenced,D
446,turn 10,absent,D
446,turn 11,absent,D
446,turn 12,not_evidenced,D
447,turn 1,present,A
447,turn 2,present,A
447,turn 3,present,A
447,turn 4,present,A
447,turn 5,absent,A
448,turn 1,present,B
448,turn 2,absent,B
448,turn 3,absent,B
449,turn 1,present,B
449,turn 2,present,B
449,turn 3,present,B
449,turn 4,present,B
449,turn 5,present,B
449,turn 6,present,B
449,turn 7,absent,B
450,turn 1,present,F
450,turn 2,absent,F
450,turn 3,absent,F
450,turn 4,absent,F
450,turn 5,not_evidenced,F
451,turn 1,not_evidenced,C
451,turn 2,present,C
451,turn 3,present,C
451,turn 4,present,C
451,turn 5,absent,C
451,turn 6,present,C
451,turn 7,present,C
451,turn 8,present,C
451,turn 9,present,C
451,turn 10,present,C
452,turn 1,not_evidenced,F
452,turn 2,not_evidenced,F
452,turn 3,present,F
452,turn 4,present,F
452,turn 5,absent,F
452,turn 6,absent,F
452,turn 7,not_evidenced,F
453,turn 1,not_evidenced,B
453,turn 2,present,B
453,turn 3,present,B
453,turn 4,present,B
453,turn 5,absent,B
454,turn 1,present,E
454,turn 2,absent,E
454,turn 3,absent,E
454,turn 4,not_evidenced,E
455,turn 1,present,B
455,turn 2,present,B
455,turn 3,absent,B
455,turn 4,not_evidenced,B
456,turn 1,present,F
456,turn 2,not_evidenced,F
456,turn 3,present,F
456,turn 4,not_evidenced,F
456,turn 5,absent,F
456,turn 6,not_evidenced,F
457,turn 1,present,F
457,turn 2,present,F
457,turn 3,absent,F
457,turn 4,present,F
457,turn 5,absent,F
457,turn 6,present,F
457,turn 7,present,F
457,turn 8,absent,F
457,turn 9,not_evidenced,F
458,turn 1,present,D
458,turn 2,present,D
458,turn 3,present,D
458,turn 4,absent,D
458,turn 5,present,D
458,turn 6,absent,D
458,turn 7,absent,D
458,turn 8,not_evidenced,D
459,turn 1,not_evidenced,C
459,turn 2,present,C
459,turn 3,absent,C
459,turn 4,absent,C
459,turn 5,absent,C
460,turn 1,not_evidenced,C
460,turn 2,present,C
460,turn 3,present,C
460,turn 4,absent,C
460,turn 5,present,C
460,turn 6,present,C
460,turn 7,present,C
460,turn 8,present,C
460,turn 9,present,C
460,turn 10,absent,C
460,turn 11,present,C
461,turn 1,absent,B
461,turn 2,absent,B
462,turn 1,absent,A
462,turn 2,absent,A
462,turn 3,absent,A
462,turn 4,absent,A
462,turn 5,present,A
462,turn 6,present,A
462,turn 7,present,A
462,turn 8,present,A
462,turn 9,present,A
462,turn 10,absent,A
463,turn 1,present,B
463,turn 2,absent,B
463,turn 3,absent,B
463,turn 4,present,B
463,turn 5,absent,B
464,turn 1,absent,D
464,turn 2,present,D
464,turn 3,present,D
464,turn 4,absent,D
464,turn 5,not_evidenced,D
464,turn 6,not_evidenced,D
464,turn 7,present,D
464,turn 8,absent,D
464,turn 9,present,D
464,turn 10,absent,D
465,turn 1,present,C
465,turn 2,absent,C
466,turn 1,not_evidenced,B
466,turn 2,absent,B
466,turn 3,absent,B
466,turn 4,absent,B
467,turn 1,present,D
467,turn 2,absent,D
468,turn 1,absent,D
468,turn 2,absent,D
468,turn 3,absent,D
469,turn 1,present,F
469,turn 2,present,F
470,turn 1,present,A
470,turn 2,present,A
470,turn 3,absent,A
471,turn 1,present,D
471,turn 2,present,D
471,turn 3,present,D
471,turn 4,absent,D
472,turn 1,present,E
472,turn 2,present,E
472,turn 3,present,E
472,turn 4,absent,E
473,turn 1,present,D
473,turn 2,absent,D
473,turn 3,present,D
473,turn 4,not_evidenced,D
474,turn 1,present,C
474,turn 2,absent,C
474,turn 3,not_evidenced,C
474,turn 4,absent,C
475,turn 1,present,A
475,turn 2,absent,A
475,turn 3,present,A
475,turn 4,present,A
475,turn 5,present,A
475,turn 6,present,A
476,turn 1,present,F
476,turn 2,present,F
476,turn 3,not_evidenced,F
476,turn 4,not_evidenced,F
476,turn 5,not_evidenced,F
477,turn 1,not_evidenced,F
477,turn 2,not_evidenced,F
477,turn 3,absent,F
478,turn 1,absent,C
478,turn 2,absent,C
478,turn 3,absent,C
478,turn 4,not_evidenced,C
479,turn 1,present,F
479,turn 2,absent,F
479,turn 3,not_evidenced,F
479,turn 4,absent,F
479,turn 5,not_evidenced,F
479,turn 6,not_evidenced,F
480,turn 1,absent,F
480,turn 2,absent,F
481,turn 1,absent,E
481,turn 2,absent,E
481,turn 3,absent,E
481,turn 4,absent,E
482,turn 1,present,F
482,turn 2,absent,F
482,turn 3,not_evidenced,F
483,turn 1,present,A
483,turn 2,present,A
483,turn 3,present,A
483,turn 4,present,A
483,turn 5,present,A
483,turn 6,present,A
483,turn 7,present,A
483,turn 8,present,A
483,turn 9,not_evidenced,A
484,turn 1,present,D
484,turn 2,present,D
484,turn 3,absent,D
484,turn 4,present,D
484,turn 5,present,D
484,turn 6,present,D
484,turn 7,present,D
484,turn 8,absent,D
484,turn 9,not_evidenced,D
485,turn 1,present,E
485,turn 2,present,E
485,turn 3,absent,E
486,turn 1,absent,D
486,turn 2,not_evidenced,D
486,turn 3,absent,D
486,turn 4,present,D
487,turn 1,not_evidenced,E
487,turn 2,present,E
487,turn 3,present,E
487,turn 4,not_evidenced,E
487,turn 5,present,E
487,turn 6,absent,E
488,turn 1,absent,C
488,turn 2,absent,C
488,turn 3,absent,C
489,turn 1,present,A
489,turn 2,absent,A
489,turn 3,absent,A
489,turn 4,not_evidenced,A
489,turn 5,absent,A
490,turn 1,present,F
490,turn 2,absent,F
491,turn 1,present,A
491,turn 2,present,A
491,turn 3,absent,A
491,turn 4,absent,A
491,turn 5,not_evidenced,A
492,turn 1,present,B
492,turn 2,absent,B
492,turn 3,present,B
492,turn 4,absent,B
492,turn 5,absent,B
493,turn 1,present,E
493,turn 2,absent,E
494,turn 1,present,E
494,turn 2,present,E
494,turn 3,present,E
494,turn 4,present,E
494,turn 5,present,E
494,turn 6,present,E
494,turn 7,present,E
494,turn 8,present,E
495,turn 1,present,B
495,turn 2,present,B
495,turn 3,present,B
495,turn 4,absent,B
495,turn 5,absent,B
495,turn 6,absent,B
496,turn 1,present,F
496,turn 2,not_evidenced,F
496,turn 3,present,F
496,turn 4,present,F
496,turn 5,not_evidenced,F
496,turn 6,present,F
496,turn 7,not_evidenced,F
496,turn 8,present,F
496,turn 9,present,F
496,turn 10,not_evidenced,F
496,turn 11,absent,F
497,turn 1,present,D
497,turn 2,present,D
497,turn 3,present,D
497,turn 4,not_evidenced,D
497,turn 5,present,D
497,turn 6,present,D
497,turn 7,not_evidenced,D
498,turn 1,present,A
498,turn 2,present,A
498,turn 3,present,A
498,turn 4,absent,A
499,turn 1,present,D
499,turn 2,present,D
499,turn 3,present,D
499,turn 4,absent,D
499,turn 5,present,D
499,turn 6,absent,D
500,turn 1,present,F
500,turn 2,present,F
500,turn 3,absent,F
501,turn 1,present,D
501,turn 2,present,D
501,turn 3,absent,D
501,turn 4,absent,D
501,turn 5,present,D
501,turn 6,absent,D
501,turn 7,present,D
501,turn 8,present,D
502,turn 1,present,B
502,turn 2,absent,B
502,turn 3,present,B
502,turn 4,not_evidenced,B
502,turn 5,not_evidenced,B
502,turn 6,absent,B
502,turn 7,absent,B
503,turn 1,present,C
503,turn 2,present,C
503,turn 3,absent,C
503,turn 4,present,C
503,turn 5,absent,C
503,turn 6,present,C
503,turn 7,present,C
503,turn 8,present,C
503,turn 9,absent,C
504,turn 1,present,E
504,turn 2,present,E
504,turn 3,absent,E
504,turn 4,not_evidenced,E
504,turn 5,present,E
504,turn 6,absent,E
505,turn 1,present,E
505,turn 2,present,E
505,turn 3,present,E
505,turn 4,absent,E
505,turn 5,present,E
505,turn 6,absent,E
506,turn 1,present,F
506,turn 2,present,F
506,turn 3,present,F
506,turn 4,present,F
506,turn 5,absent,F
506,turn 6,present,F
506,turn 7,not_evidenced,F
506,turn 8,absent,F
506,turn 9,present,F
506,turn 10,absent,F
507,turn 1,present,E
507,turn 2,not_evidenced,E
507,turn 3,absent,E
508,turn 1,present,E
508,turn 2,absent,E
508,turn 3,present,E
508,turn 4,present,E
508,turn 5,absent,E
508,turn 6,present,E
508,turn 7,present,E
508,turn 8,absent,E
508,turn 9,present,E
508,turn 10,present,E
509,turn 1,absent,C
509,turn 2,not_evidenced,C
509,turn 3,present,C
509,turn 4,present,C
509,turn 5,present,C
509,turn 6,absent,C
509,turn 7,absent,C
509,turn 8,not_evidenced,C
509,turn 9,not_evidenced,C
509,turn 10,not_evidenced,C
510,turn 1,not_evidenced,E
510,turn 2,present,E
510,turn 3,present,E
510,turn 4,present,E
510,turn 5,present,E
510,turn 6,present,E
510,turn 7,present,E
510,turn 8,present,E
510,turn 9,present,E
510,turn 10,present,E
511,turn 1,not_evidenced,E
511,turn 2,absent,E
511,turn 3,present,E
511,turn 4,absent,E
512,turn 1,absent,D
512,turn 2,not_evidenced,D
512,turn 3,present,D
512,turn 4,absent,D
512,turn 5,not_evidenced,D
513,turn 1,absent,E
513,turn 2,absent,E
513,turn 3,absent,E
513,turn 4,present,E
513,turn 5,present,E
513,turn 6,absent,E
513,turn 7,absent,E
513,turn 8,present,E
513,turn 9,present,E
513,turn 10,present,E
515,turn 1,present,D
515,turn 2,not_evidenced,D
515,turn 3,absent,D
515,turn 4,absent,D
515,turn 5,not_evidenced,D
516,turn 1,present,A
516,turn 2,absent,A
516,turn 3,absent,A
516,turn 4,present,A
516,turn 5,absent,A
516,turn 6,absent,A
516,turn 7,not_evidenced,A
517,turn 1,present,C
517,turn 2,present,C
517,turn 3,absent,C
517,turn 4,not_evidenced,C
518,turn 1,not_evidenced,C
518,turn 2,absent,C
518,turn 3,absent,C
518,turn 4,absent,C
518,turn 5,absent,C
518,turn 6,not_evidenced,C
519,turn 1,present,F
519,turn 2,present,F
519,turn 3,present,F
519,turn 4,present,F
519,turn 5,present,F
519,turn 6,present,F
519,turn 7,present,F
520,turn 1,present,A
520,turn 2,absent,A
520,turn 3,absent,A
520,turn 4,not_evidenced,A
521,turn 1,present,A
521,turn 2,not_evidenced,A
521,turn 3,present,A
521,turn 4,absent,A
521,turn 5,present,A
521,turn 6,absent,A
521,turn 7,present,A
521,turn 8,absent,A
521,turn 9,absent,A
521,turn 10,not_evidenced,A
522,turn 1,present,E
522,turn 2,not_evidenced,E
522,turn 3,present,E
522,turn 4,absent,E
522,turn 5,not_evidenced,E
522,turn 6,absent,E
522,turn 7,present,E
522,turn 8,absent,E
522,turn 9,not_evidenced,E
523,turn 1,present,E
523,turn 2,present,E
523,turn 3,present,E
523,turn 4,absent,E
523,turn 5,present,E
524,turn 1,present,D
524,turn 2,present,D
524,turn 3,present,D
524,turn 4,present,D
524,turn 5,present,D
524,turn 6,absent,D
524,turn 7,present,D
525,turn 1,present,B
525,turn 2,present,B
525,turn 3,present,B
525,turn 4,not_evidenced,B
525,turn 5,present,B
525,turn 6,present,B
525,turn 7,not_evidenced,B
525,turn 8,present,B
525,turn 9,present,B
525,turn 10,present,B
525,turn 11,absent,B
526,turn 1,present,E
526,turn 2,present,E
526,turn 3,present,E
526,turn 4,present,E
526,turn 5,absent,E
526,turn 6,present,E
526,turn 7,absent,E
526,turn 8,absent,E
527,turn 1,present,B
527,turn 2,present,B
527,turn 3,present,B
527,turn 4,present,B
527,turn 5,present,B
527,turn 6,absent,B
528,turn 1,present,B
528,turn 2,not_evidenced,B
528,turn 3,not_evidenced,B
528,turn 4,not_evidenced,B
528,turn 5,present,B
528,turn 6,not_evidenced,B
528,turn 7,present,B
528,turn 8,present,B
528,turn 9,absent,B
529,turn 1,present,F
529,turn 2,absent,F
529,turn 3,absent,F
529,turn 4,absent,F
529,turn 5,absent,F
529,turn 6,absent,F
530,turn 1,present,A
530,turn 2,present,A
530,turn 3,not_evidenced,A
530,turn 4,present,A
530,turn 5,present,A
530,turn 6,present,A
530,turn 7,present,A
530,turn 8,present,A
530,turn 9,absent,A
530,turn 10,absent,A
531,turn 1,present,B
531,turn 2,present,B
531,turn 3,present,B
531,turn 4,present,B
531,turn 5,not_evidenced,B
531,turn 6,not_evidenced,B
531,turn 7,not_evidenced,B
532,turn 1,present,C
532,turn 2,absent,C
532,turn 3,not_evidenced,C
533,turn 1,absent,A
533,turn 2,not_evidenced,A
533,turn 3,absent,A
533,turn 4,not_evidenced,A
534,turn 1,present,B
534,turn 2,present,B
534,turn 3,absent,B
534,turn 4,not_evidenced,B
534,turn 5,not_evidenced,B
535,turn 1,present,B
535,turn 2,absent,B
536,turn 1,present,C
536,turn 2,absent,C
537,turn 1,present,C
537,turn 2,present,C
537,turn 3,absent,C
538,turn 1,present,E
538,turn 2,present,E
538,turn 3,not_evidenced,E
538,turn 4,present,E
538,turn 5,absent,E
538,turn 6,present,E
538,turn 7,absent,E
539,turn 1,present,A
539,turn 2,present,A
539,turn 3,present,A
539,turn 4,absent,A
540,turn 1,present,D
540,turn 2,present,D
540,turn 3,present,D
540,turn 4,present,D
540,turn 5,present,D
540,turn 6,absent,D
541,turn 1,not_evidenced,E
541,turn 2,absent,E
542,turn 1,not_evidenced,A
542,turn 2,absent,A
542,turn 3,absent,A
542,turn 4,not_evidenced,A
542,turn 5,present,A
543,turn 1,absent,F
543,turn 2,present,F
543,turn 3,present,F
543,turn 4,absent,F
544,turn 1,present,F
544,turn 2,present,F
544,turn 3,present,F
544,turn 4,present,F
545,turn 1,present,D
545,turn 2,absent,D
545,turn 3,absent,D
545,turn 4,absent,D
545,turn 5,present,D
545,turn 6,present,D
545,turn 7,present,D
545,turn 8,absent,D
545,turn 9,absent,D
546,turn 1,present,A
546,turn 2,not_evidenced,A
546,turn 3,present,A
546,turn 4,present,A
546,turn 5,absent,A
546,turn 6,not_evidenced,A
547,turn 1,present,F
547,turn 2,absent,F
547,turn 3,absent,F
547,turn 4,not_evidenced,F
547,turn 5,not_evidenced,F
547,turn 6,not_evidenced,F
547,turn 7,not_evidenced,F
547,turn 8,not_evidenced,F
547,turn 9,not_evidenced,F
547,turn 10,not_evidenced,F
548,turn 1,present,F
548,turn 2,absent,F
548,turn 3,absent,F
549,turn 1,present,A
549,turn 2,absent,A
550,turn 1,present,A
550,turn 2,not_evidenced,A
550,turn 3,present,A
550,turn 4,absent,A
550,turn 5,present,A
550,turn 6,present,A
550,turn 7,present,A
550,turn 8,present,A
550,turn 9,present,A
550,turn 10,present,A
550,turn 11,present,A
550,turn 12,not_evidenced,A
551,turn 1,present,C
551,turn 2,present,C
551,turn 3,present,C
551,turn 4,absent,C
551,turn 5,present,C
551,turn 6,absent,C
551,turn 7,absent,C
552,turn 1,present,C
552,turn 2,absent,C
553,turn 1,absent,A
553,turn 2,not_evidenced,A
554,turn 1,absent,E
554,turn 2,not_evidenced,E
555,turn 1,present,D
555,turn 2,present,D
555,turn 3,absent,D
555,turn 4,not_evidenced,D
555,turn 5,absent,D
555,turn 6,absent,D
555,turn 7,absent,D
555,turn 8,present,D
555,turn 9,absent,D
556,turn 1,not_evidenced,D
556,turn 2,not_evidenced,D
556,turn 3,present,D
556,turn 4,absent,D
557,turn 1,absent,F
557,turn 2,absent,F
557,turn 3,absent,F
557,turn 4,absent,F
557,turn 5,absent,F
557,turn 6,absent,F
557,turn 7,absent,F
557,turn 8,not_evidenced,F
558,turn 1,present,F
558,turn 2,present,F
558,turn 3,not_evidenced,F
558,turn 4,present,F
558,turn 5,present,F
558,turn 6,present,F
558,turn 7,present,F
558,turn 8,absent,F
559,turn 1,absent,A
559,turn 2,not_evidenced,A
559,turn 3,absent,A
560,turn 1,present,A
560,turn 2,absent,A
560,turn 3,present,A
560,turn 4,absent,A
560,turn 5,present,A
560,turn 6,absent,A
561,turn 1,present,E
561,turn 2,present,E
561,turn 3,present,E
562,turn 1,present,C
562,turn 2,present,C
562,turn 3,absent,C
562,turn 4,absent,C
562,turn 5,absent,C
562,turn 6,absent,C
562,turn 7,not_evidenced,C
563,turn 1,present,D
563,turn 2,present,D
563,turn 3,absent,D
564,turn 1,present,E
564,turn 2,absent,E
564,turn 3,absent,E
565,turn 1,present,F
565,turn 2,present,F
565,turn 3,present,F
565,turn 4,present,F
565,turn 5,present,F
565,turn 6,present,F
565,turn 7,present,F
565,turn 8,present,F
565,turn 9,present,F
565,turn 10,absent,F
566,turn 1,present,C
566,turn 2,not_evidenced,C
566,turn 3,absent,C
566,turn 4,absent,C
566,turn 5,present,C
566,turn 6,present,C
566,turn 7,absent,C
566,turn 8,not_evidenced,C
566,turn 9,absent,C
567,turn 1,present,F
567,turn 2,present,F
567,turn 3,not_evidenced,F
567,turn 4,absent,F
567,turn 5,present,F
567,turn 6,present,F
567,turn 7,absent,F
567,turn 8,not_evidenced,F
568,turn 1,present,F
568,turn 2,absent,F
568,turn 3,present,F
568,turn 4,present,F
568,turn 5,present,F
568,turn 6,absent,F
568,turn 7,absent,F
568,turn 8,absent,F
568,turn 9,absent,F
568,turn 10,present,F
569,turn 1,present,D
569,turn 2,not_evidenced,D
569,turn 3,not_evidenced,D
569,turn 4,absent,D
569,turn 5,absent,D
569,turn 6,absent,D
569,turn 7,absent,D
569,turn 8,not_evidenced,D
570,turn 1,present,B
570,turn 2,not_evidenced,B
570,turn 3,absent,B
570,turn 4,present,B
570,turn 5,present,B
570,turn 6,present,B
570,turn 7,absent,B
570,turn 8,present,B
570,turn 9,present,B
570,turn 10,present,B
570,turn 11,present,B
570,turn 12,present,B
570,turn 13,absent,B
570,turn 14,not_evidenced,B
571,turn 1,present,D
571,turn 2,not_evidenced,D
571,turn 3,not_evidenced,D
571,turn 4,present,D
571,turn 5,present,D
571,turn 6,present,D
571,turn 7,present,D
571,turn 8,present,D
571,turn 9,present,D
571,turn 10,absent,D
571,turn 11,not_evidenced,D
572,turn 1,present,B
572,turn 2,present,B
572,turn 3,absent,B
572,turn 4,not_evidenced,B
573,turn 1,present,C
573,turn 2,not_evidenced,C
573,turn 3,present,C
573,turn 4,present,C
573,turn 5,present,C
573,turn 6,absent,C
573,turn 7,absent,C
573,turn 8,not_evidenced,C
574,turn 1,present,A
574,turn 2,absent,A
575,turn 1,present,C
575,turn 2,present,C
575,turn 3,absent,C
575,turn 4,not_evidenced,C
575,turn 5,not_evidenced,C
575,turn 6,not_evidenced,C
576,turn 1,present,B
576,turn 2,absent,B
576,turn 3,not_evidenced,B
577,turn 1,present,D
577,turn 2,present,D
577,turn 3,not_evidenced,D
577,turn 4,not_evidenced,D
577,turn 5,not_evidenced,D
577,turn 6,not_evidenced,D
577,turn 7,not_evidenced,D
578,turn 1,absent,C
578,turn 2,absent,C
578,turn 3,absent,C
578,turn 4,absent,C
579,turn 1,present,F
579,turn 2,absent,F
580,turn 1,present,C
580,turn 2,absent,C
580,turn 3,absent,C
581,turn 1,present,E
581,turn 2,present,E
581,turn 3,not_evidenced,E
581,turn 4,present,E
581,turn 5,not_evidenced,E
581,turn 6,present,E
581,turn 7,present,E
581,turn 8,present,E
581,turn 9,present,E
582,turn 1,present,E
582,turn 2,present,E
583,turn 1,present,E
583,turn 2,present,E
583,turn 3,present,E
583,turn 4,not_evidenced,E
583,turn 5,present,E
583,turn 6,absent,E
584,turn 1,present,A
584,turn 2,absent,A
584,turn 3,absent,A
584,turn 4,not_evidenced,A
585,turn 1,not_evidenced,B
585,turn 2,present,B
586,turn 1,present,C
586,turn 2,present,C
586,turn 3,absent,C
586,turn 4,absent,C
586,turn 5,present,C
586,turn 6,present,C
586,turn 7,absent,C
586,turn 8,present,C
586,turn 9,present,C
586,turn 10,present,C
586,turn 11,absent,C
587,turn 1,not_evidenced,B
587,turn 2,present,B
587,turn 3,present,B
587,turn 4,absent,B
587,turn 5,absent,B
587,turn 6,present,B
587,turn 7,present,B
587,turn 8,present,B
587,turn 9,present,B
587,turn 10,absent,B
588,turn 1,absent,E
588,turn 2,absent,E
589,turn 1,absent,D
589,turn 2,absent,D
589,turn 3,absent,D
589,turn 4,present,D
589,turn 5,present,D
589,turn 6,present,D
589,turn 7,absent,D
589,turn 8,absent,D
589,turn 9,absent,D
589,turn 10,absent,D
590,turn 1,present,A
590,turn 2,present,A
590,turn 3,present,A
590,turn 4,present,A
590,turn 5,absent,A
591,turn 1,present,C
591,turn 2,present,C
591,turn 3,absent,C
591,turn 4,not_evidenced,C
592,turn 1,present,E
592,turn 2,present,E
592,turn 3,absent,E
593,turn 1,present,A
593,turn 2,absent,A
594,turn 1,present,F
594,turn 2,absent,F
595,turn 1,present,C
595,turn 2,present,C
595,turn 3,present,C
595,turn 4,absent,C
595,turn 5,absent,C
596,turn 1,present,B
596,turn 2,absent,B
596,turn 3,not_evidenced,B
597,turn 1,present,F
597,turn 2,present,F
597,turn 3,absent,F
597,turn 4,absent,F
598,turn 1,present,B
598,turn 2,absent,B
598,turn 3,present,B
598,turn 4,absent,B
598,turn 5,absent,B
598,turn 6,present,B
598,turn 7,present,B
598,turn 8,present,B
599,turn 1,present,A
599,turn 2,present,A
599,turn 3,not_evidenced,A
599,turn 4,present,A
599,turn 5,absent,A
600,turn 1,present,C
600,turn 2,present,C
600,turn 3,present,C
600,turn 4,present,C
600,turn 5,present,C
600,turn 6,present,C
600,turn 7,present,C
600,turn 8,present,C
600,turn 9,present,C
600,turn 10,present,C
601,turn 1,present,E
601,turn 2,present,E
601,turn 3,absent,E
601,turn 4,absent,E
602,turn 1,present,A
602,turn 2,present,A
602,turn 3,not_evidenced,A
602,turn 4,present,A
602,turn 5,present,A
602,turn 6,present,A
602,turn 7,present,A
602,turn 8,absent,A
603,turn 1,present,D
603,turn 2,absent,D
603,turn 3,present,D
603,turn 4,present,D
603,turn 5,absent,D
604,turn 1,present,A
604,turn 2,present,A
604,turn 3,present,A
604,turn 4,present,A
604,turn 5,present,A
604,turn 6,present,A
604,turn 7,absent,A
604,turn 8,not_evidenced,A
605,turn 1,present,D
605,turn 2,present,D
605,turn 3,present,D
605,turn 4,present,D
605,turn 5,present,D
605,turn 6,present,D
605,turn 7,absent,D
605,turn 8,absent,D
605,turn 9,present,D
605,turn 10,present,D
605,turn 11,present,D
605,turn 12,absent,D
605,turn 13,absent,D
606,turn 1,present,B
606,turn 2,present,B
606,turn 3,present,B
606,turn 4,present,B
606,turn 5,present,B
606,turn 6,present,B
606,turn 7,not_evidenced,B
607,turn 1,present,B
607,turn 2,absent,B
608,turn 1,absent,F
608,turn 2,absent,F
608,turn 3,absent,F
609,turn 1,not_evidenced,E
609,turn 2,absent,E
609,turn 3,absent,E
609,turn 4,absent,E
609,turn 5,absent,E
610,turn 1,absent,D
610,turn 2,present,D
610,turn 3,present,D
610,turn 4,absent,D
611,turn 1,absent,E
611,turn 2,absent,E
611,turn 3,absent,E
611,turn 4,present,E
611,turn 5,absent,E
612,turn 1,not_evidenced,D
612,turn 2,not_evidenced,D
612,turn 3,not_evidenced,D
613,turn 1,present,F
613,turn 2,present,F
613,turn 3,present,F
613,turn 4,absent,F
614,turn 1,present,E
614,turn 2,present,E
614,turn 3,present,E
614,turn 4,present,E
614,turn 5,absent,E
614,turn 6,present,E
614,turn 7,not_evidenced,E
614,turn 8,present,E
614,turn 9,absent,E
614,turn 10,absent,E
615,turn 1,present,E
615,turn 2,not_evidenced,E
615,turn 3,absent,E
615,turn 4,absent,E
615,turn 5,present,E
615,turn 6,present,E
615,turn 7,present,E
615,turn 8,absent,E
615,turn 9,not_evidenced,E
616,turn 1,present,C
616,turn 2,present,C
616,turn 3,present,C
616,turn 4,absent,C
617,turn 1,present,E
617,turn 2,present,E
617,turn 3,absent,E
617,turn 4,absent,E
617,turn 5,absent,E
617,turn 6,absent,E
618,turn 1,present,F
618,turn 2,present,F
618,turn 3,not_evidenced,F
618,turn 4,absent,F
618,turn 5,absent,F
619,turn 1,present,E
619,turn 2,absent,E
619,turn 3,absent,E
619,turn 4,absent,E
620,turn 1,present,C
620,turn 2,absent,C
620,turn 3,absent,C
620,turn 4,not_evidenced,C
621,turn 1,present,C
621,turn 2,not_evidenced,C
621,turn 3,absent,C
622,turn 1,present,E
622,turn 2,present,E
622,turn 3,absent,E
623,turn 1,present,D
623,turn 2,not_evidenced,D
623,turn 3,present,D
623,turn 4,present,D
623,turn 5,present,D
623,turn 6,present,D
623,turn 7,present,D
623,turn 8,not_evidenced,D
623,turn 9,present,D
623,turn 10,absent,D
623,turn 11,present,D
623,turn 12,present,D
624,turn 1,present,B
624,turn 2,present,B
624,turn 3,absent,B
624,turn 4,present,B
624,turn 5,present,B
625,turn 1,present,B
625,turn 2,absent,B
625,turn 3,absent,B
625,turn 4,present,B
625,turn 5,absent,B
625,turn 6,absent,B
625,turn 7,absent,B
626,turn 1,present,F
626,turn 2,present,F
626,turn 3,not_evidenced,F
626,turn 4,absent,F
626,turn 5,absent,F
626,turn 6,absent,F
626,turn 7,absent,F
626,turn 8,present,F
626,turn 9,present,F
626,turn 10,absent,F
626,turn 11,present,F
626,turn 12,absent,F
626,turn 13,present,F
627,turn 1,present,E
627,turn 2,absent,E
627,turn 3,absent,E
627,turn 4,absent,E
627,turn 5,not_evidenced,E
627,turn 6,not_evidenced,E
627,turn 7,present,E
627,turn 8,absent,E
627,turn 9,not_evidenced,E
627,turn 10,not_evidenced,E
628,turn 1,present,B
628,turn 2,absent,B
629,turn 1,present,D
629,turn 2,absent,D
629,turn 3,present,D
629,turn 4,present,D
629,turn 5,absent,D
630,turn 1,present,F
630,turn 2,not_evidenced,F
630,turn 3,absent,F
630,turn 4,present,F
630,turn 5,present,F
630,turn 6,present,F
630,turn 7,present,F
630,turn 8,present,F
631,turn 1,present,A
631,turn 2,present,A
631,turn 3,absent,A
632,turn 1,present,B
632,turn 2,present,B
632,turn 3,not_evidenced,B
633,turn 1,absent,F
633,turn 2,absent,F
633,turn 3,present,F
633,turn 4,present,F
633,turn 5,present,F
633,turn 6,present,F
633,turn 7,absent,F
633,turn 8,absent,F
633,turn 9,present,F
633,turn 10,absent,F
634,turn 1,present,D
634,turn 2,present,D
634,turn 3,present,D
634,turn 4,present,D
634,turn 5,absent,D
634,turn 6,present,D
634,turn 7,present,D
634,turn 8,present,D
634,turn 9,absent,D
635,turn 1,present,A
635,turn 2,present,A
635,turn 3,not_evidenced,A
635,turn 4,present,A
635,turn 5,present,A
635,turn 6,present,A
635,turn 7,not_evidenced,A
635,turn 8,present,A
635,turn 9,absent,A
635,turn 10,not_evidenced,A
635,turn 11,not_evidenced,A
635,turn 12,absent,A
636,turn 1,present,F
636,turn 2,present,F
636,turn 3,present,F
636,turn 4,not_evidenced,F
636,turn 5,present,F
636,turn 6,present,F
636,turn 7,absent,F
636,turn 8,present,F
636,turn 9,absent,F
637,turn 1,present,D
637,turn 2,not_evidenced,D
637,turn 3,present,D
637,turn 4,not_evidenced,D
637,turn 5,present,D
637,turn 6,not_evidenced,D
637,turn 7,present,D
637,turn 8,not_evidenced,D
637,turn 9,not_evidenced,D
637,turn 10,present,D
637,turn 11,absent,D
638,turn 1,present,A
638,turn 2,absent,A
639,turn 1,present,B
639,turn 2,absent,B
639,turn 3,absent,B
639,turn 4,absent,B
639,turn 5,absent,B
640,turn 1,present,B
640,turn 2,present,B
640,turn 3,absent,B
640,turn 4,present,B
640,turn 5,not_evidenced,B
640,turn 6,not_evidenced,B
640,turn 7,present,B
640,turn 8,present,B
641,turn 1,present,A
641,turn 2,absent,A
641,turn 3,absent,A
641,turn 4,absent,A
641,turn 5,present,A
641,turn 6,present,A
641,turn 7,absent,A
641,turn 8,present,A
641,turn 9,absent,A
641,turn 10,not_evidenced,A
642,turn 1,present,F
642,turn 2,absent,F
642,turn 3,absent,F
642,turn 4,not_evidenced,F
643,turn 1,not_evidenced,C
643,turn 2,absent,C
643,turn 3,not_evidenced,C
643,turn 4,not_evidenced,C
643,turn 5,absent,C
643,turn 6,absent,C
643,turn 7,absent,C
643,turn 8,not_evidenced,C
644,turn 1,absent,E
644,turn 2,present,E
645,turn 1,not_evidenced,B
645,turn 2,absent,B
645,turn 3,present,B
645,turn 4,present,B
645,turn 5,absent,B
645,turn 6,present,B
645,turn 7,absent,B
645,turn 8,absent,B
645,turn 9,absent,B
645,turn 10,present,B
645,turn 11,present,B
646,turn 1,absent,B
646,turn 2,present,B
646,turn 3,present,B
646,turn 4,present,B
646,turn 5,present,B
646,turn 6,present,B
646,turn 7,absent,B
647,turn 1,present,C
647,turn 2,absent,C
647,turn 3,absent,C
647,turn 4,absent,C
648,turn 1,present,B
648,turn 2,absent,B
649,turn 1,present,D
649,turn 2,present,D
649,turn 3,absent,D
650,turn 1,present,A
650,turn 2,present,A
650,turn 3,present,A
650,turn 4,present,A
650,turn 5,absent,A
650,turn 6,absent,A
651,turn 1,present,B
651,turn 2,not_evidenced,B
651,turn 3,present,B
651,turn 4,not_evidenced,B
651,turn 5,not_evidenced,B
652,turn 1,present,F
652,turn 2,present,F
652,turn 3,absent,F
652,turn 4,absent,F
653,turn 1,present,A
653,turn 2,present,A
653,turn 3,absent,A
654,turn 1,present,E
654,turn 2,absent,E
654,turn 3,absent,E
656,turn 1,present,E
656,turn 2,present,E
656,turn 3,present,E
656,turn 4,present,E
657,turn 1,present,C
657,turn 2,not_evidenced,C
659,turn 1,present,B
659,turn 2,not_evidenced,B
659,turn 3,absent,B
659,turn 4,present,B
659,turn 5,present,B
659,turn 6,absent,B
659,turn 7,absent,B
659,turn 8,not_evidenced,B
660,turn 1,present,C
660,turn 2,present,C
660,turn 3,present,C
660,turn 4,absent,C
660,turn 5,present,C
660,turn 6,present,C
660,turn 7,present,C
660,turn 8,present,C
660,turn 9,present,C
661,turn 1,present,A
661,turn 2,absent,A
661,turn 3,absent,A
661,turn 4,not_evidenced,A
661,turn 5,present,A
661,turn 6,present,A
661,turn 7,absent,A
662,turn 1,present,C
662,turn 2,present,C
662,turn 3,present,C
662,turn 4,present,C
662,turn 5,absent,C
662,turn 6,present,C
662,turn 7,present,C
662,turn 8,present,C
662,turn 9,present,C
662,turn 10,absent,C
662,turn 11,not_evidenced,C
663,turn 1,present,A
663,turn 2,absent,A
664,turn 1,present,F
664,turn 2,absent,F
664,turn 3,absent,F
664,turn 4,present,F
664,turn 5,present,F
664,turn 6,absent,F
664,turn 7,absent,F
664,turn 8,present,F
664,turn 9,present,F
664,turn 10,absent,F
664,turn 11,present,F
664,turn 12,not_evidenced,F
665,turn 1,present,D
665,turn 2,present,D
665,turn 3,present,D
665,turn 4,absent,D
665,turn 5,absent,D
665,turn 6,present,D
665,turn 7,present,D
665,turn 8,absent,D
665,turn 9,present,D
666,turn 1,present,B
666,turn 2,present,B
666,turn 3,present,B
666,turn 4,present,B
666,turn 5,present,B
666,turn 6,present,B
666,turn 7,present,B
666,turn 8,present,B
666,turn 9,absent,B
666,turn 10,not_evidenced,B
666,turn 11,absent,B
667,turn 1,present,D
667,turn 2,not_evidenced,D
667,turn 3,present,D
667,turn 4,absent,D
667,turn 5,present,D
667,turn 6,present,D
667,turn 7,present,D
667,turn 8,present,D
668,turn 1,present,F
668,turn 2,present,F
668,turn 3,present,F
668,turn 4,present,F
668,turn 5,present,F
668,turn 6,present,F
669,turn 1,present,C
669,turn 2,present,C
669,turn 3,absent,C
669,turn 4,absent,C
669,turn 5,absent,C
670,turn 1,present,E
670,turn 2,absent,E
670,turn 3,not_evidenced,E
671,turn 1,present,C
671,turn 2,absent,C
671,turn 3,absent,C
671,turn 4,not_evidenced,C
672,turn 1,absent,C
672,turn 2,absent,C
672,turn 3,absent,C
673,turn 1,not_evidenced,C
673,turn 2,not_evidenced,C
673,turn 3,present,C
674,turn 1,present,B
674,turn 2,absent,B
674,turn 3,not_evidenced,B
674,turn 4,absent,B
675,turn 1,present,D
675,turn 2,absent,D
675,turn 3,present,D
675,turn 4,present,D
675,turn 5,absent,D
675,turn 6,not_evidenced,D
675,turn 7,not_evidenced,D
675,turn 8,not_evidenced,D
675,turn 9,not_evidenced,D
675,turn 10,not_evidenced,D
676,turn 1,absent,A
676,turn 2,present,A
676,turn 3,present,A
676,turn 4,present,A
676,turn 5,present,A
676,turn 6,present,A
676,turn 7,present,A
676,turn 8,present,A
676,turn 9,present,A
676,turn 10,not_evidenced,A
676,turn 11,present,A
676,turn 12,not_evidenced,A
677,turn 1,present,A
677,turn 2,present,A
677,turn 3,absent,A
677,turn 4,absent,A
677,turn 5,absent,A
677,turn 6,absent,A
677,turn 7,not_evidenced,A
678,turn 1,present,B
678,turn 2,absent,B
678,turn 3,absent,B
678,turn 4,absent,B
679,turn 1,present,F
679,turn 2,present,F
679,turn 3,present,F
679,turn 4,present,F
679,turn 5,present,F
679,turn 6,absent,F
679,turn 7,not_evidenced,F
680,turn 1,present,E
680,turn 2,present,E
680,turn 3,not_evidenced,E
680,turn 4,present,E
680,turn 5,present,E
680,turn 6,absent,E
680,turn 7,absent,E
681,turn 1,present,A
681,turn 2,not_evidenced,A
681,turn 3,absent,A
681,turn 4,absent,A
682,turn 1,not_evidenced,C
682,turn 2,not_evidenced,C
682,turn 3,absent,C
682,turn 4,absent,C
683,turn 1,present,F
683,turn 2,not_evidenced,F
683,turn 3,not_evidenced,F
683,turn 4,present,F
683,turn 5,present,F
683,turn 6,present,F
684,turn 1,present,A
684,turn 2,present,A
684,turn 3,absent,A
684,turn 4,present,A
684,turn 5,absent,A
685,turn 1,absent,C
685,turn 2,absent,C
685,turn 3,absent,C
685,turn 4,present,C
685,turn 5,present,C
685,turn 6,present,C
685,turn 7,absent,C
686,turn 1,present,D
686,turn 2,present,D
686,turn 3,absent,D
687,turn 1,not_evidenced,A
687,turn 2,not_evidenced,A
687,turn 3,absent,A
687,turn 4,present,A
687,turn 5,not_evidenced,A
687,turn 6,not_evidenced,A
687,turn 7,not_evidenced,A
687,turn 8,present,A
687,turn 9,not_evidenced,A
687,turn 10,absent,A
688,turn 1,present,F
688,turn 2,present,F
688,turn 3,absent,F
688,turn 4,present,F
688,turn 5,present,F
688,turn 6,present,F
688,turn 7,absent,F
689,turn 1,present,B
689,turn 2,absent,B
690,turn 1,present,E
690,turn 2,present,E
690,turn 3,present,E
690,turn 4,present,E
690,turn 5,absent,E
690,turn 6,absent,E
690,turn 7,absent,E
690,turn 8,absent,E
691,turn 1,present,B
691,turn 2,absent,B
692,turn 1,present,E
692,turn 2,present,E
692,turn 3,absent,E
692,turn 4,absent,E
692,turn 5,absent,E
693,turn 1,present,D
693,turn 2,not_evidenced,D
693,turn 3,present,D
693,turn 4,not_evidenced,D
693,turn 5,present,D
693,turn 6,present,D
693,turn 7,present,D
693,turn 8,not_evidenced,D
694,turn 1,present,A
694,turn 2,absent,A
694,turn 3,present,A
694,turn 4,absent,A
694,turn 5,not_evidenced,A
695,turn 1,present,B
695,turn 2,absent,B
695,turn 3,absent,B
695,turn 4,present,B
695,turn 5,absent,B
695,turn 6,not_evidenced,B
696,turn 1,present,F
696,turn 2,present,F
696,turn 3,present,F
696,turn 4,present,F
696,turn 5,present,F
696,turn 6,present,F
696,turn 7,present,F
696,turn 8,absent,F
696,turn 9,not_evidenced,F
697,turn 1,present,E
697,turn 2,not_evidenced,E
697,turn 3,present,E
697,turn 4,present,E
697,turn 5,absent,E
697,turn 6,absent,E
697,turn 7,present,E
697,turn 8,absent,E
698,turn 1,present,D
698,turn 2,present,D
698,turn 3,not_evidenced,D
698,turn 4,absent,D
698,turn 5,not_evidenced,D
698,turn 6,not_evidenced,D
698,turn 7,absent,D
698,turn 8,absent,D
698,turn 9,absent,D
698,turn 10,absent,D
698,turn 11,present,D
699,turn 1,present,C
699,turn 2,absent,C
699,turn 3,not_evidenced,C
700,turn 1,present,B
700,turn 2,absent,B
700,turn 3,absent,B
701,turn 1,present,B
701,turn 2,present,B
701,turn 3,present,B
701,turn 4,absent,B
701,turn 5,not_evidenced,B
702,turn 1,present,D
702,turn 2,present,D
702,turn 3,absent,D
702,turn 4,present,D
702,turn 5,present,D
702,turn 6,present,D
702,turn 7,absent,D
702,turn 8,present,D
702,turn 9,absent,D
702,turn 10,absent,D
703,turn 1,present,E
703,turn 2,absent,E
703,turn 3,not_evidenced,E
703,turn 4,not_evidenced,E
704,turn 1,present,A
704,turn 2,not_evidenced,A
704,turn 3,present,A
704,turn 4,present,A
704,turn 5,absent,A
704,turn 6,absent,A
704,turn 7,present,A
704,turn 8,present,A
704,turn 9,absent,A
704,turn 10,absent,A
704,turn 11,not_evidenced,A
705,turn 1,present,D
705,turn 2,present,D
705,turn 3,absent,D
705,turn 4,not_evidenced,D
706,turn 1,present,A
706,turn 2,present,A
706,turn 3,present,A
706,turn 4,absent,A
706,turn 5,present,A
706,turn 6,present,A
706,turn 7,absent,A
706,turn 8,absent,A
707,turn 1,present,F
707,turn 2,present,F
707,turn 3,present,F
707,turn 4,absent,F
707,turn 5,not_evidenced,F
708,turn 1,present,F
708,turn 2,present,F
708,turn 3,present,F
708,turn 4,not_evidenced,F
708,turn 5,present,F
708,turn 6,absent,F
708,turn 7,not_evidenced,F
708,turn 8,present,F
708,turn 9,present,F
708,turn 10,not_evidenced,F
708,turn 11,not_evidenced,F
708,turn 12,absent,F
708,turn 13,present,F
708,turn 14,absent,F
709,turn 1,present,B
709,turn 2,absent,B
709,turn 3,not_evidenced,B
710,turn 1,present,A
710,turn 2,present,A
710,turn 3,present,A
710,turn 4,absent,A
710,turn 5,not_evidenced,A
710,turn 6,absent,A
711,turn 1,present,E
711,turn 2,absent,E
711,turn 3,not_evidenced,E
711,turn 4,absent,E
711,turn 5,present,E
711,turn 6,present,E
711,turn 7,present,E
711,turn 8,absent,E
711,turn 9,absent,E
712,turn 1,present,E
712,turn 2,present,E
712,turn 3,absent,E
712,turn 4,absent,E
712,turn 5,absent,E
713,turn 1,present,F
713,turn 2,present,F
713,turn 3,present,F
713,turn 4,absent,F
713,turn 5,present,F
713,turn 6,present,F
713,turn 7,absent,F
713,turn 8,absent,F
713,turn 9,absent,F
713,turn 10,absent,F
714,turn 1,present,A
714,turn 2,absent,A
715,turn 1,present,A
715,turn 2,absent,A
715,turn 3,absent,A
715,turn 4,absent,A
715,turn 5,absent,A
716,turn 1,present,A
716,turn 2,not_evidenced,A
716,turn 3,absent,A
716,turn 4,not_evidenced,A
716,turn 5,absent,A
716,turn 6,absent,A
716,turn 7,absent,A
717,turn 1,present,A
717,turn 2,absent,A
717,turn 3,not_evidenced,A
718,turn 1,present,B
718,turn 2,absent,B
719,turn 1,present,C
719,turn 2,absent,C
720,turn 1,present,E
720,turn 2,present,E
720,turn 3,not_evidenced,E
720,turn 4,absent,E
720,turn 5,present,E
720,turn 6,present,E
720,turn 7,absent,E
721,turn 1,present,B
721,turn 2,present,B
721,turn 3,present,B
721,turn 4,absent,B
721,turn 5,present,B
721,turn 6,absent,B
721,turn 7,not_evidenced,B
722,turn 1,present,E
722,turn 2,absent,E
723,turn 1,present,D
723,turn 2,present,D
723,turn 3,absent,D
723,turn 4,absent,D
724,turn 1,present,F
724,turn 2,present,F
724,turn 3,present,F
724,turn 4,present,F
724,turn 5,present,F
724,turn 6,not_evidenced,F
724,turn 7,absent,F
725,turn 1,present,D
725,turn 2,present,D
725,turn 3,present,D
725,turn 4,absent,D
725,turn 5,present,D
725,turn 6,absent,D
726,turn 1,present,B
726,turn 2,present,B
726,turn 3,absent,B
726,turn 4,present,B
726,turn 5,present,B
726,turn 6,present,B
726,turn 7,absent,B
727,turn 1,present,D
727,turn 2,present,D
727,turn 3,absent,D
727,turn 4,absent,D
727,turn 5,present,D
727,turn 6,present,D
727,turn 7,absent,D
727,turn 8,not_evidenced,D
728,turn 1,present,F
728,turn 2,present,F
728,turn 3,present,F
728,turn 4,absent,F
729,turn 1,present,B
729,turn 2,absent,B
730,turn 1,present,B
730,turn 2,present,B
730,turn 3,present,B
730,turn 4,present,B
730,turn 5,present,B
730,turn 6,not_evidenced,B
731,turn 1,present,A
731,turn 2,present,A
731,turn 3,absent,A
731,turn 4,absent,A
731,turn 5,present,A
731,turn 6,absent,A
731,turn 7,not_evidenced,A
732,turn 1,present,E
732,turn 2,present,E
732,turn 3,present,E
732,turn 4,present,E
732,turn 5,not_evidenced,E
732,turn 6,present,E
733,turn 1,present,E
733,turn 2,present,E
733,turn 3,absent,E
733,turn 4,absent,E
733,turn 5,absent,E
733,turn 6,not_evidenced,E
734,turn 1,present,F
734,turn 2,present,F
734,turn 3,not_evidenced,F
734,turn 4,absent,F
734,turn 5,present,F
734,turn 6,present,F
734,turn 7,present,F
734,turn 8,present,F
734,turn 9,present,F
734,turn 10,present,F
734,turn 11,present,F
734,turn 12,present,F
734,turn 13,absent,F
734,turn 14,present,F
734,turn 15,present,F
734,turn 16,present,F
734,turn 17,present,F
734,turn 18,present,F
734,turn 19,present,F
734,turn 20,absent,F
734,turn 21,present,F
734,turn 22,present,F
735,turn 1,present,C
735,turn 2,present,C
735,turn 3,absent,C
736,turn 1,present,E
736,turn 2,not_evidenced,E
736,turn 3,present,E
736,turn 4,absent,E
736,turn 5,absent,E
736,turn 6,present,E
736,turn 7,absent,E
736,turn 8,absent,E
737,turn 1,present,F
737,turn 2,present,F
737,turn 3,present,F
737,turn 4,absent,F
737,turn 5,not_evidenced,F
738,turn 1,present,E
738,turn 2,present,E
738,turn 3,not_evidenced,E
738,turn 4,absent,E
738,turn 5,absent,E
739,turn 1,present,E
739,turn 2,present,E
739,turn 3,absent,E
740,turn 1,present,F
740,turn 2,not_evidenced,F
740,turn 3,not_evidenced,F
740,turn 4,absent,F
740,turn 5,not_evidenced,F
740,turn 6,absent,F
741,turn 1,present,F
741,turn 2,absent,F
741,turn 3,present,F
741,turn 4,present,F
741,turn 5,absent,F
741,turn 6,absent,F
742,turn 1,present,D
742,turn 2,not_evidenced,D
742,turn 3,absent,D
742,turn 4,present,D
742,turn 5,not_evidenced,D
742,turn 6,not_evidenced,D
742,turn 7,absent,D
742,turn 8,absent,D
743,turn 1,present,A
743,turn 2,present,A
743,turn 3,present,A
743,turn 4,present,A
743,turn 5,not_evidenced,A
743,turn 6,not_evidenced,A
743,turn 7,absent,A
743,turn 8,not_evidenced,A
744,turn 1,present,B
744,turn 2,not_evidenced,B
744,turn 3,not_evidenced,B
744,turn 4,present,B
744,turn 5,absent,B
744,turn 6,absent,B
744,turn 7,not_evidenced,B
745,turn 1,present,A
745,turn 2,present,A
745,turn 3,present,A
745,turn 4,absent,A
745,turn 5,present,A
745,turn 6,not_evidenced,A
745,turn 7,not_evidenced,A
745,turn 8,absent,A
745,turn 9,not_evidenced,A
746,turn 1,present,E
746,turn 2,present,E
746,turn 3,present,E
746,turn 4,present,E
746,turn 5,absent,E
746,turn 6,present,E
746,turn 7,present,E
747,turn 1,present,F
747,turn 2,present,F
747,turn 3,absent,F
747,turn 4,absent,F
747,turn 5,absent,F
747,turn 6,absent,F
748,turn 1,present,F
748,turn 2,absent,F
748,turn 3,absent,F
748,turn 4,absent,F
748,turn 5,absent,F
748,turn 6,not_evidenced,F
748,turn 7,absent,F
748,turn 8,absent,F
748,turn 9,absent,F
749,turn 1,present,F
749,turn 2,present,F
749,turn 3,present,F
750,turn 1,present,B
750,turn 2,present,B
750,turn 3,present,B
750,turn 4,present,B
750,turn 5,present,B
750,turn 6,absent,B
750,turn 7,present,B
750,turn 8,present,B
750,turn 9,present,B
750,turn 10,absent,B
751,turn 1,present,A
751,turn 2,present,A
751,turn 3,present,A
751,turn 4,present,A
751,turn 5,present,A
751,turn 6,absent,A
752,turn 1,present,C
752,turn 2,absent,C
753,turn 1,absent,E
753,turn 2,absent,E
753,turn 3,absent,E
753,turn 4,not_evidenced,E
753,turn 5,absent,E
754,turn 1,present,B
754,turn 2,present,B
754,turn 3,absent,B
754,turn 4,present,B
754,turn 5,not_evidenced,B
755,turn 1,absent,B
755,turn 2,absent,B
755,turn 3,not_evidenced,B
756,turn 1,present,C
756,turn 2,present,C
756,turn 3,present,C
756,turn 4,present,C
756,turn 5,present,C
756,turn 6,present,C
756,turn 7,present,C
756,turn 8,absent,C
756,turn 9,not_evidenced,C
757,turn 1,present,A
757,turn 2,not_evidenced,A
757,turn 3,absent,A
757,turn 4,absent,A
757,turn 5,not_evidenced,A
758,turn 1,present,B
758,turn 2,present,B
758,turn 3,present,B
758,turn 4,present,B
759,turn 1,present,B
759,turn 2,present,B
759,turn 3,present,B
759,turn 4,present,B
759,turn 5,absent,B
759,turn 6,absent,B
759,turn 7,absent,B
760,turn 1,present,C
760,turn 2,not_evidenced,C
760,turn 3,not_evidenced,C
760,turn 4,present,C
760,turn 5,absent,C
760,turn 6,not_evidenced,C
761,turn 1,absent,B
761,turn 2,absent,B
761,turn 3,not_evidenced,B
762,turn 1,present,C
762,turn 2,absent,C
762,turn 3,absent,C
762,turn 4,absent,C
762,turn 5,absent,C
763,turn 1,present,D
763,turn 2,present,D
763,turn 3,absent,D
763,turn 4,absent,D
763,turn 5,absent,D
764,turn 1,present,B
764,turn 2,absent,B
764,turn 3,present,B
764,turn 4,present,B
764,turn 5,present,B
764,turn 6,absent,B
764,turn 7,not_evidenced,B
764,turn 8,not_evidenced,B
765,turn 1,present,B
765,turn 2,absent,B
765,turn 3,absent,B
765,turn 4,absent,B
766,turn 1,present,A
766,turn 2,absent,A
767,turn 1,present,B
767,turn 2,absent,B
767,turn 3,not_evidenced,B
767,turn 4,present,B
767,turn 5,present,B
767,turn 6,present,B
767,turn 7,present,B
767,turn 8,present,B
767,turn 9,absent,B
768,turn 1,present,A
768,turn 2,not_evidenced,A
768,turn 3,present,A
768,turn 4,absent,A
768,turn 5,absent,A
768,turn 6,present,A
768,turn 7,absent,A
769,turn 1,present,B
769,turn 2,not_evidenced,B
769,turn 3,present,B
769,turn 4,absent,B
769,turn 5,present,B
769,turn 6,absent,B
770,turn 1,present,A
770,turn 2,absent,A
771,turn 1,present,A
771,turn 2,present,A
771,turn 3,present,A
771,turn 4,present,A
771,turn 5,present,A
771,turn 6,present,A
771,turn 7,present,A
771,turn 8,present,A
771,turn 9,present,A
772,turn 1,present,A
772,turn 2,present,A
772,turn 3,present,A
772,turn 4,present,A
772,turn 5,present,A
772,turn 6,present,A
772,turn 7,present,A
772,turn 8,absent,A
772,turn 9,present,A
772,turn 10,absent,A
774,turn 1,absent,D
774,turn 2,absent,D
774,turn 3,present,D
774,turn 4,present,D
774,turn 5,absent,D
775,turn 1,absent,E
775,turn 2,absent,E
776,turn 1,absent,F
776,turn 2,absent,F
776,turn 3,absent,F
776,turn 4,present,F
776,turn 5,absent,F
776,turn 6,present,F
776,turn 7,present,F
776,turn 8,absent,F
776,turn 9,absent,F
776,turn 10,present,F
777,turn 1,absent,D
777,turn 2,present,D
777,turn 3,absent,D
777,turn 4,absent,D
777,turn 5,present,D
777,turn 6,absent,D
778,turn 1,absent,A
778,turn 2,present,A
778,turn 3,absent,A
778,turn 4,present,A
778,turn 5,present,A
778,turn 6,present,A
778,turn 7,present,A
778,turn 8,present,A
778,turn 9,present,A
779,turn 1,present,F
779,turn 2,present,F
779,turn 3,present,F
779,turn 4,absent,F
780,turn 1,absent,B
780,turn 2,present,B
780,turn 3,not_evidenced,B
780,turn 4,absent,B
781,turn 1,present,E
781,turn 2,not_evidenced,E
781,turn 3,absent,E
781,turn 4,absent,E
781,turn 5,absent,E
782,turn 1,present,D
782,turn 2,not_evidenced,D
782,turn 3,not_evidenced,D
782,turn 4,not_evidenced,D
782,turn 5,present,D
782,turn 6,absent,D
783,turn 1,absent,B
783,turn 2,absent,B
783,turn 3,absent,B
784,turn 1,present,D
784,turn 2,present,D
784,turn 3,absent,D
784,turn 4,absent,D
784,turn 5,absent,D
784,turn 6,not_evidenced,D
785,turn 1,present,C
785,turn 2,absent,C
785,turn 3,absent,C
785,turn 4,not_evidenced,C
786,turn 1,not_evidenced,B
786,turn 2,absent,B
786,turn 3,present,B
786,turn 4,present,B
786,turn 5,not_evidenced,B
786,turn 6,absent,B
786,turn 7,absent,B
786,turn 8,absent,B
787,turn 1,present,C
787,turn 2,present,C
787,turn 3,absent,C
787,turn 4,not_evidenced,C
788,turn 1,not_evidenced,F
788,turn 2,present,F
788,turn 3,present,F
788,turn 4,present,F
788,turn 5,present,F
788,turn 6,absent,F
788,turn 7,absent,F
789,turn 1,present,B
789,turn 2,absent,B
789,turn 3,not_evidenced,B
789,turn 4,absent,B
790,turn 1,present,B
790,turn 2,present,B
790,turn 3,absent,B
790,turn 4,present,B
790,turn 5,present,B
790,turn 6,present,B
790,turn 7,present,B
790,turn 8,present,B
790,turn 9,not_evidenced,B
791,turn 1,present,C
791,turn 2,present,C
791,turn 3,not_evidenced,C
791,turn 4,present,C
791,turn 5,present,C
791,turn 6,present,C
791,turn 7,present,C
791,turn 8,present,C
791,turn 9,present,C
791,turn 10,present,C
791,turn 11,present,C
791,turn 12,present,C
791,turn 13,absent,C
791,turn 14,present,C
791,turn 15,absent,C
791,turn 16,present,C
792,turn 1,present,A
792,turn 2,not_evidenced,A
792,turn 3,present,A
792,turn 4,present,A
792,turn 5,present,A
792,turn 6,absent,A
792,turn 7,not_evidenced,A
793,turn 1,present,F
793,turn 2,absent,F
793,turn 3,absent,F
793,turn 4,present,F
794,turn 1,present,B
794,turn 2,present,B
794,turn 3,absent,B
794,turn 4,not_evidenced,B
795,turn 1,present,C
795,turn 2,present,C
795,turn 3,absent,C
795,turn 4,absent,C
795,turn 5,present,C
795,turn 6,absent,C
795,turn 7,present,C
795,turn 8,absent,C
795,turn 9,absent,C
796,turn 1,present,D
796,turn 2,not_evidenced,D
796,turn 3,present,D
796,turn 4,absent,D
796,turn 5,absent,D
796,turn 6,not_evidenced,D
797,turn 1,present,C
797,turn 2,present,C
797,turn 3,present,C
797,turn 4,present,C
797,turn 5,present,C
797,turn 6,present,C
798,turn 1,present,D
798,turn 2,present,D
798,turn 3,present,D
798,turn 4,present,D
799,turn 1,present,B
799,turn 2,absent,B
800,turn 1,present,F
800,turn 2,present,F
800,turn 3,present,F
800,turn 4,present,F
800,turn 5,absent,F
801,turn 1,present,E
801,turn 2,not_evidenced,E
801,turn 3,present,E
801,turn 4,absent,E
801,turn 5,present,E
801,turn 6,present,E
801,turn 7,absent,E
802,turn 1,present,E
802,turn 2,absent,E
802,turn 3,absent,E
802,turn 4,not_evidenced,E
802,turn 5,present,E
802,turn 6,not_evidenced,E
802,turn 7,present,E
802,turn 8,present,E
802,turn 9,present,E
802,turn 10,present,E
802,turn 11,not_evidenced,E
802,turn 12,present,E
802,turn 13,present,E
802,turn 14,absent,E
803,turn 1,present,A
803,turn 2,absent,A
804,turn 1,present,E
804,turn 2,absent,E
804,turn 3,not_evidenced,E
805,turn 1,present,A
805,turn 2,not_evidenced,A
805,turn 3,present,A
805,turn 4,absent,A
805,turn 5,not_evidenced,A
805,turn 6,not_evidenced,A
805,turn 7,not_evidenced,A
805,turn 8,not_evidenced,A
806,turn 1,absent,E
806,turn 2,present,E
806,turn 3,absent,E
806,turn 4,absent,E
807,turn 1,absent,F
807,turn 2,present,F
807,turn 3,present,F
808,turn 1,not_evidenced,B
808,turn 2,present,B
808,turn 3,absent,B
809,turn 1,present,A
809,turn 2,absent,A
809,turn 3,not_evidenced,A
810,turn 1,present,D
810,turn 2,present,D
810,turn 3,not_evidenced,D
810,turn 4,not_evidenced,D
810,turn 5,present,D
810,turn 6,not_evidenced,D
810,turn 7,not_evidenced,D
811,turn 1,not_evidenced,E
811,turn 2,absent,E
811,turn 3,absent,E
811,turn 4,absent,E
812,turn 1,present,A
812,turn 2,present,A
812,turn 3,present,A
812,turn 4,present,A
812,turn 5,present,A
813,turn 1,present,E
813,turn 2,present,E
813,turn 3,present,E
813,turn 4,present,E
813,turn 5,absent,E
813,turn 6,absent,E
813,turn 7,present,E
813,turn 8,present,E
813,turn 9,not_evidenced,E
813,turn 10,absent,E
813,turn 11,not_evidenced,E
814,turn 1,present,D
814,turn 2,absent,D
815,turn 1,present,A
815,turn 2,present,A
815,turn 3,present,A
815,turn 4,absent,A
816,turn 1,present,D
816,turn 2,present,D
816,turn 3,present,D
816,turn 4,absent,D
816,turn 5,present,D
816,turn 6,absent,D
816,turn 7,present,D
816,turn 8,present,D
816,turn 9,absent,D
816,turn 10,absent,D
816,turn 11,absent,D
816,turn 12,not_evidenced,D
817,turn 1,present,B
817,turn 2,present,B
817,turn 3,present,B
817,turn 4,present,B
818,turn 1,present,E
818,turn 2,present,E
818,turn 3,absent,E
818,turn 4,absent,E
819,turn 1,not_evidenced,E
819,turn 2,present,E
819,turn 3,present,E
819,turn 4,present,E
819,turn 5,present,E
819,turn 6,present,E
819,turn 7,present,E
819,turn 8,present,E
819,turn 9,absent,E
820,turn 1,not_evidenced,C
820,turn 2,not_evidenced,C
820,turn 3,present,C
820,turn 4,absent,C
820,turn 5,present,C
820,turn 6,present,C
820,turn 7,present,C
820,turn 8,present,C
820,turn 9,present,C
820,turn 10,absent,C
821,turn 1,present,A
821,turn 2,absent,A
821,turn 3,absent,A
822,turn 1,present,D
822,turn 2,absent,D
822,turn 3,present,D
822,turn 4,absent,D
822,turn 5,absent,D
823,turn 1,present,A
823,turn 2,absent,A
823,turn 3,present,A
823,turn 4,absent,A
823,turn 5,present,A
823,turn 6,present,A
823,turn 7,present,A
823,turn 8,absent,A
824,turn 1,present,C
824,turn 2,not_evidenced,C
824,turn 3,absent,C
824,turn 4,not_evidenced,C
824,turn 5,present,C
824,turn 6,absent,C
825,turn 1,present,C
825,turn 2,present,C
825,turn 3,absent,C
825,turn 4,absent,C
825,turn 5,absent,C
825,turn 6,not_evidenced,C
826,turn 1,present,C
826,turn 2,absent,C
826,turn 3,absent,C
826,turn 4,present,C
826,turn 5,present,C
826,turn 6,present,C
826,turn 7,present,C
826,turn 8,present,C
826,turn 9,not_evidenced,C
827,turn 1,present,E
827,turn 2,present,E
827,turn 3,absent,E
827,turn 4,present,E
827,turn 5,present,E
827,turn 6,not_evidenced,E
827,turn 7,present,E
827,turn 8,present,E
827,turn 9,present,E
827,turn 10,present,E
828,turn 1,present,A
828,turn 2,present,A
828,turn 3,absent,A
828,turn 4,absent,A
829,turn 1,absent,B
829,turn 2,present,B
829,turn 3,present,B
829,turn 4,not_evidenced,B
829,turn 5,present,B
830,turn 1,absent,D
830,turn 2,not_evidenced,D
830,turn 3,present,D
830,turn 4,absent,D
831,turn 1,present,D
831,turn 2,present,D
831,turn 3,present,D
831,turn 4,present,D
831,turn 5,absent,D
832,turn 1,present,A
832,turn 2,present,A
832,turn 3,present,A
832,turn 4,absent,A
832,turn 5,not_evidenced,A
832,turn 6,not_evidenced,A
832,turn 7,present,A
832,turn 8,absent,A
832,turn 9,not_evidenced,A
832,turn 10,not_evidenced,A
832,turn 11,not_evidenced,A
833,turn 1,present,D
833,turn 2,not_evidenced,D
833,turn 3,not_evidenced,D
834,turn 1,present,F
834,turn 2,not_evidenced,F
835,turn 1,present,C
835,turn 2,present,C
835,turn 3,present,C
835,turn 4,absent,C
836,turn 1,present,D
836,turn 2,absent,D
836,turn 3,present,D
836,turn 4,not_evidenced,D
837,turn 1,present,B
837,turn 2,not_evidenced,B
837,turn 3,not_evidenced,B
837,turn 4,absent,B
837,turn 5,absent,B
837,turn 6,absent,B
837,turn 7,absent,B
837,turn 8,not_evidenced,B
838,turn 1,present,B
838,turn 2,present,B
838,turn 3,present,B
838,turn 4,present,B
838,turn 5,present,B
838,turn 6,absent,B
838,turn 7,not_evidenced,B
839,turn 1,present,E
839,turn 2,absent,E
839,turn 3,absent,E
839,turn 4,not_evidenced,E
840,turn 1,present,B
840,turn 2,present,B
840,turn 3,present,B
840,turn 4,present,B
840,turn 5,present,B
840,turn 6,present,B
840,turn 7,present,B
840,turn 8,present,B
840,turn 9,present,B
840,turn 10,absent,B
841,turn 1,present,C
841,turn 2,present,C
841,turn 3,present,C
841,turn 4,absent,C
841,turn 5,absent,C
842,turn 1,present,B
842,turn 2,present,B
842,turn 3,absent,B
842,turn 4,present,B
842,turn 5,present,B
842,turn 6,present,B
842,turn 7,present,B
842,turn 8,present,B
843,turn 1,present,E
843,turn 2,absent,E
843,turn 3,absent,E
843,turn 4,not_evidenced,E
844,turn 1,present,E
844,turn 2,present,E
844,turn 3,present,E
844,turn 4,absent,E
845,turn 1,present,F
845,turn 2,present,F
845,turn 3,present,F
845,turn 4,present,F
845,turn 5,absent,F
845,turn 6,absent,F
846,turn 1,present,E
846,turn 2,present,E
846,turn 3,present,E
846,turn 4,present,E
846,turn 5,absent,E
847,turn 1,present,E
847,turn 2,present,E
847,turn 3,present,E
847,turn 4,present,E
847,turn 5,present,E
847,turn 6,not_evidenced,E
848,turn 1,absent,B
848,turn 2,present,B
848,turn 3,present,B
848,turn 4,present,B
848,turn 5,absent,B
848,turn 6,not_evidenced,B
849,turn 1,present,D
849,turn 2,not_evidenced,D
849,turn 3,present,D
849,turn 4,present,D
849,turn 5,present,D
849,turn 6,absent,D
850,turn 1,absent,F
850,turn 2,absent,F
851,turn 1,absent,D
851,turn 2,absent,D
851,turn 3,present,D
851,turn 4,absent,D
851,turn 5,absent,D
852,turn 1,absent,C
852,turn 2,absent,C
852,turn 3,not_evidenced,C
853,turn 1,present,C
853,turn 2,present,C
853,turn 3,present,C
853,turn 4,present,C
853,turn 5,absent,C
853,turn 6,absent,C
854,turn 1,absent,F
854,turn 2,present,F
855,turn 1,present,F
855,turn 2,present,F
855,turn 3,absent,F
855,turn 4,not_evidenced,F
856,turn 1,present,B
856,turn 2,absent,B
856,turn 3,present,B
857,turn 1,present,D
857,turn 2,present,D
857,turn 3,absent,D
858,turn 1,not_evidenced,A
858,turn 2,present,A
858,turn 3,not_evidenced,A
859,turn 1,not_evidenced,F
859,turn 2,present,F
859,turn 3,absent,F
860,turn 1,present,A
860,turn 2,present,A
860,turn 3,present,A
860,turn 4,absent,A
860,turn 5,not_evidenced,A
860,turn 6,not_evidenced,A
861,turn 1,present,A
861,turn 2,absent,A
861,turn 3,absent,A
861,turn 4,absent,A
862,turn 1,present,F
862,turn 2,absent,F
862,turn 3,present,F
862,turn 4,absent,F
862,turn 5,present,F
862,turn 6,present,F
862,turn 7,not_evidenced,F
862,turn 8,not_evidenced,F
862,turn 9,absent,F
863,turn 1,present,B
863,turn 2,present,B
863,turn 3,not_evidenced,B
863,turn 4,present,B
863,turn 5,absent,B
863,turn 6,absent,B
863,turn 7,present,B
863,turn 8,present,B
863,turn 9,absent,B
863,turn 10,not_evidenced,B
863,turn 11,not_evidenced,B
864,turn 1,present,F
864,turn 2,present,F
864,turn 3,present,F
864,turn 4,present,F
864,turn 5,absent,F
865,turn 1,present,D
865,turn 2,present,D
865,turn 3,present,D
865,turn 4,present,D
865,turn 5,absent,D
866,turn 1,present,C
866,turn 2,present,C
866,turn 3,present,C
866,turn 4,present,C
866,turn 5,present,C
866,turn 6,not_evidenced,C
867,turn 1,present,C
867,turn 2,not_evidenced,C
867,turn 3,present,C
867,turn 4,present,C
867,turn 5,present,C
867,turn 6,absent,C
867,turn 7,not_evidenced,C
868,turn 1,present,C
868,turn 2,present,C
868,turn 3,present,C
868,turn 4,present,C
868,turn 5,present,C
868,turn 6,not_evidenced,C
868,turn 7,present,C
868,turn 8,present,C
868,turn 9,present,C
868,turn 10,absent,C
868,turn 11,not_evidenced,C
868,turn 12,not_evidenced,C
868,turn 13,present,C
868,turn 14,present,C
868,turn 15,present,C
869,turn 1,present,F
869,turn 2,present,F
869,turn 3,present,F
869,turn 4,absent,F
869,turn 5,present,F
869,turn 6,present,F
869,turn 7,present,F
869,turn 8,present,F
870,turn 1,present,A
870,turn 2,present,A
870,turn 3,present,A
870,turn 4,not_evidenced,A
870,turn 5,present,A
870,turn 6,present,A
870,turn 7,present,A
870,turn 8,absent,A
871,turn 1,present,F
871,turn 2,not_evidenced,F
871,turn 3,absent,F
871,turn 4,absent,F
871,turn 5,absent,F
871,turn 6,absent,F
871,turn 7,present,F
871,turn 8,absent,F
872,turn 1,present,D
872,turn 2,absent,D
872,turn 3,absent,D
872,turn 4,present,D
872,turn 5,not_evidenced,D
873,turn 1,not_evidenced,F
873,turn 2,not_evidenced,F
873,turn 3,present,F
873,turn 4,present,F
873,turn 5,absent,F
873,turn 6,absent,F
873,turn 7,present,F
873,turn 8,present,F
873,turn 9,present,F
873,turn 10,present,F
874,turn 1,present,F
874,turn 2,present,F
874,turn 3,not_evidenced,F
874,turn 4,absent,F
874,turn 5,absent,F
874,turn 6,not_evidenced,F
875,turn 1,present,D
875,turn 2,absent,D
876,turn 1,present,F
876,turn 2,absent,F
876,turn 3,present,F
876,turn 4,present,F
876,turn 5,present,F
876,turn 6,present,F
876,turn 7,absent,F
876,turn 8,absent,F
876,turn 9,absent,F
877,turn 1,present,C
877,turn 2,absent,C
877,turn 3,present,C
877,turn 4,absent,C
877,turn 5,absent,C
877,turn 6,absent,C
877,turn 7,present,C
877,turn 8,present,C
877,turn 9,present,C
877,turn 10,present,C
877,turn 11,present,C
877,turn 12,present,C
877,turn 13,present,C
877,turn 14,not_evidenced,C
877,turn 15,not_evidenced,C
877,turn 16,not_evidenced,C
879,turn 1,present,A
879,turn 2,present,A
879,turn 3,present,A
879,turn 4,not_evidenced,A
879,turn 5,not_evidenced,A
879,turn 6,absent,A
879,turn 7,present,A
879,turn 8,present,A
879,turn 9,present,A
879,turn 10,present,A
879,turn 11,present,A
879,turn 12,absent,A
880,turn 1,present,A
880,turn 2,not_evidenced,A
880,turn 3,not_evidenced,A
880,turn 4,present,A
880,turn 5,absent,A
881,turn 1,not_evidenced,B
881,turn 2,not_evidenced,B
881,turn 3,present,B
881,turn 4,present,B
881,turn 5,present,B
881,turn 6,not_evidenced,B
881,turn 7,present,B
881,turn 8,present,B
881,turn 9,absent,B
881,turn 10,absent,B
882,turn 1,present,A
882,turn 2,present,A
882,turn 3,present,A
882,turn 4,present,A
882,turn 5,present,A
882,turn 6,not_evidenced,A
883,turn 1,present,B
883,turn 2,not_evidenced,B
883,turn 3,absent,B
883,turn 4,absent,B
883,turn 5,absent,B
883,turn 6,not_evidenced,B
884,turn 1,present,F
884,turn 2,absent,F
884,turn 3,not_evidenced,F
884,turn 4,not_evidenced,F
884,turn 5,not_evidenced,F
885,turn 1,present,F
885,turn 2,present,F
885,turn 3,present,F
885,turn 4,absent,F
885,turn 5,present,F
885,turn 6,present,F
885,turn 7,absent,F
885,turn 8,present,F
885,turn 9,absent,F
886,turn 1,present,B
886,turn 2,present,B
886,turn 3,not_evidenced,B
886,turn 4,present,B
886,turn 5,present,B
886,turn 6,not_evidenced,B
886,turn 7,not_evidenced,B
886,turn 8,present,B
886,turn 9,not_evidenced,B
887,turn 1,not_evidenced,E
887,turn 2,present,E
887,turn 3,absent,E
887,turn 4,absent,E
887,turn 5,absent,E
887,turn 6,absent,E
888,turn 1,absent,E
888,turn 2,absent,E
888,turn 3,absent,E
888,turn 4,absent,E
888,turn 5,absent,E
889,turn 1,present,D
889,turn 2,present,D
889,turn 3,absent,D
889,turn 4,absent,D
889,turn 5,absent,D
889,turn 6,absent,D
890,turn 1,absent,B
890,turn 2,absent,B
891,turn 1,absent,B
891,turn 2,present,B
891,turn 3,present,B
891,turn 4,present,B
891,turn 5,present,B
891,turn 6,present,B
891,turn 7,present,B
891,turn 8,present,B
891,turn 9,present,B
891,turn 10,absent,B
892,turn 1,present,B
892,turn 2,absent,B
892,turn 3,present,B
892,turn 4,absent,B
892,turn 5,not_evidenced,B
893,turn 1,present,D
893,turn 2,not_evidenced,D
893,turn 3,absent,D
893,turn 4,not_evidenced,D
893,turn 5,present,D
893,turn 6,not_evidenced,D
893,turn 7,absent,D
893,turn 8,absent,D
893,turn 9,absent,D
893,turn 10,present,D
893,turn 11,not_evidenced,D
894,turn 1,present,E
894,turn 2,not_evidenced,E
894,turn 3,absent,E
894,turn 4,present,E
894,turn 5,absent,E
895,turn 1,not_evidenced,B
895,turn 2,present,B
895,turn 3,present,B
895,turn 4,not_evidenced,B
895,turn 5,present,B
895,turn 6,present,B
895,turn 7,present,B
895,turn 8,absent,B
895,turn 9,present,B
895,turn 10,absent,B
895,turn 11,not_evidenced,B
896,turn 1,not_evidenced,C
896,turn 2,present,C
896,turn 3,present,C
896,turn 4,absent,C
896,turn 5,absent,C
896,turn 6,absent,C
897,turn 1,present,E
897,turn 2,absent,E
897,turn 3,absent,E
897,turn 4,present,E
897,turn 5,present,E
897,turn 6,absent,E
897,turn 7,absent,E
897,turn 8,present,E
897,turn 9,present,E
897,turn 10,present,E
897,turn 11,present,E
897,turn 12,present,E
897,turn 13,absent,E
897,turn 14,not_evidenced,E
897,turn 15,present,E
897,turn 16,present,E
897,turn 17,present,E
897,turn 18,absent,E
898,turn 1,not_evidenced,C
898,turn 2,absent,C
898,turn 3,present,C
898,turn 4,absent,C
898,turn 5,present,C
898,turn 6,present,C
898,turn 7,present,C
898,turn 8,present,C
898,turn 9,present,C
898,turn 10,present,C
898,turn 11,present,C
899,turn 1,present,F
899,turn 2,present,F
899,turn 3,absent,F
899,turn 4,absent,F
899,turn 5,absent,F
900,turn 1,absent,C
900,turn 2,absent,C
900,turn 3,not_evidenced,C
901,turn 1,absent,B
901,turn 2,present,B
901,turn 3,present,B
901,turn 4,absent,B
901,turn 5,not_evidenced,B
902,turn 1,present,E
902,turn 2,absent,E
902,turn 3,present,E
902,turn 4,not_evidenced,E
902,turn 5,absent,E
902,turn 6,not_evidenced,E
903,turn 1,present,A
903,turn 2,present,A
903,turn 3,present,A
903,turn 4,present,A
903,turn 5,present,A
903,turn 6,present,A
903,turn 7,present,A
904,turn 1,present,C
904,turn 2,present,C
904,turn 3,present,C
904,turn 4,present,C
904,turn 5,not_evidenced,C
904,turn 6,not_evidenced,C
904,turn 7,absent,C
904,turn 8,present,C
904,turn 9,present,C
904,turn 10,present,C
904,turn 11,present,C
905,turn 1,present,E
905,turn 2,present,E
905,turn 3,present,E
905,turn 4,present,E
905,turn 5,absent,E
905,turn 6,present,E
905,turn 7,present,E
905,turn 8,present,E
905,turn 9,present,E
906,turn 1,present,C
906,turn 2,not_evidenced,C
906,turn 3,absent,C
906,turn 4,present,C
906,turn 5,absent,C
906,turn 6,absent,C
906,turn 7,present,C
906,turn 8,absent,C
906,turn 9,present,C
906,turn 10,absent,C
907,turn 1,not_evidenced,B
907,turn 2,not_evidenced,B
907,turn 3,present,B
907,turn 4,present,B
907,turn 5,present,B
907,turn 6,present,B
907,turn 7,absent,B
908,turn 1,absent,D
909,turn 1,present,C
909,turn 2,absent,C
910,turn 1,absent,B
910,turn 2,absent,B
911,turn 1,absent,B
911,turn 2,absent,B
912,turn 1,present,D
912,turn 2,not_evidenced,D
912,turn 3,absent,D
912,turn 4,absent,D
912,turn 5,absent,D
912,turn 6,present,D
912,turn 7,present,D
912,turn 8,present,D
912,turn 9,present,D
912,turn 10,present,D
912,turn 11,absent,D
912,turn 12,absent,D
912,turn 13,present,D
913,turn 1,not_evidenced,D
913,turn 2,absent,D
913,turn 3,absent,D
913,turn 4,absent,D
913,turn 5,absent,D
913,turn 6,absent,D
914,turn 1,present,A
914,turn 2,not_evidenced,A
914,turn 3,absent,A
914,turn 4,absent,A
914,turn 5,absent,A
914,turn 6,absent,A
914,turn 7,absent,A
915,turn 1,present,D
915,turn 2,absent,D
915,turn 3,present,D
915,turn 4,absent,D
915,turn 5,present,D
915,turn 6,not_evidenced,D
916,turn 1,present,E
916,turn 2,present,E
916,turn 3,present,E
916,turn 4,present,E
916,turn 5,present,E
916,turn 6,present,E
916,turn 7,absent,E
916,turn 8,absent,E
916,turn 9,absent,E
917,turn 1,present,E
917,turn 2,present,E
917,turn 3,present,E
917,turn 4,present,E
917,turn 5,present,E
917,turn 6,present,E
917,turn 7,present,E
917,turn 8,present,E
917,turn 9,present,E
917,turn 10,present,E
918,turn 1,present,D
918,turn 2,absent,D
918,turn 3,present,D
918,turn 4,absent,D
918,turn 5,absent,D
919,turn 1,present,E
919,turn 2,not_evidenced,E
919,turn 3,absent,E
919,turn 4,present,E
919,turn 5,absent,E
919,turn 6,present,E
919,turn 7,present,E
919,turn 8,not_evidenced,E
919,turn 9,present,E
919,turn 10,not_evidenced,E
919,turn 11,present,E
919,turn 12,present,E
919,turn 13,absent,E
920,turn 1,present,A
920,turn 2,absent,A
920,turn 3,present,A
920,turn 4,absent,A
920,turn 5,present,A
921,turn 1,present,F
921,turn 2,not_evidenced,F
921,turn 3,not_evidenced,F
921,turn 4,not_evidenced,F
921,turn 5,absent,F
921,turn 6,not_evidenced,F
921,turn 7,present,F
921,turn 8,present,F
921,turn 9,present,F
921,turn 10,absent,F
922,turn 1,present,A
922,turn 2,present,A
922,turn 3,not_evidenced,A
922,turn 4,present,A
922,turn 5,present,A
922,turn 6,present,A
922,turn 7,not_evidenced,A
922,turn 8,present,A
922,turn 9,present,A
922,turn 10,present,A
923,turn 1,present,B
923,turn 2,absent,B
923,turn 3,present,B
923,turn 4,absent,B
923,turn 5,present,B
923,turn 6,present,B
923,turn 7,absent,B
924,turn 1,absent,D
924,turn 2,absent,D
924,turn 3,present,D
924,turn 4,absent,D
925,turn 1,present,B
925,turn 2,absent,B
925,turn 3,absent,B
926,turn 1,present,A
926,turn 2,present,A
926,turn 3,absent,A
927,turn 1,present,A
927,turn 2,not_evidenced,A
927,turn 3,absent,A
927,turn 4,absent,A
927,turn 5,present,A
927,turn 6,absent,A
927,turn 7,absent,A
927,turn 8,absent,A
927,turn 9,absent,A
928,turn 1,present,A
928,turn 2,absent,A
928,turn 3,not_evidenced,A
928,turn 4,present,A
928,turn 5,present,A
928,turn 6,absent,A
928,turn 7,absent,A
929,turn 1,present,C
929,turn 2,not_evidenced,C
930,turn 1,present,D
930,turn 2,not_evidenced,D
930,turn 3,present,D
930,turn 4,present,D
930,turn 5,absent,D
930,turn 6,present,D
930,turn 7,present,D
930,turn 8,not_evidenced,D
930,turn 9,present,D
930,turn 10,not_evidenced,D
930,turn 11,not_evidenced,D
930,turn 12,absent,D
930,turn 13,present,D
930,turn 14,absent,D
930,turn 15,not_evidenced,D
931,turn 1,present,C
931,turn 2,absent,C
931,turn 3,present,C
931,turn 4,absent,C
932,turn 1,present,E
932,turn 2,absent,E
932,turn 3,absent,E
932,turn 4,absent,E
932,turn 5,absent,E
933,turn 1,present,B
933,turn 2,not_evidenced,B
933,turn 3,absent,B
933,turn 4,absent,B
933,turn 5,absent,B
933,turn 6,absent,B
934,turn 1,present,F
934,turn 2,not_evidenced,F
934,turn 3,not_evidenced,F
934,turn 4,absent,F
934,turn 5,not_evidenced,F
935,turn 1,absent,A
935,turn 2,present,A
935,turn 3,absent,A
935,turn 4,not_evidenced,A
935,turn 5,absent,A
935,turn 6,present,A
935,turn 7,present,A
936,turn 1,present,C
936,turn 2,present,C
936,turn 3,not_evidenced,C
936,turn 4,present,C
936,turn 5,absent,C
936,turn 6,absent,C
936,turn 7,absent,C
936,turn 8,present,C
936,turn 9,absent,C
936,turn 10,present,C
936,turn 11,absent,C
936,turn 12,absent,C
936,turn 13,absent,C
936,turn 14,present,C
936,turn 15,absent,C
937,turn 1,present,F
937,turn 2,present,F
937,turn 3,present,F
937,turn 4,present,F
937,turn 5,present,F
937,turn 6,not_evidenced,F
937,turn 7,not_evidenced,F
937,turn 8,absent,F
938,turn 1,present,C
938,turn 2,present,C
938,turn 3,present,C
938,turn 4,not_evidenced,C
938,turn 5,present,C
938,turn 6,not_evidenced,C
938,turn 7,present,C
938,turn 8,absent,C
938,turn 9,not_evidenced,C
938,turn 10,not_evidenced,C
939,turn 1,present,D
939,turn 2,not_evidenced,D
939,turn 3,not_evidenced,D
939,turn 4,absent,D
939,turn 5,not_evidenced,D
939,turn 6,present,D
939,turn 7,absent,D
939,turn 8,not_evidenced,D
939,turn 9,absent,D
940,turn 1,absent,F
940,turn 2,present,F
940,turn 3,present,F
940,turn 4,present,F
940,turn 5,present,F
940,turn 6,present,F
940,turn 7,absent,F
941,turn 1,present,E
941,turn 2,present,E
941,turn 3,present,E
941,turn 4,present,E
941,turn 5,present,E
941,turn 6,present,E
941,turn 7,present,E
941,turn 8,present,E
941,turn 9,present,E
941,turn 10,present,E
942,turn 1,present,D
942,turn 2,absent,D
942,turn 3,present,D
942,turn 4,absent,D
943,turn 1,present,B
943,turn 2,present,B
943,turn 3,not_evidenced,B
943,turn 4,not_evidenced,B
943,turn 5,not_evidenced,B
943,turn 6,present,B
943,turn 7,present,B
943,turn 8,absent,B
944,turn 1,present,F
944,turn 2,present,F
944,turn 3,absent,F
944,turn 4,present,F
944,turn 5,absent,F
944,turn 6,present,F
944,turn 7,present,F
944,turn 8,not_evidenced,F
944,turn 9,present,F
944,turn 10,present,F
945,turn 1,present,B
945,turn 2,absent,B
945,turn 3,absent,B
945,turn 4,absent,B
945,turn 5,present,B
945,turn 6,present,B
945,turn 7,present,B
945,turn 8,present,B
945,turn 9,present,B
945,turn 10,present,B
946,turn 1,present,A
946,turn 2,absent,A
947,turn 1,present,D
947,turn 2,not_evidenced,D
947,turn 3,present,D
947,turn 4,present,D
947,turn 5,absent,D
947,turn 6,present,D
947,turn 7,not_evidenced,D
947,turn 8,not_evidenced,D
947,turn 9,not_evidenced,D
948,turn 1,present,A
948,turn 2,absent,A
948,turn 3,absent,A
948,turn 4,absent,A
949,turn 1,present,B
949,turn 2,present,B
949,turn 3,absent,B
950,turn 1,present,A
950,turn 2,not_evidenced,A
950,turn 3,not_evidenced,A
950,turn 4,absent,A
950,turn 5,absent,A
951,turn 1,present,D
951,turn 2,not_evidenced,D
951,turn 3,present,D
951,turn 4,absent,D
951,turn 5,not_evidenced,D
951,turn 6,not_evidenced,D
951,turn 7,present,D
951,turn 8,absent,D
951,turn 9,not_evidenced,D
951,turn 10,present,D
951,turn 11,not_evidenced,D
951,turn 12,present,D
951,turn 13,present,D
951,turn 14,present,D
951,turn 15,present,D
951,turn 16,absent,D
952,turn 1,absent,D
952,turn 2,absent,D
952,turn 3,absent,D
952,turn 4,absent,D
952,turn 5,absent,D
953,turn 1,absent,A
953,turn 2,absent,A
953,turn 3,absent,A
953,turn 4,absent,A
954,turn 1,present,A
954,turn 2,absent,A
954,turn 3,present,A
954,turn 4,absent,A
954,turn 5,present,A
954,turn 6,present,A
954,turn 7,present,A
954,turn 8,present,A
954,turn 9,present,A
954,turn 10,absent,A
954,turn 11,present,A
954,turn 12,absent,A
954,turn 13,present,A
954,turn 14,absent,A
955,turn 1,not_evidenced,D
955,turn 2,not_evidenced,D
955,turn 3,not_evidenced,D
955,turn 4,absent,D
955,turn 5,present,D
956,turn 1,not_evidenced,A
956,turn 2,present,A
956,turn 3,absent,A
956,turn 4,absent,A
956,turn 5,not_evidenced,A
956,turn 6,absent,A
956,turn 7,absent,A
957,turn 1,absent,B
957,turn 2,absent,B
957,turn 3,not_evidenced,B
957,turn 4,present,B
957,turn 5,present,B
957,turn 6,absent,B
958,turn 1,not_evidenced,A
958,turn 2,not_evidenced,A
958,turn 3,present,A
958,turn 4,absent,A
958,turn 5,absent,A
958,turn 6,not_evidenced,A
958,turn 7,not_evidenced,A
958,turn 8,not_evidenced,A
959,turn 1,absent,F
959,turn 2,present,F
959,turn 3,absent,F
959,turn 4,absent,F
960,turn 1,present,E
960,turn 2,absent,E
960,turn 3,present,E
960,turn 4,present,E
960,turn 5,absent,E
961,turn 1,absent,E
961,turn 2,not_evidenced,E
962,turn 1,present,E
962,turn 2,present,E
962,turn 3,not_evidenced,E
962,turn 4,present,E
962,turn 5,present,E
962,turn 6,present,E
962,turn 7,present,E
962,turn 8,present,E
962,turn 9,present,E
962,turn 10,present,E
962,turn 11,present,E
962,turn 12,present,E
963,turn 1,present,B
963,turn 2,present,B
963,turn 3,present,B
963,turn 4,absent,B
963,turn 5,absent,B
964,turn 1,present,A
964,turn 2,absent,A
965,turn 1,present,A
965,turn 2,not_evidenced,A
965,turn 3,present,A
965,turn 4,absent,A
965,turn 5,absent,A
966,turn 1,present,B
966,turn 2,present,B
966,turn 3,present,B
966,turn 4,absent,B
966,turn 5,present,B
966,turn 6,present,B
966,turn 7,present,B
966,turn 8,absent,B
967,turn 1,present,A
967,turn 2,present,A
967,turn 3,present,A
967,turn 4,present,A
967,turn 5,present,A
967,turn 6,present,A
968,turn 1,present,B
968,turn 2,absent,B
969,turn 1,present,B
969,turn 2,present,B
969,turn 3,present,B
969,turn 4,absent,B
970,turn 1,present,D
970,turn 2,absent,D
970,turn 3,present,D
970,turn 4,present,D
970,turn 5,present,D
970,turn 6,absent,D
971,turn 1,present,B
971,turn 2,absent,B
972,turn 1,present,C
972,turn 2,not_evidenced,C
972,turn 3,absent,C
972,turn 4,absent,C
972,turn 5,absent,C
972,turn 6,absent,C
973,turn 1,present,C
973,turn 2,present,C
973,turn 3,present,C
973,turn 4,present,C
973,turn 5,absent,C
973,turn 6,present,C
974,turn 1,present,B
974,turn 2,present,B
974,turn 3,absent,B
975,turn 1,present,A
975,turn 2,present,A
975,turn 3,absent,A
976,turn 1,present,D
976,turn 2,present,D
976,turn 3,absent,D
976,turn 4,absent,D
977,turn 1,present,D
977,turn 2,present,D
977,turn 3,absent,D
977,turn 4,absent,D
977,turn 5,absent,D
978,turn 1,absent,F
978,turn 2,not_evidenced,F
979,turn 1,present,D
979,turn 2,absent,D
980,turn 1,absent,C
980,turn 2,present,C
980,turn 3,absent,C
981,turn 1,not_evidenced,E
981,turn 2,not_evidenced,E
981,turn 3,absent,E
981,turn 4,not_evidenced,E
981,turn 5,absent,E
982,turn 1,absent,A
982,turn 2,absent,A
982,turn 3,absent,A
983,turn 1,absent,F
983,turn 2,present,F
983,turn 3,present,F
983,turn 4,not_evidenced,F
983,turn 5,not_evidenced,F
983,turn 6,absent,F
984,turn 1,present,F
984,turn 2,present,F
984,turn 3,not_evidenced,F
984,turn 4,present,F
984,turn 5,present,F
985,turn 1,not_evidenced,B
985,turn 2,present,B
985,turn 3,not_evidenced,B
985,turn 4,absent,B
985,turn 5,absent,B
985,turn 6,not_evidenced,B
986,turn 1,absent,E
986,turn 2,absent,E
986,turn 3,present,E
986,turn 4,present,E
986,turn 5,absent,E
987,turn 1,not_evidenced,F
987,turn 2,not_evidenced,F
987,turn 3,not_evidenced,F
987,turn 4,not_evidenced,F
987,turn 5,absent,F
988,turn 1,absent,B
988,turn 2,not_evidenced,B
988,turn 3,not_evidenced,B
989,turn 1,absent,E
989,turn 2,present,E
989,turn 3,present,E
989,turn 4,present,E
989,turn 5,present,E
989,turn 6,present,E
989,turn 7,present,E
989,turn 8,present,E
989,turn 9,present,E
989,turn 10,absent,E
990,turn 1,absent,A
990,turn 2,absent,A
990,turn 3,absent,A
991,turn 1,present,D
991,turn 2,absent,D
991,turn 3,absent,D
991,turn 4,present,D
991,turn 5,absent,D
992,turn 1,absent,C
992,turn 2,not_evidenced,C
993,turn 1,present,E
993,turn 2,not_evidenced,E
993,turn 3,present,E
993,turn 4,present,E
993,turn 5,absent,E
994,turn 1,absent,C
994,turn 2,absent,C
995,turn 1,present,E
995,turn 2,present,E
995,turn 3,present,E
995,turn 4,present,E
996,turn 1,not_evidenced,F
996,turn 2,present,F
996,turn 3,present,F
996,turn 4,present,F
996,turn 5,present,F
996,turn 6,absent,F
997,turn 1,present,A
997,turn 2,not_evidenced,A
997,turn 3,absent,A
998,turn 1,present,F
998,turn 2,absent,F
998,turn 3,absent,F
999,turn 1,present,B
999,turn 2,present,B
999,turn 3,absent,B
999,turn 4,absent,B
1000,turn 1,present,E
1000,turn 2,present,E
1000,turn 3,absent,E
1000,turn 4,not_evidenced,E
1001,turn 1,present,D
1001,turn 2,absent,D
1002,turn 1,present,B
1002,turn 2,present,B
1002,turn 3,present,B
1002,turn 4,present,B
1003,turn 1,present,E
1003,turn 2,present,E
1003,turn 3,present,E
1004,turn 1,present,C
1004,turn 2,present,C
1004,turn 3,present,C
1005,turn 1,present,F
1005,turn 2,present,F
1005,turn 3,present,F
1005,turn 4,present,F
1005,turn 5,present,F
1005,turn 6,present,F
1005,turn 7,absent,F
1005,turn 8,not_evidenced,F
1006,turn 1,present,E
1006,turn 2,present,E
1006,turn 3,present,E
1006,turn 4,present,E
1006,turn 5,present,E
1006,turn 6,absent,E
1007,turn 1,present,D
1007,turn 2,present,D
1007,turn 3,absent,D
1007,turn 4,present,D
1007,turn 5,present,D
1007,turn 6,absent,D
1008,turn 1,present,C
1008,turn 2,present,C
1008,turn 3,present,C
1008,turn 4,absent,C
1009,turn 1,present,C
1009,turn 2,not_evidenced,C
1009,turn 3,present,C
1009,turn 4,not_evidenced,C
1010,turn 1,present,C
1010,turn 2,absent,C
1010,turn 3,absent,C
1010,turn 4,not_evidenced,C
1011,turn 1,present,D
1011,turn 2,present,D
1011,turn 3,absent,D
1011,turn 4,not_evidenced,D
1011,turn 5,absent,D
1011,turn 6,absent,D
1012,turn 1,absent,E
1012,turn 2,absent,E
1012,turn 3,absent,E
1012,turn 4,not_evidenced,E
1013,turn 1,not_evidenced,F
1013,turn 2,not_evidenced,F
1013,turn 3,not_evidenced,F
1013,turn 4,not_evidenced,F
1013,turn 5,present,F
1013,turn 6,present,F
1013,turn 7,present,F
1013,turn 8,present,F
1013,turn 9,present,F
1013,turn 10,present,F
1014,turn 1,absent,F
1014,turn 2,absent,F
1014,turn 3,absent,F
1015,turn 1,absent,D
1015,turn 2,absent,D
1015,turn 3,absent,D
1016,turn 1,present,D
1016,turn 2,present,D
1016,turn 3,not_evidenced,D
1016,turn 4,not_evidenced,D
1016,turn 5,absent,D
1016,turn 6,absent,D
1016,turn 7,absent,D
1016,turn 8,not_evidenced,D
1016,turn 9,present,D
1017,turn 1,present,E
1017,turn 2,present,E
1017,turn 3,present,E
1017,turn 4,present,E
1017,turn 5,present,E
1018,turn 1,present,F
1018,turn 2,present,F
1018,turn 3,present,F
1018,turn 4,absent,F
1019,turn 1,present,C
1019,turn 2,not_evidenced,C
1019,turn 3,present,C
1019,turn 4,not_evidenced,C
1019,turn 5,absent,C
1020,turn 1,present,E
1020,turn 2,absent,E
1020,turn 3,absent,E
1021,turn 1,absent,F
1021,turn 2,not_evidenced,F
1022,turn 1,present,E
1022,turn 2,present,E
1022,turn 3,present,E
1022,turn 4,not_evidenced,E
1022,turn 5,present,E
1022,turn 6,absent,E
1022,turn 7,absent,E
1022,turn 8,present,E
1022,turn 9,present,E
1022,turn 10,absent,E
1023,turn 1,present,D
1023,turn 2,present,D
1023,turn 3,present,D
1023,turn 4,absent,D
1023,turn 5,absent,D
1023,turn 6,present,D
1023,turn 7,absent,D
1024,turn 1,present,E
1024,turn 2,absent,E
1025,turn 1,not_evidenced,C
1025,turn 2,present,C
1025,turn 3,present,C
1025,turn 4,absent,C
1025,turn 5,present,C
1025,turn 6,absent,C
1026,turn 1,present,D
1026,turn 2,absent,D
1026,turn 3,present,D
1026,turn 4,present,D
1026,turn 5,present,D
1026,turn 6,absent,D
1027,turn 1,absent,B
1027,turn 2,present,B
1027,turn 3,absent,B
1028,turn 1,present,E
1028,turn 2,present,E
1028,turn 3,present,E
1028,turn 4,present,E
1028,turn 5,present,E
1028,turn 6,present,E
1028,turn 7,present,E
1028,turn 8,present,E
1028,turn 9,present,E
1029,turn 1,absent,D
1029,turn 2,not_evidenced,D
1030,turn 1,not_evidenced,D
1030,turn 2,present,D
1030,turn 3,absent,D
1030,turn 4,absent,D
1031,turn 1,absent,A
1031,turn 2,absent,A
1031,turn 3,present,A
1031,turn 4,present,A
1031,turn 5,present,A
1031,turn 6,present,A
1031,turn 7,present,A
1031,turn 8,present,A
1031,turn 9,present,A
1031,turn 10,present,A
1031,turn 11,present,A
1031,turn 12,present,A
1031,turn 13,present,A
1031,turn 14,present,A
1032,turn 1,present,E
1032,turn 2,absent,E
1032,turn 3,absent,E
1033,turn 1,not_evidenced,E
1033,turn 2,not_evidenced,E
1034,turn 1,absent,A
1034,turn 2,present,A
1034,turn 3,present,A
1034,turn 4,present,A
1034,turn 5,present,A
1035,turn 1,absent,F
1035,turn 2,absent,F
1035,turn 3,not_evidenced,F
1035,turn 4,not_evidenced,F
1036,turn 1,absent,B
1036,turn 2,absent,B
1036,turn 3,not_evidenced,B
1036,turn 4,absent,B
1037,turn 1,present,F
1037,turn 2,not_evidenced,F
1037,turn 3,present,F
1037,turn 4,not_evidenced,F
1037,turn 5,present,F
1038,turn 1,absent,E
1038,turn 2,not_evidenced,E
1039,turn 1,present,E
1039,turn 2,absent,E
1039,turn 3,absent,E
1040,turn 1,absent,A
1040,turn 2,absent,A
1040,turn 3,not_evidenced,A
1041,turn 1,absent,D
1041,turn 2,not_evidenced,D
1042,turn 1,present,B
1042,turn 2,present,B
1042,turn 3,present,B
1042,turn 4,absent,B
1042,turn 5,present,B
1042,turn 6,present,B
1042,turn 7,absent,B
1043,turn 1,present,D
1043,turn 2,absent,D
1043,turn 3,present,D
1043,turn 4,present,D
1043,turn 5,absent,D
1043,turn 6,absent,D
1043,turn 7,absent,D
1044,turn 1,present,B
1044,turn 2,present,B
1044,turn 3,present,B
1044,turn 4,present,B
1044,turn 5,present,B
1044,turn 6,present,B
1044,turn 7,present,B
1046,turn 1,present,B
1046,turn 2,present,B
1046,turn 3,absent,B
1046,turn 4,absent,B
1046,turn 5,present,B
1046,turn 6,present,B
1046,turn 7,present,B
1047,turn 1,not_evidenced,C
1047,turn 2,present,C
1047,turn 3,not_evidenced,C
1047,turn 4,present,C
1047,turn 5,present,C
1047,turn 6,present,C
1047,turn 7,present,C
1047,turn 8,present,C
1048,turn 1,present,C
1048,turn 2,present,C
1048,turn 3,present,C
1048,turn 4,present,C
1048,turn 5,absent,C
1049,turn 1,not_evidenced,E
1049,turn 2,present,E
1049,turn 3,absent,E
1049,turn 4,present,E
1049,turn 5,present,E
1049,turn 6,absent,E
1050,turn 1,present,B
1050,turn 2,present,B
1050,turn 3,present,B
1050,turn 4,absent,B
1051,turn 1,present,F
1051,turn 2,present,F
1051,turn 3,absent,F
1051,turn 4,present,F
1051,turn 5,present,F
1051,turn 6,absent,F
1052,turn 1,present,D
1052,turn 2,absent,D
1053,turn 1,absent,D
1054,turn 1,not_evidenced,C
1054,turn 2,not_evidenced,C
1055,turn 1,present,B
1055,turn 2,present,B
1055,turn 3,present,B
1055,turn 4,not_evidenced,B
1055,turn 5,present,B
1055,turn 6,not_evidenced,B
1056,turn 1,present,B
1056,turn 2,present,B
1056,turn 3,present,B
1056,turn 4,present,B
1056,turn 5,present,B
1056,turn 6,present,B
1056,turn 7,present,B
1056,turn 8,present,B
1056,turn 9,absent,B
1056,turn 10,present,B
1056,turn 11,present,B
1057,turn 1,present,B
1057,turn 2,absent,B
1057,turn 3,not_evidenced,B
1058,turn 1,present,E
1058,turn 2,not_evidenced,E
1058,turn 3,present,E
1058,turn 4,present,E
1058,turn 5,present,E
1058,turn 6,absent,E
1058,turn 7,absent,E
1059,turn 1,present,D
1059,turn 2,absent,D
1059,turn 3,absent,D
1060,turn 1,present,D
1060,turn 2,absent,D
1061,turn 1,present,C
1061,turn 2,absent,C
1061,turn 3,absent,C
1061,turn 4,absent,C
1061,turn 5,absent,C
1061,turn 6,absent,C
1062,turn 1,present,E
1062,turn 2,not_evidenced,E
1062,turn 3,absent,E
1063,turn 1,present,F
1063,turn 2,present,F
1063,turn 3,not_evidenced,F
1063,turn 4,not_evidenced,F
1063,turn 5,present,F
1063,turn 6,present,F
1063,turn 7,present,F
1063,turn 8,present,F
1063,turn 9,absent,F
1064,turn 1,present,B
1064,turn 2,present,B
1064,turn 3,absent,B
1064,turn 4,not_evidenced,B
1065,turn 1,present,E
1065,turn 2,present,E
1065,turn 3,present,E
1065,turn 4,not_evidenced,E
1065,turn 5,present,E
1065,turn 6,absent,E
1065,turn 7,absent,E
1065,turn 8,absent,E
1065,turn 9,absent,E
1066,turn 1,present,B
1066,turn 2,absent,B
1066,turn 3,present,B
1066,turn 4,absent,B
1067,turn 1,present,F
1067,turn 2,absent,F
1067,turn 3,absent,F
1067,turn 4,present,F
1067,turn 5,present,F
1067,turn 6,present,F
1067,turn 7,absent,F
1068,turn 1,present,D
1068,turn 2,absent,D
1068,turn 3,absent,D
1068,turn 4,present,D
1068,turn 5,present,D
1068,turn 6,present,D
1068,turn 7,present,D
1068,turn 8,absent,D
1069,turn 1,present,F
1069,turn 2,absent,F
1070,turn 1,present,C
1070,turn 2,present,C
1070,turn 3,present,C
1070,turn 4,absent,C
1070,turn 5,present,C
1070,turn 6,absent,C
1070,turn 7,present,C
1070,turn 8,absent,C
1070,turn 9,present,C
1070,turn 10,present,C
1070,turn 11,not_evidenced,C
1070,turn 12,present,C
1070,turn 13,not_evidenced,C
1071,turn 1,present,A
1071,turn 2,present,A
1071,turn 3,present,A
1071,turn 4,present,A
1071,turn 5,present,A
1071,turn 6,present,A
1071,turn 7,present,A
1072,turn 1,present,E
1072,turn 2,present,E
1072,turn 3,present,E
1072,turn 4,absent,E
1073,turn 1,present,E
1073,turn 2,present,E
1073,turn 3,absent,E
1074,turn 1,present,A
1074,turn 2,absent,A
1075,turn 1,present,E
1075,turn 2,present,E
1075,turn 3,present,E
1075,turn 4,absent,E
1076,turn 1,present,E
1076,turn 2,absent,E
1076,turn 3,present,E
1076,turn 4,present,E
1076,turn 5,present,E
1076,turn 6,present,E
1076,turn 7,present,E
1077,turn 1,not_evidenced,E
1077,turn 2,present,E
1077,turn 3,absent,E
1077,turn 4,present,E
1077,turn 5,not_evidenced,E
1078,turn 1,present,D
1078,turn 2,present,D
1078,turn 3,absent,D
1078,turn 4,present,D
1078,turn 5,present,D
1078,turn 6,not_evidenced,D
1078,turn 7,absent,D
1078,turn 8,present,D
1078,turn 9,not_evidenced,D
1079,turn 1,present,E
1079,turn 2,present,E
1079,turn 3,absent,E
1079,turn 4,absent,E
1079,turn 5,present,E
1079,turn 6,present,E
1079,turn 7,present,E
1079,turn 8,not_evidenced,E
1080,turn 1,present,D
1080,turn 2,present,D
1080,turn 3,absent,D
1080,turn 4,absent,D
1080,turn 5,present,D
1080,turn 6,not_evidenced,D
1081,turn 1,present,F
1081,turn 2,not_evidenced,F
1081,turn 3,not_evidenced,F
1081,turn 4,present,F
1081,turn 5,present,F
1081,turn 6,present,F
1081,turn 7,absent,F
1082,turn 1,present,A
1082,turn 2,present,A
1082,turn 3,present,A
1082,turn 4,absent,A
1083,turn 1,not_evidenced,D
1083,turn 2,absent,D
1083,turn 3,not_evidenced,D
1083,turn 4,absent,D
1083,turn 5,not_evidenced,D
1084,turn 1,present,D
1084,turn 2,not_evidenced,D
1084,turn 3,not_evidenced,D
1084,turn 4,absent,D
1084,turn 5,absent,D
1084,turn 6,absent,D
1084,turn 7,absent,D
1085,turn 1,present,A
1085,turn 2,present,A
1085,turn 3,present,A
1085,turn 4,not_evidenced,A
1085,turn 5,present,A
1085,turn 6,absent,A
1086,turn 1,present,D
1086,turn 2,absent,D
1086,turn 3,absent,D
1086,turn 4,absent,D
1087,turn 1,present,A
1087,turn 2,present,A
1087,turn 3,absent,A
1087,turn 4,absent,A
1087,turn 5,not_evidenced,A
1088,turn 1,present,D
1088,turn 2,present,D
1088,turn 3,present,D
1088,turn 4,present,D
1088,turn 5,not_evidenced,D
1088,turn 6,present,D
1088,turn 7,present,D
1088,turn 8,absent,D
1088,turn 9,absent,D
1089,turn 1,absent,D
1089,turn 2,present,D
1089,turn 3,not_evidenced,D
1089,turn 4,absent,D
1089,turn 5,absent,D
1089,turn 6,absent,D
1089,turn 7,not_evidenced,D
1090,turn 1,present,D
1090,turn 2,present,D
1090,turn 3,absent,D
1090,turn 4,present,D
1090,turn 5,present,D
1091,turn 1,present,F
1091,turn 2,not_evidenced,F
1091,turn 3,not_evidenced,F
1091,turn 4,not_evidenced,F
1091,turn 5,present,F
1091,turn 6,present,F
1091,turn 7,present,F
1091,turn 8,present,F
1091,turn 9,present,F
1092,turn 1,present,B
1092,turn 2,present,B
1092,turn 3,present,B
1092,turn 4,absent,B
1092,turn 5,absent,B
1092,turn 6,absent,B
1092,turn 7,absent,B
1092,turn 8,not_evidenced,B
1092,turn 9,not_evidenced,B
1093,turn 1,present,D
1093,turn 2,absent,D
1093,turn 3,absent,D
1093,turn 4,present,D
1093,turn 5,absent,D
1093,turn 6,present,D
1093,turn 7,not_evidenced,D
1093,turn 8,present,D
1093,turn 9,absent,D
1094,turn 1,absent,F
1094,turn 2,absent,F
1094,turn 3,absent,F
1094,turn 4,present,F
1094,turn 5,present,F
1095,turn 1,not_evidenced,D
1095,turn 2,absent,D
1095,turn 3,present,D
1095,turn 4,absent,D
1095,turn 5,present,D
1095,turn 6,absent,D
1096,turn 1,not_evidenced,C
1096,turn 2,not_evidenced,C
1096,turn 3,absent,C
1096,turn 4,present,C
1096,turn 5,present,C
1096,turn 6,absent,C
1096,turn 7,present,C
1096,turn 8,not_evidenced,C
1096,turn 9,present,C
1096,turn 10,absent,C
1097,turn 1,present,F
1097,turn 2,present,F
1097,turn 3,present,F
1097,turn 4,absent,F
1097,turn 5,absent,F
1097,turn 6,absent,F
1098,turn 1,present,B
1098,turn 2,absent,B
1098,turn 3,present,B
1098,turn 4,absent,B
1098,turn 5,present,B
1098,turn 6,present,B
1098,turn 7,present,B
1098,turn 8,present,B
1098,turn 9,present,B
1098,turn 10,present,B
1098,turn 11,absent,B
1099,turn 1,present,C
1099,turn 2,present,C
1099,turn 3,present,C
1099,turn 4,absent,C
1099,turn 5,present,C
1099,turn 6,present,C
1099,turn 7,absent,C
1099,turn 8,not_evidenced,C
1100,turn 1,present,D
1100,turn 2,present,D
1100,turn 3,absent,D
1100,turn 4,not_evidenced,D
1101,turn 1,present,D
1101,turn 2,absent,D
1101,turn 3,present,D
1101,turn 4,absent,D
1101,turn 5,not_evidenced,D
1102,turn 1,present,C
1102,turn 2,absent,C
1102,turn 3,present,C
1102,turn 4,present,C
1102,turn 5,absent,C
1102,turn 6,not_evidenced,C
1103,turn 1,present,F
1103,turn 2,absent,F
1103,turn 3,present,F
1103,turn 4,present,F
1103,turn 5,absent,F
1103,turn 6,not_evidenced,F
1104,turn 1,present,F
1104,turn 2,not_evidenced,F
1104,turn 3,present,F
1104,turn 4,present,F
1104,turn 5,present,F
1104,turn 6,not_evidenced,F
1105,turn 1,present,D
1105,turn 2,present,D
1105,turn 3,present,D
1105,turn 4,present,D
1105,turn 5,present,D
1105,turn 6,present,D
1105,turn 7,not_evidenced,D
1106,turn 1,present,B
1106,turn 2,present,B
1106,turn 3,absent,B
1106,turn 4,present,B
1106,turn 5,absent,B
1106,turn 6,not_evidenced,B
1107,turn 1,present,F
1107,turn 2,present,F
1107,turn 3,absent,F
1107,turn 4,present,F
1107,turn 5,not_evidenced,F
1107,turn 6,absent,F
1108,turn 1,present,B
1108,turn 2,not_evidenced,B
1108,turn 3,not_evidenced,B
1108,turn 4,not_evidenced,B
1108,turn 5,present,B
1108,turn 6,present,B
1108,turn 7,not_evidenced,B
1108,turn 8,present,B
1108,turn 9,absent,B
1109,turn 1,present,E
1109,turn 2,absent,E
1109,turn 3,present,E
1109,turn 4,present,E
1109,turn 5,absent,E
1110,turn 1,present,E
1110,turn 2,present,E
1110,turn 3,present,E
1110,turn 4,present,E
1110,turn 5,absent,E
1111,turn 1,present,F
1111,turn 2,present,F
1111,turn 3,absent,F
1111,turn 4,absent,F
1111,turn 5,present,F
1111,turn 6,present,F
1111,turn 7,absent,F
1111,turn 8,present,F
1111,turn 9,present,F
1111,turn 10,present,F
1111,turn 11,present,F
1111,turn 12,absent,F
1112,turn 1,present,D
1112,turn 2,present,D
1112,turn 3,absent,D
1112,turn 4,absent,D
1112,turn 5,not_evidenced,D
1113,turn 1,present,A
1113,turn 2,absent,A
1113,turn 3,not_evidenced,A
1114,turn 1,present,D
1114,turn 2,present,D
1114,turn 3,not_evidenced,D
1114,turn 4,not_evidenced,D
1114,turn 5,not_evidenced,D
1114,turn 6,not_evidenced,D
1114,turn 7,not_evidenced,D
1114,turn 8,present,D
1114,turn 9,present,D
1114,turn 10,present,D
1114,turn 11,absent,D
1115,turn 1,present,B
1115,turn 2,present,B
1115,turn 3,present,B
1115,turn 4,present,B
1115,turn 5,present,B
1115,turn 6,absent,B
1116,turn 1,present,C
1116,turn 2,present,C
1116,turn 3,absent,C
1116,turn 4,present,C
1116,turn 5,absent,C
1117,turn 1,present,F
1117,turn 2,absent,F
1117,turn 3,present,F
1117,turn 4,absent,F
1117,turn 5,absent,F
1118,turn 1,present,D
1118,turn 2,present,D
1118,turn 3,absent,D
1118,turn 4,absent,D
1118,turn 5,present,D
1118,turn 6,present,D
1118,turn 7,present,D
1118,turn 8,present,D
1118,turn 9,present,D
1118,turn 10,not_evidenced,D
1118,turn 11,present,D
1118,turn 12,present,D
1118,turn 13,present,D
1118,turn 14,present,D
1118,turn 15,present,D
1119,turn 1,present,F
1119,turn 2,not_evidenced,F
1119,turn 3,absent,F
1119,turn 4,absent,F
1120,turn 1,present,A
1120,turn 2,present,A
1120,turn 3,present,A
1120,turn 4,present,A
1120,turn 5,present,A
1120,turn 6,not_evidenced,A
1120,turn 7,absent,A
1120,turn 8,absent,A
1120,turn 9,absent,A
1120,turn 10,absent,A
1121,turn 1,present,A
1121,turn 2,absent,A
1122,turn 1,present,A
1122,turn 2,absent,A
1122,turn 3,present,A
1122,turn 4,absent,A
1123,turn 1,present,B
1123,turn 2,absent,B
1123,turn 3,present,B
1123,turn 4,absent,B
1123,turn 5,present,B
1123,turn 6,present,B
1123,turn 7,present,B
1123,turn 8,absent,B
1123,turn 9,absent,B
1124,turn 1,present,A
1124,turn 2,absent,A
1124,turn 3,absent,A
1124,turn 4,present,A
1124,turn 5,present,A
1124,turn 6,present,A
1124,turn 7,absent,A
1125,turn 1,present,D
1125,turn 2,absent,D
1125,turn 3,present,D
1125,turn 4,present,D
1125,turn 5,present,D
1125,turn 6,present,D
1125,turn 7,absent,D
1126,turn 1,present,D
1126,turn 2,absent,D
1127,turn 1,present,D
1127,turn 2,absent,D
1128,turn 1,present,E
1128,turn 2,absent,E
1128,turn 3,absent,E
1129,turn 1,present,A
1129,turn 2,present,A
1129,turn 3,absent,A
1129,turn 4,absent,A
1129,turn 5,absent,A
1130,turn 1,not_evidenced,E
1130,turn 2,present,E
1130,turn 3,present,E
1130,turn 4,absent,E
1130,turn 5,absent,E
1130,turn 6,absent,E
1130,turn 7,absent,E
1130,turn 8,absent,E
1130,turn 9,absent,E
1131,turn 1,present,B
1131,turn 2,present,B
1131,turn 3,present,B
1131,turn 4,present,B
1131,turn 5,present,B
1131,turn 6,not_evidenced,B
1131,turn 7,absent,B
1132,turn 1,not_evidenced,C
1132,turn 2,absent,C
1132,turn 3,absent,C
1132,turn 4,absent,C
1132,turn 5,present,C
1133,turn 1,present,F
1133,turn 2,present,F
1133,turn 3,present,F
1133,turn 4,absent,F
1133,turn 5,absent,F
1133,turn 6,not_evidenced,F
1134,turn 1,present,B
1134,turn 2,present,B
1134,turn 3,absent,B
1134,turn 4,present,B
1134,turn 5,not_evidenced,B
1135,turn 1,present,F
1135,turn 2,not_evidenced,F
1135,turn 3,absent,F
1135,turn 4,absent,F
1135,turn 5,absent,F
1135,turn 6,absent,F
1136,turn 1,absent,D
1136,turn 2,not_evidenced,D
1136,turn 3,present,D
1136,turn 4,present,D
1136,turn 5,present,D
1136,turn 6,present,D
1136,turn 7,present,D
1136,turn 8,present,D
1136,turn 9,present,D
1136,turn 10,not_evidenced,D
1137,turn 1,present,C
1137,turn 2,present,C
1137,turn 3,present,C
1137,turn 4,present,C
1137,turn 5,present,C
1137,turn 6,absent,C
1138,turn 1,present,E
1138,turn 2,present,E
1138,turn 3,absent,E
1138,turn 4,present,E
1138,turn 5,present,E
1138,turn 6,present,E
1138,turn 7,present,E
1138,turn 8,absent,E
1138,turn 9,not_evidenced,E
1139,turn 1,present,F
1139,turn 2,absent,F
1139,turn 3,absent,F
1140,turn 1,present,C
1140,turn 2,present,C
1140,turn 3,absent,C
1140,turn 4,present,C
1140,turn 5,not_evidenced,C
1140,turn 6,not_evidenced,C
1140,turn 7,not_evidenced,C
1140,turn 8,not_evidenced,C
1140,turn 9,not_evidenced,C
1141,turn 1,present,D
1141,turn 2,present,D
1141,turn 3,absent,D
1141,turn 4,present,D
1141,turn 5,absent,D
1142,turn 1,present,C
1142,turn 2,present,C
1142,turn 3,absent,C
1142,turn 4,absent,C
1142,turn 5,absent,C
1143,turn 1,present,F
1143,turn 2,absent,F
1143,turn 3,present,F
1143,turn 4,not_evidenced,F
1143,turn 5,present,F
1143,turn 6,present,F
1143,turn 7,absent,F
1143,turn 8,absent,F
1144,turn 1,present,D
1144,turn 2,present,D
1144,turn 3,absent,D
1144,turn 4,absent,D
1144,turn 5,absent,D
1144,turn 6,absent,D
1144,turn 7,present,D
1144,turn 8,present,D
1144,turn 9,present,D
1144,turn 10,not_evidenced,D
1145,turn 1,absent,C
1145,turn 2,present,C
1145,turn 3,present,C
1145,turn 4,present,C
1145,turn 5,present,C
1145,turn 6,absent,C
1145,turn 7,not_evidenced,C
1146,turn 1,present,F
1146,turn 2,present,F
1146,turn 3,present,F
1146,turn 4,present,F
1146,turn 5,present,F
1146,turn 6,absent,F
1146,turn 7,present,F
1146,turn 8,absent,F
1146,turn 9,absent,F
1146,turn 10,present,F
1146,turn 11,absent,F
1146,turn 12,present,F
1146,turn 13,present,F
1146,turn 14,present,F
1147,turn 1,present,F
1147,turn 2,absent,F
1147,turn 3,present,F
1147,turn 4,present,F
1147,turn 5,not_evidenced,F
1147,turn 6,not_evidenced,F
1147,turn 7,absent,F
1147,turn 8,absent,F
1148,turn 1,present,A
1148,turn 2,not_evidenced,A
1148,turn 3,absent,A
1148,turn 4,absent,A
1149,turn 1,present,D
1149,turn 2,present,D
1149,turn 3,absent,D
1150,turn 1,present,C
1150,turn 2,present,C
1150,turn 3,absent,C
1150,turn 4,present,C
1150,turn 5,absent,C
1151,turn 1,present,F
1151,turn 2,present,F
1151,turn 3,present,F
1151,turn 4,present,F
1151,turn 5,absent,F
1152,turn 1,present,F
1152,turn 2,present,F
1152,turn 3,present,F
1152,turn 4,absent,F
1153,turn 1,absent,C
1153,turn 2,absent,C
1153,turn 3,absent,C
1153,turn 4,absent,C
1153,turn 5,not_evidenced,C
1154,turn 1,absent,C
1154,turn 2,absent,C
1154,turn 3,absent,C
1154,turn 4,absent,C
1154,turn 5,absent,C
1155,turn 1,absent,E
1155,turn 2,absent,E
1155,turn 3,absent,E
1155,turn 4,absent,E
1155,turn 5,absent,E
1155,turn 6,present,E
1155,turn 7,absent,E
1155,turn 8,absent,E
1155,turn 9,not_evidenced,E
1156,turn 1,present,A
1156,turn 2,absent,A
1156,turn 3,absent,A
1156,turn 4,absent,A
1156,turn 5,not_evidenced,A
1156,turn 6,absent,A
1157,turn 1,not_evidenced,D
1157,turn 2,not_evidenced,D
1157,turn 3,absent,D
1157,turn 4,present,D
1157,turn 5,present,D
1157,turn 6,present,D
1157,turn 7,not_evidenced,D
1157,turn 8,absent,D
1157,turn 9,present,D
1157,turn 10,present,D
1158,turn 1,absent,E
1158,turn 2,absent,E
1158,turn 3,not_evidenced,E
1158,turn 4,absent,E
1158,turn 5,absent,E
1158,turn 6,absent,E
1158,turn 7,absent,E
1159,turn 1,not_evidenced,A
1159,turn 2,absent,A
1159,turn 3,not_evidenced,A
1159,turn 4,not_evidenced,A
1159,turn 5,present,A
1159,turn 6,not_evidenced,A
1159,turn 7,present,A
1159,turn 8,present,A
1159,turn 9,present,A
1159,turn 10,present,A
1160,turn 1,absent,B
1160,turn 2,present,B
1160,turn 3,absent,B
1160,turn 4,not_evidenced,B
1160,turn 5,not_evidenced,B
1160,turn 6,not_evidenced,B
1160,turn 7,not_evidenced,B
1161,turn 1,absent,F
1161,turn 2,absent,F
1161,turn 3,absent,F
1161,turn 4,absent,F
1161,turn 5,absent,F
1161,turn 6,absent,F
1162,turn 1,present,B
1162,turn 2,present,B
1162,turn 3,absent,B
1163,turn 1,present,E
1163,turn 2,present,E
1163,turn 3,absent,E
1164,turn 1,absent,C
1165,turn 1,absent,C
1165,turn 2,present,C
1165,turn 3,present,C
1165,turn 4,not_evidenced,C
1166,turn 1,absent,A
1166,turn 2,absent,A
1167,turn 1,present,F
1167,turn 2,present,F
1167,turn 3,present,F
1167,turn 4,present,F
1167,turn 5,present,F
1167,turn 6,not_evidenced,F
1167,turn 7,absent,F
1168,turn 1,present,F
1168,turn 2,present,F
1168,turn 3,present,F
1168,turn 4,absent,F
1168,turn 5,not_evidenced,F
1169,turn 1,present,B
1169,turn 2,absent,B
1170,turn 1,present,E
1170,turn 2,absent,E
1170,turn 3,not_evidenced,E
1170,turn 4,absent,E
1171,turn 1,present,F
1171,turn 2,absent,F
1171,turn 3,absent,F
1172,turn 1,present,B
1172,turn 2,absent,B
1172,turn 3,absent,B
1173,turn 1,present,D
1173,turn 2,absent,D
1174,turn 1,present,F
1174,turn 2,not_evidenced,F
1174,turn 3,present,F
1174,turn 4,present,F
1174,turn 5,absent,F
1174,turn 6,present,F
1174,turn 7,absent,F
1174,turn 8,not_evidenced,F
1174,turn 9,absent,F
1174,turn 10,absent,F
1174,turn 11,present,F
1174,turn 12,present,F
1174,turn 13,absent,F
1175,turn 1,present,E
1175,turn 2,present,E
1175,turn 3,present,E
1175,turn 4,absent,E
1175,turn 5,absent,E
1175,turn 6,not_evidenced,E
1176,turn 1,not_evidenced,C
1176,turn 2,absent,C
1177,turn 1,present,D
1177,turn 2,present,D
1177,turn 3,present,D
1177,turn 4,absent,D
1177,turn 5,present,D
1177,turn 6,present,D
1177,turn 7,present,D
1177,turn 8,present,D
1177,turn 9,present,D
1177,turn 10,present,D
1178,turn 1,present,E
1178,turn 2,present,E
1178,turn 3,present,E
1178,turn 4,present,E
1178,turn 5,present,E
1178,turn 6,present,E
1178,turn 7,present,E
1178,turn 8,present,E
1178,turn 9,present,E
1178,turn 10,present,E
1179,turn 1,present,F
1179,turn 2,present,F
1179,turn 3,absent,F
1179,turn 4,absent,F
1180,turn 1,present,D
1180,turn 2,absent,D
1180,turn 3,present,D
1180,turn 4,present,D
1180,turn 5,not_evidenced,D
1180,turn 6,present,D
1180,turn 7,present,D
1180,turn 8,absent,D
1180,turn 9,absent,D
1180,turn 10,present,D
1180,turn 11,present,D
1181,turn 1,present,B
1181,turn 2,present,B
1181,turn 3,present,B
1181,turn 4,present,B
1181,turn 5,absent,B
1182,turn 1,absent,B
1182,turn 2,not_evidenced,B
1183,turn 1,present,A
1183,turn 2,not_evidenced,A
1183,turn 3,not_evidenced,A
1183,turn 4,absent,A
1184,turn 1,present,D
1184,turn 2,present,D
1184,turn 3,present,D
1184,turn 4,not_evidenced,D
1184,turn 5,present,D
1184,turn 6,present,D
1184,turn 7,present,D
1184,turn 8,present,D
1184,turn 9,present,D
1184,turn 10,present,D
1184,turn 11,present,D
1184,turn 12,present,D
1184,turn 13,present,D
1184,turn 14,absent,D
1184,turn 15,not_evidenced,D
1185,turn 1,present,D
1185,turn 2,absent,D
1185,turn 3,absent,D
1185,turn 4,absent,D
1185,turn 5,present,D
1185,turn 6,present,D
1185,turn 7,present,D
1185,turn 8,absent,D
1185,turn 9,absent,D
1185,turn 10,not_evidenced,D
1185,turn 11,absent,D
1187,turn 1,present,D
1187,turn 2,absent,D
1187,turn 3,present,D
1187,turn 4,absent,D
1187,turn 5,not_evidenced,D
1187,turn 6,present,D
1187,turn 7,absent,D
1187,turn 8,present,D
1188,turn 1,present,A
1188,turn 2,present,A
1188,turn 3,absent,A
1189,turn 1,present,D
1189,turn 2,not_evidenced,D
1189,turn 3,present,D
1189,turn 4,absent,D
1189,turn 5,absent,D
1190,turn 1,present,B
1190,turn 2,absent,B
1190,turn 3,not_evidenced,B
1190,turn 4,not_evidenced,B
1190,turn 5,present,B
1190,turn 6,absent,B
1190,turn 7,absent,B
1191,turn 1,absent,A
1191,turn 2,not_evidenced,A
1191,turn 3,absent,A
1192,turn 1,present,A
1192,turn 2,absent,A
1192,turn 3,present,A
1192,turn 4,present,A
1192,turn 5,present,A
1192,turn 6,present,A
1192,turn 7,absent,A
1193,turn 1,present,B
1193,turn 2,present,B
1193,turn 3,present,B
1193,turn 4,not_evidenced,B
1193,turn 5,not_evidenced,B
1193,turn 6,absent,B
1193,turn 7,present,B
1193,turn 8,present,B
1193,turn 9,present,B
1193,turn 10,present,B
1193,turn 11,present,B
1193,turn 12,absent,B
1194,turn 1,present,F
1194,turn 2,present,F
1194,turn 3,present,F
1194,turn 4,present,F
1194,turn 5,present,F
1194,turn 6,present,F
1194,turn 7,not_evidenced,F
1195,turn 1,present,A
1195,turn 2,present,A
1195,turn 3,absent,A
1196,turn 1,present,F
1196,turn 2,absent,F
1197,turn 1,present,E
1197,turn 2,present,E
1197,turn 3,present,E
1197,turn 4,present,E
1197,turn 5,present,E
1197,turn 6,not_evidenced,E
1198,turn 1,present,F
1198,turn 2,absent,F
1199,turn 1,present,A
1199,turn 2,present,A
1199,turn 3,present,A
1199,turn 4,present,A
1199,turn 5,not_evidenced,A
1200,turn 1,present,C
1200,turn 2,absent,C
1200,turn 3,absent,C
1200,turn 4,absent,C
1200,turn 5,not_evidenced,C
1201,turn 1,absent,A
1201,turn 2,absent,A
1201,turn 3,absent,A
1202,turn 1,absent,C
1202,turn 2,not_evidenced,C
1203,turn 1,absent,A
1203,turn 2,present,A
1203,turn 3,absent,A
1203,turn 4,present,A
1203,turn 5,absent,A
1204,turn 1,absent,C
1204,turn 2,absent,C
1204,turn 3,absent,C
1204,turn 4,absent,C
1205,turn 1,not_evidenced,E
1205,turn 2,absent,E
1205,turn 3,present,E
1205,turn 4,present,E
1205,turn 5,present,E
1205,turn 6,present,E
1205,turn 7,absent,E
1205,turn 8,present,E
1206,turn 1,present,A
1206,turn 2,present,A
1206,turn 3,absent,A
1206,turn 4,absent,A
1206,turn 5,not_evidenced,A
1206,turn 6,absent,A
1207,turn 1,present,E
1207,turn 2,present,E
1207,turn 3,not_evidenced,E
1207,turn 4,present,E
1207,turn 5,present,E
1207,turn 6,present,E
1207,turn 7,not_evidenced,E
1208,turn 1,present,E
1208,turn 2,present,E
1208,turn 3,present,E
1208,turn 4,present,E
1208,turn 5,present,E
1208,turn 6,present,E
1208,turn 7,present,E
1208,turn 8,present,E
1208,turn 9,not_evidenced,E
1209,turn 1,present,A
1209,turn 2,present,A
1209,turn 3,absent,A
1209,turn 4,absent,A
1209,turn 5,absent,A
1209,turn 6,absent,A
1210,turn 1,present,E
1210,turn 2,present,E
1210,turn 3,absent,E
1210,turn 4,present,E
1210,turn 5,present,E
1210,turn 6,present,E
1210,turn 7,not_evidenced,E
1210,turn 8,absent,E
1211,turn 1,present,A
1211,turn 2,absent,A
1211,turn 3,absent,A
1212,turn 1,present,C
1212,turn 2,not_evidenced,C
1212,turn 3,not_evidenced,C
1212,turn 4,absent,C
1212,turn 5,absent,C
1212,turn 6,absent,C
1213,turn 1,present,F
1213,turn 2,present,F
1213,turn 3,present,F
1213,turn 4,present,F
1213,turn 5,present,F
1213,turn 6,present,F
1213,turn 7,present,F
1213,turn 8,present,F
1213,turn 9,not_evidenced,F
1214,turn 1,present,B
1214,turn 2,present,B
1214,turn 3,absent,B
1214,turn 4,not_evidenced,B
1214,turn 5,absent,B
1215,turn 1,present,E
1215,turn 2,present,E
1215,turn 3,absent,E
1216,turn 1,present,F
1216,turn 2,not_evidenced,F
1216,turn 3,present,F
1216,turn 4,present,F
1216,turn 5,present,F
1216,turn 6,present,F
1216,turn 7,absent,F
1217,turn 1,present,E
1217,turn 2,absent,E
1217,turn 3,absent,E
1217,turn 4,absent,E
1218,turn 1,present,C
1218,turn 2,absent,C
1218,turn 3,present,C
1218,turn 4,absent,C
1218,turn 5,absent,C
1218,turn 6,absent,C
1218,turn 7,present,C
1218,turn 8,present,C
1218,turn 9,present,C
1218,turn 10,absent,C
1219,turn 1,present,A
1219,turn 2,present,A
1219,turn 3,present,A
1219,turn 4,absent,A
1219,turn 5,absent,A
1219,turn 6,absent,A
1219,turn 7,absent,A
1219,turn 8,present,A
1219,turn 9,present,A
1219,turn 10,present,A
1219,turn 11,present,A
1220,turn 1,present,D
1220,turn 2,not_evidenced,D
1220,turn 3,absent,D
1220,turn 4,absent,D
1221,turn 1,not_evidenced,B
1221,turn 2,not_evidenced,B
1221,turn 3,not_evidenced,B
1221,turn 4,not_evidenced,B
1221,turn 5,present,B
1221,turn 6,absent,B
1221,turn 7,present,B
1221,turn 8,present,B
1221,turn 9,present,B
1221,turn 10,absent,B
1222,turn 1,present,D
1222,turn 2,not_evidenced,D
1222,turn 3,not_evidenced,D
1222,turn 4,not_evidenced,D
1222,turn 5,not_evidenced,D
1222,turn 6,present,D
1222,turn 7,absent,D
1222,turn 8,absent,D
1222,turn 9,present,D
1223,turn 1,absent,D
1223,turn 2,not_evidenced,D
1223,turn 3,absent,D
1223,turn 4,absent,D
1224,turn 1,not_evidenced,A
1224,turn 2,not_evidenced,A
1224,turn 3,absent,A
1224,turn 4,absent,A
1225,turn 1,present,F
1225,turn 2,not_evidenced,F
1225,turn 3,not_evidenced,F
1225,turn 4,not_evidenced,F
1225,turn 5,present,F
1225,turn 6,present,F
1225,turn 7,present,F
1225,turn 8,not_evidenced,F
1225,turn 9,not_evidenced,F
1225,turn 10,present,F
1226,turn 1,present,E
1226,turn 2,absent,E
1227,turn 1,present,F
1227,turn 2,present,F
1227,turn 3,absent,F
1228,turn 1,present,B
1228,turn 2,present,B
1228,turn 3,absent,B
1229,turn 1,present,D
1229,turn 2,absent,D
1229,turn 3,present,D
1229,turn 4,absent,D
1229,turn 5,absent,D
1230,turn 1,present,E
1230,turn 2,absent,E
1230,turn 3,absent,E
1231,turn 1,present,A
1231,turn 2,present,A
1231,turn 3,absent,A
1231,turn 4,not_evidenced,A
1232,turn 1,present,C
1232,turn 2,absent,C
1233,turn 1,present,D
1233,turn 2,present,D
1233,turn 3,present,D
1233,turn 4,present,D
1233,turn 5,present,D
1233,turn 6,not_evidenced,D
1233,turn 7,present,D
1233,turn 8,absent,D
1233,turn 9,absent,D
1233,turn 10,absent,D
1234,turn 1,present,E
1234,turn 2,present,E
1234,turn 3,present,E
1234,turn 4,absent,E
1234,turn 5,absent,E
1235,turn 1,present,B
1235,turn 2,present,B
1235,turn 3,present,B
1235,turn 4,present,B
1235,turn 5,absent,B
1235,turn 6,absent,B
1236,turn 1,present,F
1236,turn 2,present,F
1236,turn 3,present,F
1236,turn 4,present,F
1236,turn 5,absent,F
1236,turn 6,present,F
1236,turn 7,present,F
1237,turn 1,present,F
1237,turn 2,present,F
1237,turn 3,absent,F
1237,turn 4,present,F
1237,turn 5,absent,F
1237,turn 6,not_evidenced,F
1237,turn 7,absent,F
1237,turn 8,not_evidenced,F
1238,turn 1,present,B
1238,turn 2,absent,B
1238,turn 3,present,B
1238,turn 4,present,B
1238,turn 5,present,B
1238,turn 6,present,B
1238,turn 7,absent,B
1239,turn 1,present,C
1239,turn 2,absent,C
1240,turn 1,present,D
1240,turn 2,present,D
1240,turn 3,absent,D
1241,turn 1,present,A
1241,turn 2,absent,A
1241,turn 3,not_evidenced,A
1241,turn 4,present,A
1241,turn 5,present,A
1241,turn 6,absent,A
1241,turn 7,present,A
1241,turn 8,absent,A
1242,turn 1,present,D
1242,turn 2,absent,D
1242,turn 3,absent,D
1242,turn 4,absent,D
1242,turn 5,absent,D
1243,turn 1,present,A
1243,turn 2,present,A
1243,turn 3,present,A
1243,turn 4,present,A
1243,turn 5,present,A
1243,turn 6,absent,A
1244,turn 1,present,E
1244,turn 2,absent,E
1245,turn 1,present,F
1245,turn 2,present,F
1245,turn 3,present,F
1245,turn 4,absent,F
1245,turn 5,absent,F
1246,turn 1,present,D
1246,turn 2,absent,D
1247,turn 1,present,F
1247,turn 2,present,F
1247,turn 3,present,F
1247,turn 4,present,F
1247,turn 5,absent,F
1247,turn 6,absent,F
1247,turn 7,present,F
1247,turn 8,absent,F
1248,turn 1,present,F
1248,turn 2,present,F
1248,turn 3,present,F
1248,turn 4,not_evidenced,F
1248,turn 5,absent,F
1248,turn 6,present,F
1248,turn 7,absent,F
1248,turn 8,present,F
1248,turn 9,not_evidenced,F
1249,turn 1,present,A
1249,turn 2,present,A
1249,turn 3,present,A
1249,turn 4,absent,A
1250,turn 1,present,B
1250,turn 2,present,B
1250,turn 3,present,B
1250,turn 4,absent,B
1251,turn 1,present,C
1251,turn 2,present,C
1251,turn 3,absent,C
1251,turn 4,not_evidenced,C
1252,turn 1,present,B
1252,turn 2,absent,B
1252,turn 3,absent,B
1252,turn 4,present,B
1252,turn 5,absent,B
1253,turn 1,present,C
1253,turn 2,absent,C
1254,turn 1,present,E
1254,turn 2,absent,E
1254,turn 3,present,E
1254,turn 4,absent,E
1255,turn 1,not_evidenced,D
1255,turn 2,not_evidenced,D
1255,turn 3,absent,D
1255,turn 4,absent,D
1255,turn 5,present,D
1255,turn 6,not_evidenced,D
1255,turn 7,present,D
1255,turn 8,present,D
1256,turn 1,absent,A
1256,turn 2,absent,A
1256,turn 3,not_evidenced,A
1256,turn 4,not_evidenced,A
1257,turn 1,present,F
1257,turn 2,present,F
1257,turn 3,present,F
1257,turn 4,absent,F
1258,turn 1,absent,A
1258,turn 2,absent,A
1259,turn 1,absent,A
1259,turn 2,present,A
1259,turn 3,absent,A
1259,turn 4,absent,A
1260,turn 1,not_evidenced,C
1260,turn 2,present,C
1260,turn 3,absent,C
1260,turn 4,absent,C
1260,turn 5,present,C
1260,turn 6,present,C
1260,turn 7,present,C
1260,turn 8,present,C
1260,turn 9,present,C
1260,turn 10,absent,C
1261,turn 1,not_evidenced,E
1261,turn 2,absent,E
1261,turn 3,present,E
1261,turn 4,present,E
1261,turn 5,present,E
1261,turn 6,absent,E
1261,turn 7,absent,E
1261,turn 8,present,E
1261,turn 9,absent,E
1262,turn 1,present,A
1262,turn 2,not_evidenced,A
1262,turn 3,present,A
1262,turn 4,absent,A
1262,turn 5,absent,A
1262,turn 6,present,A
1262,turn 7,absent,A
1262,turn 8,not_evidenced,A
1263,turn 1,absent,F
1263,turn 2,not_evidenced,F
1264,turn 1,present,F
1264,turn 2,not_evidenced,F
1264,turn 3,present,F
1264,turn 4,absent,F
1264,turn 5,present,F
1264,turn 6,present,F
1264,turn 7,present,F
1264,turn 8,absent,F
1264,turn 9,absent,F
1264,turn 10,present,F
1264,turn 11,absent,F
1264,turn 12,present,F
1266,turn 1,present,B
1266,turn 2,absent,B
1266,turn 3,present,B
1266,turn 4,present,B
1266,turn 5,present,B
1266,turn 6,present,B
1266,turn 7,present,B
1266,turn 8,present,B
1266,turn 9,present,B
1267,turn 1,present,F
1267,turn 2,present,F
1267,turn 3,present,F
1267,turn 4,absent,F
1267,turn 5,not_evidenced,F
1268,turn 1,present,F
1268,turn 2,absent,F
1268,turn 3,not_evidenced,F
1269,turn 1,present,B
1269,turn 2,not_evidenced,B
1269,turn 3,present,B
1269,turn 4,not_evidenced,B
1269,turn 5,present,B
1269,turn 6,present,B
1269,turn 7,absent,B
1269,turn 8,not_evidenced,B
1270,turn 1,present,A
1270,turn 2,absent,A
1270,turn 3,absent,A
1270,turn 4,present,A
1270,turn 5,not_evidenced,A
1270,turn 6,present,A
1270,turn 7,present,A
1270,turn 8,present,A
1270,turn 9,present,A
1270,turn 10,present,A
1270,turn 11,present,A
1270,turn 12,absent,A
1270,turn 13,not_evidenced,A
1271,turn 1,not_evidenced,B
1271,turn 2,not_evidenced,B
1271,turn 3,absent,B
1271,turn 4,absent,B
1272,turn 1,present,F
1272,turn 2,present,F
1273,turn 1,present,E
1273,turn 2,present,E
1273,turn 3,present,E
1273,turn 4,not_evidenced,E
1273,turn 5,absent,E
1273,turn 6,absent,E
1274,turn 1,absent,C
1274,turn 2,not_evidenced,C
1274,turn 3,absent,C
1274,turn 4,not_evidenced,C
1274,turn 5,absent,C
1274,turn 6,absent,C
1274,turn 7,absent,C
1275,turn 1,absent,F
1275,turn 2,not_evidenced,F
1276,turn 1,present,B
1276,turn 2,absent,B
1276,turn 3,present,B
1276,turn 4,absent,B
1277,turn 1,present,B
1277,turn 2,present,B
1277,turn 3,present,B
1277,turn 4,absent,B
1277,turn 5,present,B
1277,turn 6,absent,B
1277,turn 7,absent,B
1277,turn 8,absent,B
1277,turn 9,absent,B
1277,turn 10,absent,B
1278,turn 1,present,A
1278,turn 2,absent,A
1278,turn 3,absent,A
1278,turn 4,not_evidenced,A
1279,turn 1,present,D
1279,turn 2,absent,D
1279,turn 3,absent,D
1280,turn 1,present,F
1280,turn 2,absent,F
1280,turn 3,present,F
1280,turn 4,present,F
1280,turn 5,present,F
1280,turn 6,absent,F
1280,turn 7,absent,F
1281,turn 1,present,E
1281,turn 2,not_evidenced,E
1281,turn 3,not_evidenced,E
1281,turn 4,present,E
1281,turn 5,present,E
1281,turn 6,not_evidenced,E
1281,turn 7,absent,E
1281,turn 8,present,E
1281,turn 9,absent,E
1281,turn 10,absent,E
1281,turn 11,present,E
1281,turn 12,present,E
1281,turn 13,present,E
1281,turn 14,present,E
1281,turn 15,absent,E
1281,turn 16,present,E
1281,turn 17,present,E
1281,turn 18,absent,E
1282,turn 1,not_evidenced,C
1282,turn 2,not_evidenced,C
1282,turn 3,present,C
1282,turn 4,present,C
1282,turn 5,absent,C
1283,turn 1,present,F
1283,turn 2,not_evidenced,F
1283,turn 3,present,F
1283,turn 4,present,F
1283,turn 5,absent,F
1283,turn 6,present,F
1283,turn 7,present,F
1283,turn 8,absent,F
1284,turn 1,present,E
1284,turn 2,present,E
1284,turn 3,present,E
1284,turn 4,absent,E
1284,turn 5,absent,E
1285,turn 1,not_evidenced,A
1285,turn 2,absent,A
1285,turn 3,present,A
1285,turn 4,present,A
1285,turn 5,present,A
1285,turn 6,absent,A
1285,turn 7,absent,A
1285,turn 8,not_evidenced,A
1285,turn 9,not_evidenced,A
1286,turn 1,present,D
1286,turn 2,present,D
1286,turn 3,absent,D
1288,turn 1,present,C
1288,turn 2,present,C
1288,turn 3,present,C
1288,turn 4,absent,C
1288,turn 5,present,C
1288,turn 6,absent,C
1288,turn 7,absent,C
1288,turn 8,absent,C
1289,turn 1,present,F
1289,turn 2,present,F
1289,turn 3,present,F
1289,turn 4,present,F
1289,turn 5,present,F
1289,turn 6,absent,F
1290,turn 1,present,A
1290,turn 2,present,A
1290,turn 3,present,A
1290,turn 4,present,A
1290,turn 5,present,A
1290,turn 6,present,A
1290,turn 7,absent,A
1290,turn 8,not_evidenced,A
1291,turn 1,present,B
1291,turn 2,present,B
1291,turn 3,present,B
1291,turn 4,not_evidenced,B
1292,turn 1,present,B
1292,turn 2,present,B
1292,turn 3,present,B
1292,turn 4,present,B
1292,turn 5,present,B
1292,turn 6,absent,B
1292,turn 7,absent,B
1292,turn 8,not_evidenced,B
1293,turn 1,present,F
1293,turn 2,not_evidenced,F
1293,turn 3,absent,F
1293,turn 4,absent,F
1294,turn 1,absent,D
1294,turn 2,present,D
1294,turn 3,present,D
1294,turn 4,present,D
1294,turn 5,present,D
1294,turn 6,present,D
1294,turn 7,present,D
1294,turn 8,present,D
1294,turn 9,present,D
1294,turn 10,present,D
1295,turn 1,present,E
1295,turn 2,present,E
1296,turn 1,not_evidenced,C
1296,turn 2,present,C
1296,turn 3,present,C
1296,turn 4,present,C
1296,turn 5,present,C
1296,turn 6,absent,C
1296,turn 7,present,C
1296,turn 8,present,C
1297,turn 1,not_evidenced,D
1297,turn 2,not_evidenced,D
1297,turn 3,absent,D
1297,turn 4,absent,D
1298,turn 1,not_evidenced,D
1298,turn 2,not_evidenced,D
1298,turn 3,absent,D
1298,turn 4,absent,D
1298,turn 5,absent,D
1298,turn 6,absent,D
1298,turn 7,present,D
1298,turn 8,present,D
1298,turn 9,absent,D
1299,turn 1,present,F
1299,turn 2,absent,F
1299,turn 3,absent,F
1299,turn 4,absent,F
1299,turn 5,present,F
1299,turn 6,present,F
1299,turn 7,present,F
1299,turn 8,present,F
1299,turn 9,present,F
1299,turn 10,present,F
1299,turn 11,absent,F
1300,turn 1,present,C
1300,turn 2,not_evidenced,C
1300,turn 3,not_evidenced,C
1300,turn 4,absent,C
1300,turn 5,present,C
1300,turn 6,present,C
1300,turn 7,present,C
1300,turn 8,present,C
1301,turn 1,present,D
1301,turn 2,absent,D
1301,turn 3,present,D
1301,turn 4,present,D
1301,turn 5,absent,D
1301,turn 6,absent,D
1302,turn 1,present,A
1302,turn 2,absent,A
1302,turn 3,absent,A
1303,turn 1,present,D
1303,turn 2,not_evidenced,D
1303,turn 3,not_evidenced,D
1303,turn 4,present,D
1303,turn 5,present,D
1303,turn 6,present,D
1303,turn 7,present,D
1303,turn 8,absent,D
1303,turn 9,not_evidenced,D
1304,turn 1,present,F
1304,turn 2,absent,F
1304,turn 3,present,F
1304,turn 4,present,F
1305,turn 1,present,F
1305,turn 2,present,F
1305,turn 3,absent,F
1306,turn 1,present,D
1306,turn 2,absent,D
1306,turn 3,present,D
1306,turn 4,absent,D
1306,turn 5,present,D
1306,turn 6,absent,D
1306,turn 7,present,D
1306,turn 8,absent,D
1307,turn 1,present,D
1307,turn 2,present,D
1307,turn 3,absent,D
1307,turn 4,present,D
1307,turn 5,absent,D
1308,turn 1,present,C
1308,turn 2,present,C
1308,turn 3,absent,C
1308,turn 4,absent,C
1308,turn 5,present,C
1308,turn 6,absent,C
1308,turn 7,not_evidenced,C
1309,turn 1,present,E
1309,turn 2,present,E
1309,turn 3,present,E
1309,turn 4,absent,E
1309,turn 5,present,E
1309,turn 6,present,E
1309,turn 7,present,E
1309,turn 8,present,E
1309,turn 9,absent,E
1310,turn 1,present,C
1310,turn 2,present,C
1310,turn 3,present,C
1310,turn 4,not_evidenced,C
1310,turn 5,present,C
1310,turn 6,absent,C
1310,turn 7,absent,C
1311,turn 1,present,B
1311,turn 2,present,B
1311,turn 3,present,B
1311,turn 4,present,B
1311,turn 5,present,B
1311,turn 6,not_evidenced,B
1311,turn 7,absent,B
1312,turn 1,present,E
1312,turn 2,absent,E
1312,turn 3,present,E
1312,turn 4,present,E
1312,turn 5,present,E
1312,turn 6,present,E
1312,turn 7,present,E
1312,turn 8,present,E
1312,turn 9,present,E
1313,turn 1,present,C
1313,turn 2,present,C
1313,turn 3,present,C
1313,turn 4,present,C
1313,turn 5,absent,C
1314,turn 1,present,F
1314,turn 2,absent,F
1315,turn 1,present,C
1315,turn 2,present,C
1315,turn 3,present,C
1315,turn 4,present,C
1315,turn 5,absent,C
1315,turn 6,not_evidenced,C
1316,turn 1,present,E
1316,turn 2,not_evidenced,E
1316,turn 3,present,E
1316,turn 4,present,E
1316,turn 5,absent,E
1317,turn 1,absent,D
1317,turn 2,absent,D
1317,turn 3,absent,D
1318,turn 1,present,B
1318,turn 2,present,B
1318,turn 3,absent,B
1319,turn 1,not_evidenced,D
1319,turn 2,present,D
1319,turn 3,present,D
1319,turn 4,present,D
1320,turn 1,absent,D
1320,turn 2,not_evidenced,D
1320,turn 3,present,D
1320,turn 4,not_evidenced,D
1320,turn 5,present,D
1320,turn 6,present,D
1320,turn 7,absent,D
1321,turn 1,present,D
1321,turn 2,absent,D
1321,turn 3,not_evidenced,D
1321,turn 4,absent,D
1321,turn 5,not_evidenced,D
1321,turn 6,not_evidenced,D
1321,turn 7,not_evidenced,D
1322,turn 1,present,C
1322,turn 2,not_evidenced,C
1322,turn 3,not_evidenced,C
1322,turn 4,present,C
1322,turn 5,present,C
1322,turn 6,absent,C
1322,turn 7,absent,C
1323,turn 1,present,A
1323,turn 2,not_evidenced,A
1323,turn 3,absent,A
1323,turn 4,present,A
1323,turn 5,present,A
1323,turn 6,not_evidenced,A
1323,turn 7,present,A
1323,turn 8,present,A
1323,turn 9,absent,A
1323,turn 10,not_evidenced,A
1324,turn 1,present,C
1324,turn 2,absent,C
1325,turn 1,present,E
1325,turn 2,not_evidenced,E
1325,turn 3,present,E
1325,turn 4,not_evidenced,E
1325,turn 5,present,E
1325,turn 6,present,E
1325,turn 7,present,E
1325,turn 8,not_evidenced,E
1325,turn 9,not_evidenced,E
1325,turn 10,absent,E
1325,turn 11,absent,E
1325,turn 12,absent,E
1326,turn 1,present,C
1326,turn 2,not_evidenced,C
1326,turn 3,present,C
1326,turn 4,present,C
1326,turn 5,absent,C
1326,turn 6,absent,C
1326,turn 7,not_evidenced,C
1327,turn 1,present,A
1327,turn 2,present,A
1327,turn 3,absent,A
1327,turn 4,present,A
1327,turn 5,absent,A
1327,turn 6,absent,A
1327,turn 7,not_evidenced,A
1328,turn 1,present,C
1328,turn 2,present,C
1328,turn 3,present,C
1328,turn 4,absent,C
1329,turn 1,present,C
1329,turn 2,absent,C
1330,turn 1,present,D
1330,turn 2,not_evidenced,D
1330,turn 3,present,D
1330,turn 4,present,D
1330,turn 5,absent,D
1330,turn 6,absent,D
1331,turn 1,present,C
1331,turn 2,present,C
1331,turn 3,present,C
1331,turn 4,absent,C
1331,turn 5,absent,C
1332,turn 1,present,B
1332,turn 2,absent,B
1332,turn 3,present,B
1332,turn 4,not_evidenced,B
1332,turn 5,absent,B
1332,turn 6,absent,B
1332,turn 7,absent,B
1332,turn 8,absent,B
1333,turn 1,present,F
1333,turn 2,present,F
1333,turn 3,present,F
1334,turn 1,present,A
1334,turn 2,present,A
1334,turn 3,present,A
1334,turn 4,present,A
1335,turn 1,present,B
1335,turn 2,present,B
1335,turn 3,not_evidenced,B
1336,turn 1,present,B
1336,turn 2,present,B
1336,turn 3,not_evidenced,B
1337,turn 1,present,B
1337,turn 2,present,B
1337,turn 3,present,B
1338,turn 1,present,D
1338,turn 2,present,D
1338,turn 3,present,D
1338,turn 4,absent,D
1338,turn 5,absent,D
1338,turn 6,not_evidenced,D
1339,turn 1,present,D
1339,turn 2,present,D
1339,turn 3,present,D
1339,turn 4,present,D
1339,turn 5,present,D
1339,turn 6,present,D
1339,turn 7,absent,D
1340,turn 1,present,B
1340,turn 2,not_evidenced,B
1340,turn 3,not_evidenced,B
1340,turn 4,present,B
1340,turn 5,absent,B
1340,turn 6,absent,B
1340,turn 7,present,B
1340,turn 8,present,B
1340,turn 9,present,B
1340,turn 10,present,B
1340,turn 11,present,B
1340,turn 12,present,B
1341,turn 1,present,A
1341,turn 2,present,A
1341,turn 3,absent,A
1341,turn 4,present,A
1341,turn 5,absent,A
1341,turn 6,absent,A
1341,turn 7,absent,A
1342,turn 1,present,B
1342,turn 2,present,B
1342,turn 3,present,B
1342,turn 4,present,B
1342,turn 5,absent,B
1342,turn 6,absent,B
1342,turn 7,absent,B
1343,turn 1,present,A
1343,turn 2,present,A
1343,turn 3,absent,A
1344,turn 1,present,E
1344,turn 2,present,E
1344,turn 3,present,E
1344,turn 4,absent,E
1344,turn 5,present,E
1344,turn 6,absent,E
1345,turn 1,present,E
1345,turn 2,absent,E
1346,turn 1,present,D
1346,turn 2,present,D
1346,turn 3,present,D
1346,turn 4,absent,D
1346,turn 5,absent,D
1346,turn 6,absent,D
1347,turn 1,not_evidenced,B
1347,turn 2,present,B
1347,turn 3,absent,B
1348,turn 1,present,E
1348,turn 2,present,E
1348,turn 3,absent,E
1348,turn 4,absent,E
1348,turn 5,absent,E
1348,turn 6,not_evidenced,E
1349,turn 1,present,C
1349,turn 2,present,C
1349,turn 3,not_evidenced,C
1349,turn 4,absent,C
1349,turn 5,present,C
1349,turn 6,not_evidenced,C
1349,turn 7,present,C
1349,turn 8,absent,C
1350,turn 1,present,E
1350,turn 2,not_evidenced,E
1350,turn 3,not_evidenced,E
1350,turn 4,present,E
1350,turn 5,present,E
1350,turn 6,absent,E
1351,turn 1,present,D
1351,turn 2,absent,D
1351,turn 3,present,D
1351,turn 4,present,D
1351,turn 5,present,D
1351,turn 6,absent,D
1351,turn 7,present,D
1351,turn 8,absent,D
1351,turn 9,absent,D
1352,turn 1,present,E
1352,turn 2,present,E
1352,turn 3,absent,E
1352,turn 4,absent,E
1353,turn 1,present,B
1353,turn 2,not_evidenced,B
1353,turn 3,present,B
1353,turn 4,not_evidenced,B
1353,turn 5,present,B
1353,turn 6,absent,B
1353,turn 7,not_evidenced,B
1353,turn 8,not_evidenced,B
1353,turn 9,absent,B
1354,turn 1,present,A
1354,turn 2,present,A
1354,turn 3,absent,A
1354,turn 4,absent,A
1354,turn 5,present,A
1354,turn 6,absent,A
1354,turn 7,not_evidenced,A
1354,turn 8,absent,A
1354,turn 9,not_evidenced,A
1355,turn 1,present,A
1355,turn 2,present,A
1355,turn 3,present,A
1355,turn 4,present,A
1355,turn 5,not_evidenced,A
1355,turn 6,not_evidenced,A
1356,turn 1,present,F
1356,turn 2,absent,F
1356,turn 3,absent,F
1357,turn 1,absent,E
1357,turn 2,present,E
1357,turn 3,absent,E
1357,turn 4,present,E
1357,turn 5,absent,E
1358,turn 1,absent,B
1358,turn 2,present,B
1358,turn 3,not_evidenced,B
1358,turn 4,absent,B
1358,turn 5,not_evidenced,B
1358,turn 6,not_evidenced,B
1359,turn 1,present,E
1359,turn 2,present,E
1359,turn 3,absent,E
1359,turn 4,present,E
1359,turn 5,present,E
1359,turn 6,present,E
1359,turn 7,not_evidenced,E
1359,turn 8,present,E
1359,turn 9,present,E
1359,turn 10,present,E
1360,turn 1,absent,A
1360,turn 2,absent,A
1360,turn 3,not_evidenced,A
1360,turn 4,not_evidenced,A
1360,turn 5,absent,A
1361,turn 1,absent,A
1361,turn 2,not_evidenced,A
1361,turn 3,absent,A
1362,turn 1,present,F
1362,turn 2,present,F
1362,turn 3,absent,F
1362,turn 4,absent,F
1363,turn 1,present,A
1363,turn 2,absent,A
1363,turn 3,absent,A
1364,turn 1,present,D
1364,turn 2,absent,D
1364,turn 3,not_evidenced,D
1364,turn 4,not_evidenced,D
1364,turn 5,absent,D
1365,turn 1,present,E
1365,turn 2,absent,E
1366,turn 1,present,A
1366,turn 2,absent,A
1366,turn 3,absent,A
1366,turn 4,not_evidenced,A
1366,turn 5,present,A
1367,turn 1,present,F
1367,turn 2,present,F
1367,turn 3,present,F
1367,turn 4,absent,F
1368,turn 1,present,A
1368,turn 2,not_evidenced,A
1368,turn 3,absent,A
1368,turn 4,absent,A
1369,turn 1,present,C
1369,turn 2,present,C
1369,turn 3,absent,C
1369,turn 4,absent,C
1369,turn 5,not_evidenced,C
1369,turn 6,not_evidenced,C
1370,turn 1,present,A
1370,turn 2,absent,A
1370,turn 3,absent,A
1370,turn 4,absent,A
1371,turn 1,absent,F
1371,turn 2,not_evidenced,F
1371,turn 3,not_evidenced,F
1371,turn 4,absent,F
1372,turn 1,present,F
1372,turn 2,present,F
1372,turn 3,absent,F
1373,turn 1,present,F
1373,turn 2,absent,F
1373,turn 3,not_evidenced,F
1374,turn 1,present,D
1374,turn 2,present,D
1374,turn 3,present,D
1374,turn 4,absent,D
1375,turn 1,present,A
1375,turn 2,present,A
1375,turn 3,present,A
1375,turn 4,absent,A
1376,turn 1,present,F
1376,turn 2,present,F
1376,turn 3,absent,F
1377,turn 1,present,D
1377,turn 2,present,D
1377,turn 3,present,D
1377,turn 4,present,D
1378,turn 1,present,F
1378,turn 2,absent,F
1378,turn 3,not_evidenced,F
1379,turn 1,present,B
1379,turn 2,present,B
1379,turn 3,absent,B
1379,turn 4,not_evidenced,B
1380,turn 1,present,C
1380,turn 2,not_evidenced,C
1380,turn 3,absent,C
1380,turn 4,not_evidenced,C
1380,turn 5,not_evidenced,C
1381,turn 1,present,F
1381,turn 2,absent,F
1382,turn 1,absent,B
1382,turn 2,present,B
1382,turn 3,present,B
1382,turn 4,not_evidenced,B
1382,turn 5,not_evidenced,B
1382,turn 6,present,B
1382,turn 7,present,B
1382,turn 8,absent,B
1382,turn 9,not_evidenced,B
1382,turn 10,not_evidenced,B
1383,turn 1,present,C
1383,turn 2,absent,C
1383,turn 3,present,C
1383,turn 4,absent,C
1383,turn 5,absent,C
1384,turn 1,present,B
1384,turn 2,not_evidenced,B
1384,turn 3,not_evidenced,B
1384,turn 4,not_evidenced,B
1384,turn 5,absent,B
1384,turn 6,absent,B
1384,turn 7,not_evidenced,B
1384,turn 8,absent,B
1385,turn 1,present,B
1385,turn 2,not_evidenced,B
1385,turn 3,present,B
1385,turn 4,present,B
1386,turn 1,not_evidenced,F
1386,turn 2,present,F
1386,turn 3,not_evidenced,F
1386,turn 4,absent,F
1386,turn 5,absent,F
1386,turn 6,not_evidenced,F
1386,turn 7,absent,F
1386,turn 8,absent,F
1387,turn 1,not_evidenced,F
1387,turn 2,absent,F
1387,turn 3,absent,F
1387,turn 4,not_evidenced,F
1388,turn 1,present,A
1388,turn 2,not_evidenced,A
1388,turn 3,present,A
1388,turn 4,present,A
1388,turn 5,present,A
1388,turn 6,present,A
1388,turn 7,not_evidenced,A
1389,turn 1,present,A
1389,turn 2,absent,A
1389,turn 3,absent,A
1389,turn 4,present,A
1389,turn 5,absent,A
1389,turn 6,not_evidenced,A
1390,turn 1,not_evidenced,E
1390,turn 2,present,E
1390,turn 3,present,E
1390,turn 4,present,E
1390,turn 5,absent,E
1390,turn 6,not_evidenced,E
1391,turn 1,present,B
1391,turn 2,absent,B
1392,turn 1,present,B
1392,turn 2,present,B
1392,turn 3,present,B
1392,turn 4,absent,B
1393,turn 1,present,D
1393,turn 2,not_evidenced,D
1393,turn 3,absent,D
1393,turn 4,absent,D
1393,turn 5,not_evidenced,D
1393,turn 6,absent,D
1393,turn 7,absent,D
1393,turn 8,present,D
1393,turn 9,present,D
1394,turn 1,present,F
1394,turn 2,present,F
1394,turn 3,present,F
1394,turn 4,present,F
1394,turn 5,absent,F
1394,turn 6,present,F
1394,turn 7,absent,F
1394,turn 8,absent,F
1395,turn 1,present,F
1395,turn 2,not_evidenced,F
1395,turn 3,not_evidenced,F
1395,turn 4,present,F
1395,turn 5,present,F
1395,turn 6,absent,F
1396,turn 1,present,C
1396,turn 2,absent,C
1396,turn 3,absent,C
1396,turn 4,present,C
1396,turn 5,absent,C
1396,turn 6,present,C
1396,turn 7,present,C
1396,turn 8,absent,C
1397,turn 1,present,D
1397,turn 2,present,D
1397,turn 3,present,D
1397,turn 4,present,D
1397,turn 5,present,D
1397,turn 6,present,D
1397,turn 7,present,D
1397,turn 8,present,D
1397,turn 9,present,D
1397,turn 10,absent,D
1398,turn 1,present,C
1398,turn 2,present,C
1398,turn 3,absent,C
1399,turn 1,present,A
1399,turn 2,absent,A
1400,turn 1,present,B
1400,turn 2,absent,B
1401,turn 1,present,B
1401,turn 2,present,B
1401,turn 3,present,B
1401,turn 4,present,B
1401,turn 5,absent,B
1402,turn 1,present,A
1402,turn 2,present,A
1402,turn 3,absent,A
1402,turn 4,absent,A
1403,turn 1,present,C
1403,turn 2,present,C
1403,turn 3,absent,C
1404,turn 1,present,C
1404,turn 2,absent,C
1405,turn 1,present,B
1405,turn 2,absent,B
1405,turn 3,present,B
1405,turn 4,absent,B
1406,turn 1,absent,C
1406,turn 2,present,C
1406,turn 3,absent,C
1406,turn 4,present,C
1406,turn 5,present,C
1406,turn 6,absent,C
1406,turn 7,present,C
1406,turn 8,present,C
1406,turn 9,absent,C
1407,turn 1,present,F
1407,turn 2,absent,F
1407,turn 3,not_evidenced,F
1407,turn 4,absent,F
1407,turn 5,not_evidenced,F
1407,turn 6,not_evidenced,F
1407,turn 7,absent,F
1408,turn 1,present,E
1408,turn 2,absent,E
1408,turn 3,absent,E
1408,turn 4,present,E
1408,turn 5,present,E
1408,turn 6,absent,E
1408,turn 7,present,E
1408,turn 8,present,E
1408,turn 9,present,E
1409,turn 1,present,B
1409,turn 2,not_evidenced,B
1409,turn 3,absent,B
1410,turn 1,present,E
1410,turn 2,absent,E
1410,turn 3,absent,E
1411,turn 1,present,A
1411,turn 2,not_evidenced,A
1411,turn 3,present,A
1411,turn 4,present,A
1411,turn 5,absent,A
1412,turn 1,present,B
1412,turn 2,present,B
1412,turn 3,present,B
1412,turn 4,absent,B
1413,turn 1,present,F
1413,turn 2,present,F
1413,turn 3,absent,F
1413,turn 4,absent,F
1413,turn 5,present,F
1413,turn 6,present,F
1413,turn 7,present,F
1413,turn 8,present,F
1413,turn 9,present,F
1413,turn 10,present,F
1413,turn 11,present,F
1413,turn 12,absent,F
1414,turn 1,present,F
1414,turn 2,absent,F
1414,turn 3,absent,F
1414,turn 4,present,F
1414,turn 5,not_evidenced,F
1414,turn 6,present,F
1414,turn 7,present,F
1414,turn 8,present,F
1414,turn 9,present,F
1415,turn 1,present,E
1415,turn 2,not_evidenced,E
1415,turn 3,not_evidenced,E
1415,turn 4,present,E
1415,turn 5,present,E
1415,turn 6,present,E
1415,turn 7,absent,E
1416,turn 1,present,A
1416,turn 2,absent,A
1416,turn 3,not_evidenced,A
1416,turn 4,not_evidenced,A
1416,turn 5,not_evidenced,A
1416,turn 6,not_evidenced,A
1416,turn 7,present,A
1416,turn 8,absent,A
1417,turn 1,present,B
1417,turn 2,present,B
1417,turn 3,absent,B
1417,turn 4,absent,B
1418,turn 1,present,F
1418,turn 2,present,F
1418,turn 3,present,F
1418,turn 4,absent,F
1418,turn 5,not_evidenced,F
1418,turn 6,not_evidenced,F
1419,turn 1,present,E
1419,turn 2,present,E
1419,turn 3,present,E
1419,turn 4,absent,E
1419,turn 5,absent,E
1419,turn 6,absent,E
1420,turn 1,present,F
1420,turn 2,not_evidenced,F
1420,turn 3,absent,F
1420,turn 4,absent,F
1420,turn 5,absent,F
1421,turn 1,present,B
1421,turn 2,not_evidenced,B
1421,turn 3,absent,B
1421,turn 4,absent,B
1421,turn 5,absent,B
1422,turn 1,present,B
1422,turn 2,present,B
1422,turn 3,absent,B
1422,turn 4,not_evidenced,B
1422,turn 5,absent,B
1422,turn 6,not_evidenced,B
1423,turn 1,present,C
1423,turn 2,absent,C
1423,turn 3,not_evidenced,C
1424,turn 1,present,E
1424,turn 2,absent,E
1424,turn 3,present,E
1424,turn 4,present,E
1424,turn 5,present,E
1424,turn 6,present,E
1425,turn 1,present,A
1425,turn 2,present,A
1425,turn 3,not_evidenced,A
1425,turn 4,absent,A
1426,turn 1,present,B
1426,turn 2,present,B
1426,turn 3,absent,B
1427,turn 1,present,D
1427,turn 2,absent,D
1427,turn 3,present,D
1427,turn 4,present,D
1427,turn 5,absent,D
1428,turn 1,present,A
1428,turn 2,absent,A
1428,turn 3,absent,A
1428,turn 4,absent,A
1429,turn 1,present,F
1429,turn 2,absent,F
1429,turn 3,absent,F
1429,turn 4,absent,F
1430,turn 1,present,C
1430,turn 2,absent,C
1430,turn 3,present,C
1430,turn 4,absent,C
1430,turn 5,present,C
1430,turn 6,present,C
1430,turn 7,present,C
1430,turn 8,present,C
1430,turn 9,present,C
1430,turn 10,present,C
1430,turn 11,present,C
1431,turn 1,present,E
1431,turn 2,present,E
1431,turn 3,present,E
1431,turn 4,absent,E
1431,turn 5,absent,E
1431,turn 6,absent,E
1431,turn 7,absent,E
1432,turn 1,absent,D
1432,turn 2,present,D
1432,turn 3,present,D
1432,turn 4,not_evidenced,D
1432,turn 5,not_evidenced,D
1432,turn 6,present,D
1432,turn 7,absent,D
1433,turn 1,present,A
1433,turn 2,present,A
1433,turn 3,present,A
1433,turn 4,present,A
1433,turn 5,present,A
1433,turn 6,present,A
1433,turn 7,absent,A
1434,turn 1,present,A
1434,turn 2,absent,A
1435,turn 1,present,C
1435,turn 2,present,C
1435,turn 3,absent,C
1435,turn 4,not_evidenced,C
1435,turn 5,not_evidenced,C
1436,turn 1,present,D
1436,turn 2,absent,D
1436,turn 3,not_evidenced,D
1437,turn 1,present,D
1437,turn 2,absent,D
1438,turn 1,present,A
1438,turn 2,present,A
1438,turn 3,present,A
1438,turn 4,not_evidenced,A
1438,turn 5,present,A
1438,turn 6,present,A
1439,turn 1,present,B
1439,turn 2,present,B
1439,turn 3,present,B
1439,turn 4,present,B
1439,turn 5,absent,B
1439,turn 6,absent,B
1440,turn 1,present,B
1440,turn 2,present,B
1440,turn 3,present,B
1440,turn 4,absent,B
1440,turn 5,absent,B
1440,turn 6,present,B
1440,turn 7,absent,B
1441,turn 1,present,E
1441,turn 2,not_evidenced,E
1441,turn 3,absent,E
1441,turn 4,absent,E
1441,turn 5,not_evidenced,E
1441,turn 6,present,E
1441,turn 7,absent,E
1442,turn 1,present,A
1442,turn 2,not_evidenced,A
1442,turn 3,absent,A
1442,turn 4,not_evidenced,A
1442,turn 5,absent,A
1442,turn 6,absent,A
1442,turn 7,present,A
1442,turn 8,present,A
1442,turn 9,not_evidenced,A
1442,turn 10,present,A
1442,turn 11,absent,A
1443,turn 1,present,C
1443,turn 2,absent,C
1444,turn 1,absent,C
1444,turn 2,not_evidenced,C
1444,turn 3,present,C
1444,turn 4,present,C
1444,turn 5,present,C
1444,turn 6,present,C
1444,turn 7,present,C
1444,turn 8,absent,C
1444,turn 9,not_evidenced,C
1444,turn 10,not_evidenced,C
1445,turn 1,absent,C
1445,turn 2,absent,C
1445,turn 3,absent,C
1446,turn 1,absent,B
1446,turn 2,not_evidenced,B
1446,turn 3,absent,B
1446,turn 4,present,B
1446,turn 5,absent,B
1446,turn 6,present,B
1446,turn 7,absent,B
1446,turn 8,absent,B
1446,turn 9,absent,B
1447,turn 1,absent,B
1447,turn 2,absent,B
1447,turn 3,not_evidenced,B
1447,turn 4,not_evidenced,B
1448,turn 1,present,B
1448,turn 2,absent,B
1448,turn 3,absent,B
1449,turn 1,present,B
1449,turn 2,absent,B
1449,turn 3,absent,B
1449,turn 4,absent,B
1450,turn 1,present,C
1450,turn 2,present,C
1450,turn 3,not_evidenced,C
1450,turn 4,present,C
1450,turn 5,absent,C
1450,turn 6,present,C
1450,turn 7,not_evidenced,C
1451,turn 1,not_evidenced,B
1451,turn 2,absent,B
1452,turn 1,present,A
1452,turn 2,present,A
1452,turn 3,absent,A
1452,turn 4,present,A
1452,turn 5,absent,A
1453,turn 1,present,A
1453,turn 2,present,A
1453,turn 3,absent,A
1453,turn 4,absent,A
1454,turn 1,present,C
1454,turn 2,present,C
1454,turn 3,present,C
1454,turn 4,present,C
1454,turn 5,absent,C
1454,turn 6,absent,C
1455,turn 1,present,A
1455,turn 2,present,A
1455,turn 3,absent,A
1455,turn 4,absent,A
1455,turn 5,present,A
1455,turn 6,present,A
1455,turn 7,absent,A
1456,turn 1,absent,F
1456,turn 2,present,F
1456,turn 3,present,F
1456,turn 4,absent,F
1456,turn 5,present,F
1456,turn 6,present,F
1456,turn 7,present,F
1456,turn 8,absent,F
1457,turn 1,present,E
1457,turn 2,absent,E
1458,turn 1,not_evidenced,A
1458,turn 2,present,A
1458,turn 3,present,A
1458,turn 4,present,A
1458,turn 5,present,A
1458,turn 6,present,A
1458,turn 7,present,A
1458,turn 8,absent,A
1458,turn 9,absent,A
1458,turn 10,not_evidenced,A
1458,turn 11,absent,A
1458,turn 12,present,A
1458,turn 13,present,A
1458,turn 14,present,A
1458,turn 15,present,A
1458,turn 16,present,A
1458,turn 17,absent,A
1458,turn 18,absent,A
1458,turn 19,absent,A
1458,turn 20,not_evidenced,A
1458,turn 21,absent,A
1458,turn 22,not_evidenced,A
1458,turn 23,present,A
1458,turn 24,present,A
1458,turn 25,not_evidenced,A
1458,turn 26,not_evidenced,A
1458,turn 27,not_evidenced,A
1459,turn 1,present,B
1459,turn 2,present,B
1459,turn 3,absent,B
1459,turn 4,absent,B
1459,turn 5,absent,B
1459,turn 6,not_evidenced,B
1459,turn 7,not_evidenced,B
1459,turn 8,present,B
1459,turn 9,present,B
1459,turn 10,present,B
1459,turn 11,present,B
1459,turn 12,not_evidenced,B
1459,turn 13,not_evidenced,B
1460,turn 1,not_evidenced,E
1460,turn 2,not_evidenced,E
1460,turn 3,present,E
1460,turn 4,not_evidenced,E
1460,turn 5,absent,E
1460,turn 6,absent,E
1460,turn 7,absent,E
1460,turn 8,absent,E
1460,turn 9,not_evidenced,E
1461,turn 1,present,B
1461,turn 2,present,B
1461,turn 3,absent,B
1461,turn 4,absent,B
1461,turn 5,present,B
1461,turn 6,present,B
1461,turn 7,present,B
1461,turn 8,present,B
1461,turn 9,present,B
1461,turn 10,absent,B
1461,turn 11,present,B
1461,turn 12,present,B
1461,turn 13,present,B
1461,turn 14,present,B
1461,turn 15,present,B
1461,turn 16,present,B
1461,turn 17,present,B
1462,turn 1,not_evidenced,F
1462,turn 2,present,F
1462,turn 3,absent,F
1462,turn 4,absent,F
1463,turn 1,present,A
1463,turn 2,present,A
1463,turn 3,present,A
1463,turn 4,present,A
1463,turn 5,present,A
1463,turn 6,present,A
1463,turn 7,present,A
1463,turn 8,absent,A
1464,turn 1,absent,A
1464,turn 2,absent,A
1464,turn 3,absent,A
1464,turn 4,absent,A
1465,turn 1,present,F
1465,turn 2,present,F
1465,turn 3,present,F
1465,turn 4,present,F
1465,turn 5,present,F
1466,turn 1,absent,B
1467,turn 1,present,D
1467,turn 2,present,D
1467,turn 3,present,D
1467,turn 4,absent,D
1467,turn 5,absent,D
1468,turn 1,absent,C
1468,turn 2,not_evidenced,C
1468,turn 3,absent,C
1468,turn 4,not_evidenced,C
1469,turn 1,not_evidenced,C
1469,turn 2,not_evidenced,C
1469,turn 3,present,C
1469,turn 4,present,C
1469,turn 5,not_evidenced,C
1469,turn 6,present,C
1469,turn 7,absent,C
1469,turn 8,absent,C
1470,turn 1,present,E
1470,turn 2,absent,E
1470,turn 3,absent,E
1471,turn 1,not_evidenced,D
1471,turn 2,absent,D
1471,turn 3,absent,D
1472,turn 1,present,D
1472,turn 2,absent,D
1472,turn 3,present,D
1472,turn 4,present,D
1472,turn 5,present,D
1472,turn 6,present,D
1472,turn 7,present,D
1472,turn 8,present,D
1472,turn 9,present,D
1472,turn 10,absent,D
1472,turn 11,absent,D
1472,turn 12,not_evidenced,D
1473,turn 1,present,F
1473,turn 2,present,F
1473,turn 3,absent,F
1473,turn 4,not_evidenced,F
1474,turn 1,present,A
1474,turn 2,present,A
1474,turn 3,absent,A
1475,turn 1,not_evidenced,C
1475,turn 2,absent,C
1475,turn 3,present,C
1475,turn 4,absent,C
1476,turn 1,present,A
1476,turn 2,present,A
1476,turn 3,absent,A
1476,turn 4,absent,A
1477,turn 1,present,B
1477,turn 2,present,B
1477,turn 3,present,B
1477,turn 4,absent,B
1478,turn 1,present,A
1478,turn 2,absent,A
1478,turn 3,absent,A
1478,turn 4,not_evidenced,A
1478,turn 5,not_evidenced,A
1479,turn 1,present,F
1479,turn 2,present,F
1479,turn 3,absent,F
1479,turn 4,absent,F
1479,turn 5,not_evidenced,F
1480,turn 1,present,A
1480,turn 2,present,A
1480,turn 3,absent,A
1480,turn 4,present,A
1480,turn 5,present,A
1480,turn 6,present,A
1480,turn 7,absent,A
1480,turn 8,absent,A
1480,turn 9,present,A
1480,turn 10,absent,A
1481,turn 1,present,A
1481,turn 2,present,A
1481,turn 3,not_evidenced,A
1481,turn 4,present,A
1481,turn 5,present,A
1481,turn 6,absent,A
1481,turn 7,not_evidenced,A
1482,turn 1,present,A
1482,turn 2,not_evidenced,A
1482,turn 3,present,A
1482,turn 4,absent,A
1482,turn 5,present,A
1482,turn 6,present,A
1482,turn 7,absent,A
1482,turn 8,not_evidenced,A
1482,turn 9,absent,A
1482,turn 10,not_evidenced,A
1483,turn 1,present,C
1483,turn 2,absent,C
1484,turn 1,present,E
1484,turn 2,present,E
1484,turn 3,absent,E
1485,turn 1,present,B
1485,turn 2,present,B
1485,turn 3,present,B
1486,turn 1,present,F
1486,turn 2,present,F
1486,turn 3,present,F
1487,turn 1,present,D
1488,turn 1,present,E
1488,turn 2,present,E
1488,turn 3,present,E
1489,turn 1,present,C
1489,turn 2,not_evidenced,C
1489,turn 3,not_evidenced,C
1490,turn 1,present,A
1490,turn 2,absent,A
1491,turn 1,present,E
1491,turn 2,not_evidenced,E
1491,turn 3,not_evidenced,E
1492,turn 1,present,A
1492,turn 2,absent,A
1493,turn 1,absent,C
1493,turn 2,absent,C
1493,turn 3,not_evidenced,C
1494,turn 1,not_evidenced,C
1494,turn 2,not_evidenced,C
1494,turn 3,not_evidenced,C
1495,turn 1,not_evidenced,A
1495,turn 2,not_evidenced,A
1495,turn 3,present,A
1495,turn 4,present,A
1495,turn 5,not_evidenced,A
1496,turn 1,present,A
1496,turn 2,present,A
1496,turn 3,absent,A
1497,turn 1,absent,C
1497,turn 2,absent,C
1497,turn 3,present,C
1497,turn 4,absent,C
1497,turn 5,absent,C
1497,turn 6,not_evidenced,C
1498,turn 1,present,B
1498,turn 2,present,B
1498,turn 3,present,B
1498,turn 4,present,B
1498,turn 5,absent,B
1499,turn 1,present,F
1499,turn 2,absent,F
1500,turn 1,present,A
1500,turn 2,present,A
1500,turn 3,present,A
1500,turn 4,absent,A
1500,turn 5,absent,A
1501,turn 1,present,F
1501,turn 2,present,F
1501,turn 3,absent,F
1501,turn 4,present,F
1501,turn 5,absent,F
1501,turn 6,not_evidenced,F
1502,turn 1,present,C
1502,turn 2,absent,C
1502,turn 3,not_evidenced,C
1503,turn 1,present,B
1503,turn 2,present,B
1503,turn 3,absent,B
1503,turn 4,present,B
1503,turn 5,not_evidenced,B
1503,turn 6,present,B
1503,turn 7,present,B
1503,turn 8,present,B
1503,turn 9,present,B
1503,turn 10,present,B
1504,turn 1,absent,D
1504,turn 2,present,D
1504,turn 3,present,D
1504,turn 4,present,D
1504,turn 5,absent,D
1504,turn 6,not_evidenced,D
1505,turn 1,present,F
1505,turn 2,absent,F
1506,turn 1,present,F
1506,turn 2,absent,F
1506,turn 3,absent,F
1507,turn 1,present,A
1507,turn 2,present,A
1507,turn 3,present,A
1507,turn 4,absent,A
1507,turn 5,present,A
1507,turn 6,absent,A
1507,turn 7,not_evidenced,A
1508,turn 1,present,B
1508,turn 2,not_evidenced,B
1508,turn 3,present,B
1508,turn 4,absent,B
1509,turn 1,present,D
1509,turn 2,absent,D
1509,turn 3,present,D
1509,turn 4,present,D
1509,turn 5,present,D
1509,turn 6,present,D
1509,turn 7,present,D
1510,turn 1,present,F
1510,turn 2,absent,F
1511,turn 1,present,A
1511,turn 2,not_evidenced,A
1511,turn 3,absent,A
1511,turn 4,not_evidenced,A
1511,turn 5,present,A
1511,turn 6,not_evidenced,A
1511,turn 7,absent,A
1512,turn 1,absent,C
1512,turn 2,not_evidenced,C
1513,turn 1,present,F
1513,turn 2,present,F
1513,turn 3,present,F
1513,turn 4,not_evidenced,F
1513,turn 5,not_evidenced,F
1513,turn 6,not_evidenced,F
1513,turn 7,absent,F
1514,turn 1,present,B
1514,turn 2,absent,B
1514,turn 3,absent,B
1514,turn 4,absent,B
1514,turn 5,absent,B
1515,turn 1,present,C
1515,turn 2,present,C
1515,turn 3,present,C
1515,turn 4,present,C
1515,turn 5,present,C
1515,turn 6,not_evidenced,C
1515,turn 7,absent,C
1516,turn 1,present,A
1516,turn 2,present,A
1516,turn 3,present,A
1516,turn 4,present,A
1516,turn 5,absent,A
1516,turn 6,not_evidenced,A
1517,turn 1,present,E
1517,turn 2,absent,E
1517,turn 3,absent,E
1517,turn 4,present,E
1517,turn 5,present,E
1517,turn 6,absent,E
1517,turn 7,absent,E
1518,turn 1,present,B
1518,turn 2,not_evidenced,B
1518,turn 3,absent,B
1518,turn 4,absent,B
1519,turn 1,present,B
1519,turn 2,present,B
1519,turn 3,absent,B
1520,turn 1,present,F
1520,turn 2,not_evidenced,F
1520,turn 3,present,F
1520,turn 4,present,F
1520,turn 5,present,F
1520,turn 6,not_evidenced,F
1520,turn 7,absent,F
1520,turn 8,absent,F
1521,turn 1,present,C
1521,turn 2,not_evidenced,C
1521,turn 3,present,C
1521,turn 4,present,C
1521,turn 5,present,C
1521,turn 6,present,C
1521,turn 7,present,C
1521,turn 8,present,C
1521,turn 9,absent,C
1522,turn 1,present,F
1522,turn 2,absent,F
1522,turn 3,present,F
1522,turn 4,absent,F
1522,turn 5,present,F
1522,turn 6,not_evidenced,F
1522,turn 7,absent,F
1522,turn 8,absent,F
1522,turn 9,present,F
1522,turn 10,present,F
1522,turn 11,not_evidenced,F
1522,turn 12,absent,F
1522,turn 13,not_evidenced,F
1523,turn 1,present,D
1523,turn 2,present,D
1523,turn 3,present,D
1523,turn 4,absent,D
1523,turn 5,absent,D
1523,turn 6,not_evidenced,D
1523,turn 7,present,D
1523,turn 8,present,D
1523,turn 9,present,D
1523,turn 10,absent,D
1523,turn 11,present,D
1523,turn 12,present,D
1523,turn 13,not_evidenced,D
1523,turn 14,present,D
1523,turn 15,not_evidenced,D
1523,turn 16,not_evidenced,D
1524,turn 1,present,D
1524,turn 2,present,D
1524,turn 3,absent,D
1524,turn 4,present,D
1524,turn 5,not_evidenced,D
1524,turn 6,present,D
1524,turn 7,present,D
1524,turn 8,present,D
1524,turn 9,present,D
1524,turn 10,present,D
1524,turn 11,present,D
1525,turn 1,present,B
1525,turn 2,present,B
1525,turn 3,absent,B
1525,turn 4,absent,B
1525,turn 5,absent,B
1525,turn 6,absent,B
1526,turn 1,present,A
1526,turn 2,not_evidenced,A
1526,turn 3,present,A
1526,turn 4,present,A
1526,turn 5,absent,A
1527,turn 1,present,E
1527,turn 2,present,E
1527,turn 3,absent,E
1527,turn 4,present,E
1527,turn 5,present,E
1527,turn 6,present,E
1527,turn 7,present,E
1527,turn 8,present,E
1527,turn 9,absent,E
1527,turn 10,present,E
1527,turn 11,absent,E
1527,turn 12,absent,E
1528,turn 1,not_evidenced,C
1528,turn 2,present,C
1528,turn 3,present,C
1528,turn 4,absent,C
1529,turn 1,present,E
1529,turn 2,present,E
1529,turn 3,absent,E
1530,turn 1,not_evidenced,F
1530,turn 2,absent,F
1530,turn 3,absent,F
1530,turn 4,absent,F
1531,turn 1,not_evidenced,E
1531,turn 2,not_evidenced,E
1531,turn 3,not_evidenced,E
1531,turn 4,present,E
1531,turn 5,absent,E
1532,turn 1,absent,E
1532,turn 2,present,E
1532,turn 3,present,E
1532,turn 4,absent,E
1532,turn 5,present,E
1532,turn 6,absent,E
1532,turn 7,present,E
1532,turn 8,absent,E
1533,turn 1,present,D
1533,turn 2,absent,D
1533,turn 3,absent,D
1533,turn 4,absent,D
1533,turn 5,present,D
1533,turn 6,present,D
1533,turn 7,present,D
1533,turn 8,absent,D
1533,turn 9,present,D
1533,turn 10,not_evidenced,D
1534,turn 1,present,F
1534,turn 2,absent,F
1534,turn 3,present,F
1534,turn 4,absent,F
1535,turn 1,present,C
1535,turn 2,present,C
1535,turn 3,present,C
1535,turn 4,present,C
1535,turn 5,absent,C
1536,turn 1,present,D
1536,turn 2,present,D
1536,turn 3,absent,D
1536,turn 4,absent,D
1537,turn 1,present,C
1537,turn 2,present,C
1537,turn 3,present,C
1537,turn 4,absent,C
1537,turn 5,absent,C
1537,turn 6,absent,C
1538,turn 1,present,D
1538,turn 2,present,D
1538,turn 3,present,D
1538,turn 4,absent,D
1539,turn 1,absent,B
1540,turn 1,absent,A
1540,turn 2,absent,A
1540,turn 3,absent,A
1540,turn 4,not_evidenced,A
1540,turn 5,absent,A
1540,turn 6,absent,A
1540,turn 7,not_evidenced,A
1540,turn 8,not_evidenced,A
1540,turn 9,absent,A
1541,turn 1,present,C
1541,turn 2,absent,C
1541,turn 3,present,C
1541,turn 4,present,C
1541,turn 5,present,C
1541,turn 6,present,C
1541,turn 7,present,C
1541,turn 8,present,C
1541,turn 9,present,C
1541,turn 10,absent,C
1542,turn 1,present,E
1542,turn 2,not_evidenced,E
1542,turn 3,absent,E
1542,turn 4,absent,E
1543,turn 1,present,C
1543,turn 2,absent,C
1543,turn 3,absent,C
1544,turn 1,present,E
1544,turn 2,present,E
1544,turn 3,absent,E
1545,turn 1,present,E
1545,turn 2,present,E
1545,turn 3,present,E
1545,turn 4,absent,E
1545,turn 5,absent,E
1546,turn 1,present,A
1546,turn 2,present,A
1546,turn 3,present,A
1546,turn 4,present,A
1546,turn 5,present,A
1546,turn 6,absent,A
1547,turn 1,present,D
1547,turn 2,present,D
1547,turn 3,present,D
1547,turn 4,present,D
1547,turn 5,present,D
1547,turn 6,absent,D
1548,turn 1,present,D
1548,turn 2,present,D
1548,turn 3,present,D
1548,turn 4,not_evidenced,D
1548,turn 5,absent,D
1548,turn 6,present,D
1548,turn 7,present,D
1548,turn 8,present,D
1548,turn 9,present,D
1548,turn 10,present,D
1548,turn 11,absent,D
1549,turn 1,present,D
1549,turn 2,present,D
1549,turn 3,present,D
1549,turn 4,absent,D
1549,turn 5,absent,D
1549,turn 6,absent,D
1550,turn 1,present,F
1550,turn 2,absent,F
1550,turn 3,absent,F
1551,turn 1,present,C
1551,turn 2,present,C
1551,turn 3,absent,C
1551,turn 4,not_evidenced,C
1552,turn 1,present,A
1552,turn 2,present,A
1552,turn 3,present,A
1552,turn 4,present,A
1552,turn 5,present,A
1552,turn 6,present,A
1552,turn 7,present,A
1552,turn 8,present,A
1552,turn 9,present,A
1553,turn 1,absent,D
1553,turn 2,not_evidenced,D
1553,turn 3,not_evidenced,D
1553,turn 4,absent,D
1553,turn 5,not_evidenced,D
1553,turn 6,present,D
1553,turn 7,present,D
1553,turn 8,present,D
1553,turn 9,present,D
1554,turn 1,present,D
1554,turn 2,present,D
1554,turn 3,present,D
1554,turn 4,present,D
1554,turn 5,present,D
1554,turn 6,present,D
1554,turn 7,present,D
1554,turn 8,present,D
1554,turn 9,present,D
1555,turn 1,absent,F
1555,turn 2,not_evidenced,F
1555,turn 3,not_evidenced,F
1555,turn 4,not_evidenced,F
1555,turn 5,absent,F
1556,turn 1,present,E
1556,turn 2,absent,E
1556,turn 3,not_evidenced,E
1557,turn 1,present,A
1557,turn 2,present,A
1557,turn 3,absent,A
1557,turn 4,present,A
1557,turn 5,present,A
1557,turn 6,absent,A
1558,turn 1,present,B
1558,turn 2,present,B
1558,turn 3,absent,B
1559,turn 1,present,F
1559,turn 2,not_evidenced,F
1559,turn 3,not_evidenced,F
1559,turn 4,present,F
1559,turn 5,present,F
1559,turn 6,absent,F
1560,turn 1,present,E
1560,turn 2,absent,E
1560,turn 3,absent,E
1560,turn 4,not_evidenced,E
1560,turn 5,present,E
1560,turn 6,absent,E
1560,turn 7,not_evidenced,E
1560,turn 8,absent,E
1560,turn 9,absent,E
1561,turn 1,present,E
1561,turn 2,absent,E
1561,turn 3,present,E
1561,turn 4,present,E
1561,turn 5,absent,E
1561,turn 6,not_evidenced,E
1562,turn 1,present,B
1562,turn 2,present,B
1562,turn 3,present,B
1562,turn 4,present,B
1562,turn 5,present,B
1562,turn 6,not_evidenced,B
1562,turn 7,present,B
1563,turn 1,present,B
1563,turn 2,present,B
1563,turn 3,present,B
1563,turn 4,present,B
1563,turn 5,absent,B
1563,turn 6,not_evidenced,B
1564,turn 1,present,B
1564,turn 2,absent,B
1564,turn 3,absent,B
1565,turn 1,present,C
1565,turn 2,absent,C
1566,turn 1,present,F
1566,turn 2,not_evidenced,F
1566,turn 3,not_evidenced,F
1566,turn 4,present,F
1566,turn 5,not_evidenced,F
1566,turn 6,not_evidenced,F
1566,turn 7,absent,F
1566,turn 8,present,F
1566,turn 9,present,F
1566,turn 10,present,F
1567,turn 1,absent,F
1567,turn 2,not_evidenced,F
1568,turn 1,present,A
1568,turn 2,absent,A
1568,turn 3,present,A
1568,turn 4,absent,A
1568,turn 5,present,A
1568,turn 6,absent,A
1568,turn 7,absent,A
1568,turn 8,absent,A
1568,turn 9,absent,A
1568,turn 10,absent,A
1569,turn 1,absent,F
1569,turn 2,absent,F
1570,turn 1,absent,A
1570,turn 2,present,A
1570,turn 3,absent,A
1570,turn 4,present,A
1570,turn 5,absent,A
1570,turn 6,absent,A
1570,turn 7,present,A
1570,turn 8,present,A
1570,turn 9,present,A
1571,turn 1,present,E
1571,turn 2,present,E
1571,turn 3,present,E
1571,turn 4,present,E
1571,turn 5,present,E
1571,turn 6,present,E
1571,turn 7,absent,E
1571,turn 8,absent,E
1572,turn 1,present,B
1572,turn 2,present,B
1572,turn 3,absent,B
1572,turn 4,present,B
1572,turn 5,present,B
1573,turn 1,not_evidenced,F
1573,turn 2,present,F
1573,turn 3,present,F
1573,turn 4,absent,F
1574,turn 1,absent,A
1574,turn 2,present,A
1574,turn 3,absent,A
1575,turn 1,present,D
1575,turn 2,absent,D
1576,turn 1,present,B
1576,turn 2,not_evidenced,B
1576,turn 3,present,B
1576,turn 4,absent,B
1577,turn 1,present,E
1577,turn 2,present,E
1578,turn 1,present,C
1578,turn 2,absent,C
1578,turn 3,not_evidenced,C
1579,turn 1,not_evidenced,D
1579,turn 2,present,D
1579,turn 3,absent,D
1580,turn 1,present,F
1580,turn 2,absent,F
1581,turn 1,present,E
1581,turn 2,not_evidenced,E
1581,turn 3,not_evidenced,E
1581,turn 4,present,E
1581,turn 5,absent,E
1581,turn 6,present,E
1581,turn 7,present,E
1581,turn 8,present,E
1581,turn 9,present,E
1581,turn 10,absent,E
1582,turn 1,present,B
1582,turn 2,not_evidenced,B
1582,turn 3,not_evidenced,B
1582,turn 4,present,B
1582,turn 5,absent,B
1582,turn 6,present,B
1582,turn 7,present,B
1582,turn 8,absent,B
1582,turn 9,absent,B
1582,turn 10,not_evidenced,B
1583,turn 1,present,F
1583,turn 2,not_evidenced,F
1583,turn 3,present,F
1583,turn 4,absent,F
1583,turn 5,present,F
1583,turn 6,present,F
1583,turn 7,present,F
1583,turn 8,present,F
1583,turn 9,present,F
1583,turn 10,present,F
1584,turn 1,present,B
1584,turn 2,absent,B
1584,turn 3,present,B
1584,turn 4,absent,B
1584,turn 5,absent,B
1584,turn 6,absent,B
1584,turn 7,absent,B
1584,turn 8,not_evidenced,B
1585,turn 1,present,C
1585,turn 2,absent,C
1586,turn 1,present,D
1586,turn 2,absent,D
1586,turn 3,absent,D
1586,turn 4,not_evidenced,D
1587,turn 1,present,C
1587,turn 2,not_evidenced,C
1587,turn 3,absent,C
1587,turn 4,absent,C
1587,turn 5,present,C
1587,turn 6,present,C
1587,turn 7,present,C
1587,turn 8,absent,C
1587,turn 9,absent,C
1587,turn 10,not_evidenced,C
1587,turn 11,absent,C
1587,turn 12,not_evidenced,C
1587,turn 13,not_evidenced,C
1587,turn 14,not_evidenced,C
1588,turn 1,present,C
1588,turn 2,absent,C
1588,turn 3,not_evidenced,C
1588,turn 4,not_evidenced,C
1588,turn 5,absent,C
1588,turn 6,present,C
1588,turn 7,absent,C
1589,turn 1,present,A
1589,turn 2,present,A
1589,turn 3,absent,A
1590,turn 1,present,D
1590,turn 2,present,D
1590,turn 3,absent,D
1590,turn 4,present,D
1590,turn 5,present,D
1590,turn 6,present,D
1590,turn 7,absent,D
1590,turn 8,not_evidenced,D
1590,turn 9,not_evidenced,D
1590,turn 10,absent,D
1591,turn 1,present,B
1591,turn 2,present,B
1591,turn 3,present,B
1591,turn 4,present,B
1591,turn 5,present,B
1591,turn 6,present,B
1591,turn 7,absent,B
1592,turn 1,present,F
1592,turn 2,present,F
1592,turn 3,present,F
1592,turn 4,absent,F
1592,turn 5,absent,F
1593,turn 1,present,D
1593,turn 2,present,D
1593,turn 3,absent,D
1593,turn 4,not_evidenced,D
1594,turn 1,present,E
1594,turn 2,absent,E
1595,turn 1,present,B
1595,turn 2,absent,B
1595,turn 3,present,B
1595,turn 4,absent,B
1595,turn 5,present,B
1595,turn 6,absent,B
1596,turn 1,present,F
1596,turn 2,not_evidenced,F
1596,turn 3,not_evidenced,F
1596,turn 4,absent,F
1596,turn 5,absent,F
1596,turn 6,present,F
1596,turn 7,absent,F
1596,turn 8,present,F
1596,turn 9,absent,F
1596,turn 10,present,F
1596,turn 11,present,F
1596,turn 12,present,F
1598,turn 1,present,B
1598,turn 2,absent,B
1598,turn 3,present,B
1598,turn 4,present,B
1598,turn 5,absent,B
1598,turn 6,absent,B
1598,turn 7,present,B
1598,turn 8,present,B
1599,turn 1,present,A
1599,turn 2,not_evidenced,A
1599,turn 3,absent,A
1599,turn 4,present,A
1599,turn 5,absent,A
1599,turn 6,present,A
1600,turn 1,not_evidenced,F
1600,turn 2,present,F
1600,turn 3,present,F
1600,turn 4,absent,F
1601,turn 1,present,B
1601,turn 2,absent,B
1601,turn 3,absent,B
1601,turn 4,not_evidenced,B
1601,turn 5,not_evidenced,B
1601,turn 6,absent,B
1601,turn 7,absent,B
1602,turn 1,present,B
1602,turn 2,not_evidenced,B
1602,turn 3,absent,B
1602,turn 4,present,B
1602,turn 5,present,B
1602,turn 6,absent,B
1602,turn 7,absent,B
1603,turn 1,present,F
1603,turn 2,present,F
1603,turn 3,absent,F
1603,turn 4,not_evidenced,F
1604,turn 1,present,C
1604,turn 2,absent,C
1604,turn 3,absent,C
1604,turn 4,present,C
1604,turn 5,present,C
1604,turn 6,absent,C
1604,turn 7,present,C
1604,turn 8,present,C
1604,turn 9,present,C
1604,turn 10,absent,C
1604,turn 11,not_evidenced,C
1605,turn 1,present,E
1605,turn 2,absent,E
1605,turn 3,absent,E
1605,turn 4,not_evidenced,E
1605,turn 5,present,E
1605,turn 6,present,E
1605,turn 7,present,E
1605,turn 8,not_evidenced,E
1605,turn 9,not_evidenced,E
1605,turn 10,absent,E
1605,turn 11,absent,E
1605,turn 12,absent,E
1605,turn 13,absent,E
1606,turn 1,present,D
1606,turn 2,absent,D
1606,turn 3,present,D
1606,turn 4,not_evidenced,D
1606,turn 5,present,D
1606,turn 6,present,D
1606,turn 7,present,D
1606,turn 8,present,D
1606,turn 9,absent,D
1606,turn 10,absent,D
1607,turn 1,present,E
1607,turn 2,not_evidenced,E
1607,turn 3,not_evidenced,E
1607,turn 4,present,E
1607,turn 5,present,E
1607,turn 6,present,E
1607,turn 7,present,E
1607,turn 8,present,E
1607,turn 9,present,E
1607,turn 10,present,E
1607,turn 11,present,E
1608,turn 1,present,E
1608,turn 2,present,E
1608,turn 3,present,E
1608,turn 4,absent,E
1609,turn 1,present,F
1609,turn 2,present,F
1609,turn 3,present,F
1609,turn 4,present,F
1609,turn 5,present,F
1609,turn 6,not_evidenced,F
1609,turn 7,not_evidenced,F
1609,turn 8,present,F
1609,turn 9,present,F
1609,turn 10,not_evidenced,F
1610,turn 1,present,A
1610,turn 2,absent,A
1610,turn 3,present,A
1610,turn 4,present,A
1610,turn 5,present,A
1610,turn 6,present,A
1610,turn 7,present,A
1610,turn 8,present,A
1610,turn 9,present,A
1611,turn 1,absent,B
1611,turn 2,absent,B
1611,turn 3,not_evidenced,B
1611,turn 4,present,B
1611,turn 5,present,B
1611,turn 6,absent,B
1612,turn 1,present,C
1612,turn 2,not_evidenced,C
1612,turn 3,present,C
1612,turn 4,not_evidenced,C
1612,turn 5,not_evidenced,C
1612,turn 6,absent,C
1612,turn 7,absent,C
1612,turn 8,absent,C
1613,turn 1,present,B
1613,turn 2,present,B
1613,turn 3,absent,B
1613,turn 4,present,B
1613,turn 5,present,B
1613,turn 6,absent,B
1613,turn 7,absent,B
1613,turn 8,absent,B
1613,turn 9,absent,B
1613,turn 10,absent,B
1613,turn 11,not_evidenced,B
1614,turn 1,present,E
1614,turn 2,absent,E
1615,turn 1,present,A
1615,turn 2,absent,A
1615,turn 3,not_evidenced,A
1616,turn 1,present,F
1616,turn 2,present,F
1616,turn 3,present,F
1616,turn 4,present,F
1616,turn 5,present,F
1616,turn 6,present,F
1616,turn 7,present,F
1616,turn 8,present,F
1616,turn 9,present,F
1616,turn 10,present,F
1616,turn 11,present,F
1616,turn 12,present,F
1616,turn 13,present,F
1617,turn 1,present,A
1617,turn 2,present,A
1617,turn 3,absent,A
1618,turn 1,present,C
1618,turn 2,absent,C
1618,turn 3,present,C
1618,turn 4,present,C
1618,turn 5,absent,C
1619,turn 1,not_evidenced,A
1619,turn 2,present,A
1619,turn 3,absent,A
1619,turn 4,not_evidenced,A
1620,turn 1,present,A
1620,turn 2,present,A
1620,turn 3,absent,A
1620,turn 4,not_evidenced,A
1622,turn 1,present,C
1622,turn 2,not_evidenced,C
1622,turn 3,absent,C
1622,turn 4,absent,C
1623,turn 1,present,E
1623,turn 2,not_evidenced,E
1623,turn 3,present,E
1623,turn 4,not_evidenced,E
1623,turn 5,absent,E
1623,turn 6,absent,E
1624,turn 1,not_evidenced,D
1624,turn 2,present,D
1624,turn 3,not_evidenced,D
1624,turn 4,absent,D
1624,turn 5,present,D
1624,turn 6,present,D
1624,turn 7,present,D
1624,turn 8,absent,D
1624,turn 9,absent,D
1624,turn 10,present,D
1624,turn 11,present,D
1624,turn 12,absent,D
1625,turn 1,present,F
1625,turn 2,present,F
1625,turn 3,absent,F
1625,turn 4,present,F
1625,turn 5,present,F
1625,turn 6,present,F
1625,turn 7,present,F
1625,turn 8,present,F
1625,turn 9,absent,F
1625,turn 10,not_evidenced,F
1626,turn 1,present,B
1626,turn 2,not_evidenced,B
1626,turn 3,present,B
1626,turn 4,not_evidenced,B
1626,turn 5,absent,B
1626,turn 6,present,B
1626,turn 7,present,B
1626,turn 8,present,B
1626,turn 9,absent,B
1627,turn 1,present,A
1627,turn 2,absent,A
1627,turn 3,present,A
1627,turn 4,present,A
1627,turn 5,absent,A
1628,turn 1,present,D
1628,turn 2,absent,D
1628,turn 3,present,D
1628,turn 4,present,D
1628,turn 5,absent,D
1629,turn 1,present,F
1629,turn 2,present,F
1629,turn 3,absent,F
1629,turn 4,absent,F
1629,turn 5,absent,F
1629,turn 6,absent,F
1629,turn 7,not_evidenced,F
1629,turn 8,not_evidenced,F
1630,turn 1,present,A
1630,turn 2,present,A
1630,turn 3,absent,A
1630,turn 4,present,A
1630,turn 5,present,A
1630,turn 6,present,A
1630,turn 7,absent,A
1630,turn 8,absent,A
1630,turn 9,present,A
1631,turn 1,present,A
1631,turn 2,present,A
1631,turn 3,present,A
1631,turn 4,present,A
1631,turn 5,present,A
1631,turn 6,not_evidenced,A
1631,turn 7,absent,A
1632,turn 1,present,E
1632,turn 2,present,E
1632,turn 3,present,E
1632,turn 4,present,E
1632,turn 5,not_evidenced,E
1632,turn 6,absent,E
1632,turn 7,present,E
1632,turn 8,absent,E
1632,turn 9,present,E
1632,turn 10,not_evidenced,E
1633,turn 1,present,F
1633,turn 2,absent,F
1633,turn 3,not_evidenced,F
1633,turn 4,present,F
1633,turn 5,not_evidenced,F
1633,turn 6,not_evidenced,F
1633,turn 7,present,F
1633,turn 8,present,F
1633,turn 9,not_evidenced,F
1633,turn 10,absent,F
1634,turn 1,present,A
1634,turn 2,present,A
1634,turn 3,not_evidenced,A
1634,turn 4,present,A
1634,turn 5,present,A
1634,turn 6,absent,A
1635,turn 1,absent,C
1635,turn 2,present,C
1635,turn 3,present,C
1635,turn 4,present,C
1635,turn 5,absent,C
1635,turn 6,absent,C
1635,turn 7,present,C
1635,turn 8,absent,C
1635,turn 9,absent,C
1635,turn 10,present,C
1636,turn 1,present,F
1636,turn 2,present,F
1636,turn 3,absent,F
1637,turn 1,present,A
1637,turn 2,present,A
1637,turn 3,absent,A
1638,turn 1,present,B
1638,turn 2,absent,B
1639,turn 1,present,C
1639,turn 2,present,C
1639,turn 3,absent,C
1640,turn 1,present,E
1640,turn 2,present,E
1640,turn 3,present,E
1640,turn 4,absent,E
1641,turn 1,present,E
1641,turn 2,not_evidenced,E
1641,turn 3,present,E
1641,turn 4,absent,E
1641,turn 5,absent,E
1642,turn 1,present,E
1642,turn 2,absent,E
1642,turn 3,absent,E
1642,turn 4,absent,E
1643,turn 1,present,F
1643,turn 2,absent,F
1643,turn 3,absent,F
1643,turn 4,present,F
1643,turn 5,present,F
1643,turn 6,present,F
1643,turn 7,present,F
1643,turn 8,present,F
1643,turn 9,present,F
1643,turn 10,present,F
1643,turn 11,absent,F
1644,turn 1,present,F
1644,turn 2,not_evidenced,F
1644,turn 3,present,F
1644,turn 4,absent,F
1644,turn 5,not_evidenced,F
1644,turn 6,not_evidenced,F
1645,turn 1,present,F
1645,turn 2,present,F
1645,turn 3,absent,F
1646,turn 1,present,F
1646,turn 2,absent,F
1647,turn 1,present,A
1647,turn 2,absent,A
1648,turn 1,present,E
1648,turn 2,present,E
1648,turn 3,present,E
1648,turn 4,present,E
1648,turn 5,present,E
1648,turn 6,present,E
1648,turn 7,present,E
1648,turn 8,absent,E
1648,turn 9,not_evidenced,E
1648,turn 10,absent,E
1649,turn 1,absent,A
1649,turn 2,not_evidenced,A
1650,turn 1,present,F
1650,turn 2,present,F
1650,turn 3,present,F
1650,turn 4,not_evidenced,F
1650,turn 5,present,F
1650,turn 6,present,F
1650,turn 7,present,F
1650,turn 8,not_evidenced,F
1651,turn 1,not_evidenced,A
1651,turn 2,present,A
1651,turn 3,absent,A
1651,turn 4,present,A
1651,turn 5,present,A
1651,turn 6,not_evidenced,A
1652,turn 1,present,A
1652,turn 2,present,A
1652,turn 3,present,A
1652,turn 4,present,A
1652,turn 5,present,A
1652,turn 6,present,A
1652,turn 7,present,A
1652,turn 8,absent,A
1652,turn 9,absent,A
1653,turn 1,present,A
1653,turn 2,present,A
1653,turn 3,present,A
1653,turn 4,present,A
1653,turn 5,present,A
1653,turn 6,present,A
1654,turn 1,absent,F
1654,turn 2,not_evidenced,F
1655,turn 1,present,A
1655,turn 2,present,A
1655,turn 3,present,A
1655,turn 4,present,A
1655,turn 5,present,A
1655,turn 6,present,A
1656,turn 1,present,E
1656,turn 2,absent,E
1656,turn 3,absent,E
1656,turn 4,absent,E
1656,turn 5,present,E
1656,turn 6,absent,E
1657,turn 1,present,B
1657,turn 2,present,B
1657,turn 3,absent,B
1658,turn 1,present,C
1658,turn 2,absent,C
1658,turn 3,absent,C
1658,turn 4,not_evidenced,C
1658,turn 5,present,C
1659,turn 1,present,D
1659,turn 2,absent,D
1659,turn 3,present,D
1659,turn 4,present,D
1659,turn 5,present,D
1659,turn 6,present,D
1660,turn 1,present,E
1660,turn 2,present,E
1660,turn 3,present,E
1660,turn 4,not_evidenced,E
1660,turn 5,absent,E
1660,turn 6,absent,E
1661,turn 1,present,D
1661,turn 2,present,D
1661,turn 3,absent,D
1662,turn 1,present,F
1662,turn 2,present,F
1662,turn 3,not_evidenced,F
1662,turn 4,present,F
1662,turn 5,present,F
1662,turn 6,not_evidenced,F
1662,turn 7,not_evidenced,F
1662,turn 8,present,F
1662,turn 9,present,F
1662,turn 10,present,F
1662,turn 11,not_evidenced,F
1662,turn 12,absent,F
1662,turn 13,absent,F
1663,turn 1,present,C
1663,turn 2,present,C
1663,turn 3,present,C
1663,turn 4,present,C
1663,turn 5,present,C
1663,turn 6,present,C
1663,turn 7,present,C
1663,turn 8,present,C
1663,turn 9,absent,C
1663,turn 10,present,C
1663,turn 11,present,C
1663,turn 12,present,C
1663,turn 13,present,C
1663,turn 14,present,C
1663,turn 15,present,C
1663,turn 16,present,C
1663,turn 17,present,C
1664,turn 1,present,E
1664,turn 2,absent,E
1664,turn 3,absent,E
1665,turn 1,present,D
1665,turn 2,present,D
1665,turn 3,present,D
1665,turn 4,present,D
1665,turn 5,present,D
1665,turn 6,present,D
1665,turn 7,present,D
1665,turn 8,present,D
1665,turn 9,present,D
1665,turn 10,present,D
1666,turn 1,present,E
1666,turn 2,absent,E
1666,turn 3,not_evidenced,E
1666,turn 4,absent,E
1666,turn 5,absent,E
1667,turn 1,present,E
1667,turn 2,absent,E
1667,turn 3,absent,E
1667,turn 4,present,E
1667,turn 5,present,E
1667,turn 6,present,E
1667,turn 7,present,E
1667,turn 8,absent,E
1668,turn 1,present,F
1668,turn 2,present,F
1668,turn 3,absent,F
1668,turn 4,absent,F
1669,turn 1,present,D
1669,turn 2,not_evidenced,D
1669,turn 3,absent,D
1669,turn 4,absent,D
1670,turn 1,present,F
1670,turn 2,absent,F
1670,turn 3,absent,F
1671,turn 1,present,F
1671,turn 2,absent,F
1672,turn 1,present,A
1672,turn 2,absent,A
1672,turn 3,absent,A
1673,turn 1,present,D
1673,turn 2,absent,D
1673,turn 3,absent,D
1674,turn 1,absent,A
1674,turn 2,absent,A
1674,turn 3,not_evidenced,A
1674,turn 4,present,A
1674,turn 5,present,A
1674,turn 6,present,A
1674,turn 7,not_evidenced,A
1675,turn 1,present,B
1675,turn 2,present,B
1675,turn 3,not_evidenced,B
1675,turn 4,present,B
1675,turn 5,present,B
1675,turn 6,present,B
1676,turn 1,present,C
1676,turn 2,absent,C
1676,turn 3,absent,C
1677,turn 1,present,C
1677,turn 2,absent,C
1677,turn 3,present,C
1677,turn 4,present,C
1677,turn 5,absent,C
1678,turn 1,present,A
1678,turn 2,present,A
1678,turn 3,absent,A
1679,turn 1,present,B
1679,turn 2,absent,B
1679,turn 3,not_evidenced,B
1679,turn 4,absent,B
1679,turn 5,not_evidenced,B
1680,turn 1,present,B
1680,turn 2,present,B
1680,turn 3,present,B
1680,turn 4,present,B
1680,turn 5,absent,B
1680,turn 6,present,B
1680,turn 7,present,B
1680,turn 8,absent,B
1680,turn 9,not_evidenced,B
1681,turn 1,present,E
1681,turn 2,not_evidenced,E
1681,turn 3,not_evidenced,E
1681,turn 4,absent,E
1681,turn 5,present,E
1681,turn 6,absent,E
1682,turn 1,present,A
1682,turn 2,not_evidenced,A
1682,turn 3,present,A
1682,turn 4,present,A
1682,turn 5,present,A
1682,turn 6,absent,A
1682,turn 7,absent,A
1683,turn 1,present,A
1683,turn 2,absent,A
1683,turn 3,not_evidenced,A
1683,turn 4,present,A
1683,turn 5,present,A
1683,turn 6,present,A
1683,turn 7,present,A
1683,turn 8,present,A
1683,turn 9,absent,A
1683,turn 10,absent,A
1684,turn 1,present,D
1684,turn 2,not_evidenced,D
1684,turn 3,present,D
1684,turn 4,present,D
1684,turn 5,present,D
1684,turn 6,absent,D
1684,turn 7,not_evidenced,D
1685,turn 1,present,A
1685,turn 2,present,A
1685,turn 3,absent,A
1685,turn 4,absent,A
1685,turn 5,absent,A
1685,turn 6,absent,A
1685,turn 7,absent,A
1685,turn 8,absent,A
1686,turn 1,present,F
1686,turn 2,absent,F
1686,turn 3,absent,F
1686,turn 4,not_evidenced,F
1687,turn 1,present,D
1687,turn 2,present,D
1687,turn 3,present,D
1687,turn 4,present,D
1687,turn 5,present,D
1687,turn 6,present,D
1687,turn 7,present,D
1687,turn 8,present,D
1687,turn 9,not_evidenced,D
1688,turn 1,present,D
1688,turn 2,present,D
1688,turn 3,absent,D
1688,turn 4,present,D
1688,turn 5,present,D
1688,turn 6,present,D
1688,turn 7,not_evidenced,D
1688,turn 8,not_evidenced,D
1688,turn 9,present,D
1688,turn 10,absent,D
1688,turn 11,present,D
1688,turn 12,absent,D
1688,turn 13,absent,D
1688,turn 14,present,D
1688,turn 15,absent,D
1689,turn 1,present,D
1689,turn 2,absent,D
1689,turn 3,absent,D
1689,turn 4,present,D
1689,turn 5,not_evidenced,D
1689,turn 6,present,D
1689,turn 7,present,D
1689,turn 8,present,D
1689,turn 9,present,D
1689,turn 10,present,D
1689,turn 11,present,D
1689,turn 12,present,D
1689,turn 13,present,D
1689,turn 14,present,D
1689,turn 15,present,D
1689,turn 16,present,D
1689,turn 17,present,D
1689,turn 18,absent,D
1689,turn 19,present,D
1689,turn 20,present,D
1689,turn 21,present,D
1690,turn 1,present,B
1690,turn 2,present,B
1690,turn 3,present,B
1690,turn 4,absent,B
1690,turn 5,absent,B
1690,turn 6,not_evidenced,B
1690,turn 7,present,B
1690,turn 8,present,B
1690,turn 9,present,B
1690,turn 10,present,B
1690,turn 11,absent,B
1691,turn 1,present,B
1691,turn 2,present,B
1692,turn 1,present,D
1692,turn 2,not_evidenced,D
1692,turn 3,not_evidenced,D
1692,turn 4,not_evidenced,D
1692,turn 5,not_evidenced,D
1692,turn 6,present,D
1692,turn 7,absent,D
1692,turn 8,absent,D
1693,turn 1,present,F
1693,turn 2,absent,F
1693,turn 3,absent,F
1693,turn 4,not_evidenced,F
1693,turn 5,not_evidenced,F
1693,turn 6,not_evidenced,F
1693,turn 7,not_evidenced,F
1693,turn 8,not_evidenced,F
1693,turn 9,absent,F
1693,turn 10,absent,F
1694,turn 1,present,E
1694,turn 2,absent,E
1694,turn 3,absent,E
1694,turn 4,not_evidenced,E
1694,turn 5,not_evidenced,E
1694,turn 6,present,E
1694,turn 7,absent,E
1695,turn 1,present,B
1695,turn 2,absent,B
1695,turn 3,absent,B
1695,turn 4,absent,B
1695,turn 5,absent,B
1695,turn 6,absent,B
1695,turn 7,not_evidenced,B
1695,turn 8,not_evidenced,B
1696,turn 1,present,B
1696,turn 2,present,B
1696,turn 3,present,B
1696,turn 4,not_evidenced,B
1697,turn 1,present,B
1697,turn 2,not_evidenced,B
1697,turn 3,present,B
1697,turn 4,absent,B
1698,turn 1,present,F
1698,turn 2,absent,F
1698,turn 3,absent,F
1698,turn 4,absent,F
1699,turn 1,present,A
1699,turn 2,not_evidenced,A
1699,turn 3,present,A
1699,turn 4,absent,A
1700,turn 1,present,C
1700,turn 2,present,C
1700,turn 3,absent,C
1700,turn 4,not_evidenced,C
1700,turn 5,not_evidenced,C
1701,turn 1,present,B
1701,turn 2,absent,B
1701,turn 3,absent,B
1701,turn 4,absent,B
1701,turn 5,not_evidenced,B
1702,turn 1,present,A
1702,turn 2,present,A
1702,turn 3,present,A
1702,turn 4,present,A
1702,turn 5,present,A
1702,turn 6,present,A
1703,turn 1,present,B
1703,turn 2,not_evidenced,B
1703,turn 3,present,B
1703,turn 4,present,B
1703,turn 5,present,B
1703,turn 6,absent,B
1703,turn 7,not_evidenced,B
1704,turn 1,present,F
1704,turn 2,not_evidenced,F
1704,turn 3,absent,F
1704,turn 4,not_evidenced,F
1705,turn 1,present,B
1705,turn 2,not_evidenced,B
1705,turn 3,absent,B
1705,turn 4,present,B
1705,turn 5,not_evidenced,B
1705,turn 6,present,B
1705,turn 7,absent,B
1705,turn 8,absent,B
1705,turn 9,absent,B
1706,turn 1,absent,F
1706,turn 2,absent,F
1706,turn 3,present,F
1706,turn 4,absent,F
1706,turn 5,present,F
1706,turn 6,absent,F
1706,turn 7,present,F
1706,turn 8,present,F
1706,turn 9,absent,F
1707,turn 1,present,C
1707,turn 2,absent,C
1707,turn 3,absent,C
1707,turn 4,absent,C
1707,turn 5,absent,C
1707,turn 6,absent,C
1708,turn 1,present,E
1708,turn 2,absent,E
1709,turn 1,present,E
1709,turn 2,present,E
1709,turn 3,present,E
1709,turn 4,present,E
1709,turn 5,present,E
1709,turn 6,present,E
1710,turn 1,present,F
1710,turn 2,not_evidenced,F
1710,turn 3,not_evidenced,F
1710,turn 4,absent,F
1710,turn 5,present,F
1710,turn 6,not_evidenced,F
1710,turn 7,absent,F
1710,turn 8,absent,F
1710,turn 9,absent,F
1711,turn 1,present,E
1711,turn 2,present,E
1711,turn 3,absent,E
1712,turn 1,absent,E
1712,turn 2,not_evidenced,E
1712,turn 3,absent,E
1712,turn 4,absent,E
1712,turn 5,not_evidenced,E
1713,turn 1,present,F
1713,turn 2,present,F
1713,turn 3,present,F
1713,turn 4,absent,F
1713,turn 5,not_evidenced,F
1714,turn 1,present,D
1714,turn 2,present,D
1714,turn 3,present,D
1714,turn 4,absent,D
1714,turn 5,not_evidenced,D
1715,turn 1,present,A
1715,turn 2,present,A
1715,turn 3,present,A
1715,turn 4,present,A
1715,turn 5,present,A
1715,turn 6,present,A
1715,turn 7,present,A
1715,turn 8,absent,A
1716,turn 1,absent,A
1716,turn 2,not_evidenced,A
1716,turn 3,absent,A
1717,turn 1,present,E
1717,turn 2,not_evidenced,E
1717,turn 3,absent,E
1717,turn 4,absent,E
1718,turn 1,present,B
1718,turn 2,present,B
1718,turn 3,present,B
1718,turn 4,absent,B
1718,turn 5,absent,B
1718,turn 6,present,B
1718,turn 7,absent,B
1718,turn 8,present,B
1718,turn 9,not_evidenced,B
1718,turn 10,present,B
1719,turn 1,present,D
1719,turn 2,not_evidenced,D
1719,turn 3,absent,D
1720,turn 1,present,D
1720,turn 2,absent,D
1720,turn 3,present,D
1720,turn 4,present,D
1720,turn 5,absent,D
1721,turn 1,present,D
1721,turn 2,present,D
1721,turn 3,present,D
1721,turn 4,present,D
1721,turn 5,present,D
1721,turn 6,absent,D
1721,turn 7,absent,D
1721,turn 8,absent,D
1721,turn 9,absent,D
1721,turn 10,present,D
1722,turn 1,present,D
1722,turn 2,not_evidenced,D
1722,turn 3,present,D
1722,turn 4,absent,D
1722,turn 5,present,D
1722,turn 6,present,D
1722,turn 7,present,D
1723,turn 1,present,A
1723,turn 2,absent,A
1723,turn 3,not_evidenced,A
1723,turn 4,absent,A
1723,turn 5,not_evidenced,A
1724,turn 1,present,F
1724,turn 2,not_evidenced,F
1724,turn 3,not_evidenced,F
1724,turn 4,present,F
1724,turn 5,not_evidenced,F
1724,turn 6,present,F
1724,turn 7,present,F
1725,turn 1,present,B
1725,turn 2,not_evidenced,B
1725,turn 3,not_evidenced,B
1725,turn 4,absent,B
1725,turn 5,absent,B
1726,turn 1,present,D
1726,turn 2,absent,D
1726,turn 3,absent,D
1726,turn 4,absent,D
1727,turn 1,present,E
1727,turn 2,absent,E
1727,turn 3,absent,E
1728,turn 1,present,E
1728,turn 2,present,E
1728,turn 3,absent,E
1728,turn 4,absent,E
1728,turn 5,absent,E
1728,turn 6,not_evidenced,E
1729,turn 1,present,A
1729,turn 2,present,A
1729,turn 3,present,A
1729,turn 4,present,A
1729,turn 5,present,A
1729,turn 6,absent,A
1729,turn 7,present,A
1729,turn 8,present,A
1729,turn 9,present,A
1730,turn 1,present,B
1730,turn 2,not_evidenced,B
1730,turn 3,absent,B
1730,turn 4,present,B
1730,turn 5,absent,B
1730,turn 6,absent,B
1730,turn 7,absent,B
1730,turn 8,not_evidenced,B
1731,turn 1,present,C
1731,turn 2,absent,C
1731,turn 3,absent,C
1731,turn 4,not_evidenced,C
1732,turn 1,present,A
1732,turn 2,present,A
1732,turn 3,present,A
1732,turn 4,absent,A
1732,turn 5,present,A
1732,turn 6,present,A
1732,turn 7,present,A
1732,turn 8,present,A
1732,turn 9,present,A
1732,turn 10,present,A
1733,turn 1,present,D
1733,turn 2,absent,D
1734,turn 1,present,A
1734,turn 2,present,A
1734,turn 3,absent,A
1734,turn 4,absent,A
1735,turn 1,present,A
1735,turn 2,present,A
1735,turn 3,present,A
1735,turn 4,present,A
1735,turn 5,not_evidenced,A
1735,turn 6,present,A
1735,turn 7,present,A
1735,turn 8,present,A
1735,turn 9,present,A
1735,turn 10,absent,A
1736,turn 1,not_evidenced,C
1736,turn 2,not_evidenced,C
1736,turn 3,present,C
1736,turn 4,absent,C
1736,turn 5,absent,C
1736,turn 6,absent,C
1737,turn 1,present,D
1737,turn 2,present,D
1737,turn 3,present,D
1737,turn 4,present,D
1737,turn 5,present,D
1737,turn 6,present,D
1737,turn 7,absent,D
1737,turn 8,not_evidenced,D
1737,turn 9,absent,D
1738,turn 1,present,F
1738,turn 2,present,F
1738,turn 3,not_evidenced,F
1738,turn 4,present,F
1738,turn 5,present,F
1738,turn 6,absent,F
1738,turn 7,present,F
1738,turn 8,present,F
1738,turn 9,absent,F
1739,turn 1,present,B
1739,turn 2,absent,B
1740,turn 1,present,A
1740,turn 2,present,A
1740,turn 3,absent,A
1741,turn 1,present,D
1741,turn 2,present,D
1741,turn 3,present,D
1741,turn 4,present,D
1741,turn 5,absent,D
1741,turn 6,absent,D
1742,turn 1,present,C
1742,turn 2,present,C
1742,turn 3,present,C
1742,turn 4,absent,C
1742,turn 5,absent,C
1743,turn 1,present,B
1743,turn 2,present,B
1743,turn 3,absent,B
1743,turn 4,present,B
1743,turn 5,present,B
1743,turn 6,absent,B
1743,turn 7,absent,B
1744,turn 1,not_evidenced,B
1744,turn 2,present,B
1744,turn 3,absent,B
1744,turn 4,not_evidenced,B
1745,turn 1,not_evidenced,C
1745,turn 2,present,C
1745,turn 3,not_evidenced,C
1745,turn 4,present,C
1745,turn 5,present,C
1745,turn 6,not_evidenced,C
1745,turn 7,present,C
1745,turn 8,absent,C
1745,turn 9,present,C
1745,turn 10,absent,C
1746,turn 1,not_evidenced,E
1746,turn 2,present,E
1746,turn 3,absent,E
1747,turn 1,not_evidenced,A
1747,turn 2,not_evidenced,A
1747,turn 3,present,A
1747,turn 4,present,A
1747,turn 5,absent,A
1747,turn 6,present,A
1747,turn 7,present,A
1747,turn 8,present,A
1747,turn 9,present,A
1747,turn 10,present,A
1748,turn 1,present,C
1748,turn 2,present,C
1748,turn 3,present,C
1748,turn 4,present,C
1748,turn 5,present,C
1748,turn 6,present,C
1748,turn 7,absent,C
1749,turn 1,absent,A
1749,turn 2,absent,A
1749,turn 3,absent,A
1749,turn 4,absent,A
1749,turn 5,not_evidenced,A
1749,turn 6,not_evidenced,A
1749,turn 7,not_evidenced,A
1750,turn 1,absent,A
1750,turn 2,not_evidenced,A
1750,turn 3,present,A
1750,turn 4,present,A
1750,turn 5,absent,A
1751,turn 1,present,D
1751,turn 2,present,D
1751,turn 3,present,D
1751,turn 4,present,D
1751,turn 5,not_evidenced,D
1751,turn 6,absent,D
1751,turn 7,not_evidenced,D
1751,turn 8,present,D
1751,turn 9,absent,D
1752,turn 1,absent,F
1752,turn 2,not_evidenced,F
1753,turn 1,present,D
1753,turn 2,absent,D
1753,turn 3,not_evidenced,D
1753,turn 4,absent,D
1753,turn 5,present,D
1753,turn 6,present,D
1753,turn 7,present,D
1753,turn 8,absent,D
1754,turn 1,present,E
1754,turn 2,present,E
1754,turn 3,absent,E
1754,turn 4,absent,E
1754,turn 5,absent,E
1755,turn 1,present,E
1755,turn 2,not_evidenced,E
1755,turn 3,present,E
1755,turn 4,present,E
1755,turn 5,present,E
1755,turn 6,absent,E
1756,turn 1,present,B
1756,turn 2,not_evidenced,B
1756,turn 3,absent,B
1757,turn 1,present,F
1757,turn 2,present,F
1757,turn 3,absent,F
1758,turn 1,absent,C
1758,turn 2,absent,C
1758,turn 3,absent,C
1758,turn 4,not_evidenced,C
1759,turn 1,present,A
1759,turn 2,present,A
1759,turn 3,absent,A
1759,turn 4,absent,A
1759,turn 5,not_evidenced,A
1759,turn 6,not_evidenced,A
1759,turn 7,not_evidenced,A
1759,turn 8,absent,A
1760,turn 1,present,D
1760,turn 2,not_evidenced,D
1760,turn 3,not_evidenced,D
1760,turn 4,not_evidenced,D
1760,turn 5,not_evidenced,D
1760,turn 6,present,D
1760,turn 7,present,D
1760,turn 8,present,D
1760,turn 9,present,D
1760,turn 10,absent,D
1760,turn 11,not_evidenced,D
1761,turn 1,present,D
1761,turn 2,not_evidenced,D
1761,turn 3,present,D
1761,turn 4,present,D
1761,turn 5,present,D
1761,turn 6,absent,D
1761,turn 7,absent,D
1761,turn 8,absent,D
1761,turn 9,absent,D
1761,turn 10,not_evidenced,D
1761,turn 11,not_evidenced,D
1762,turn 1,present,D
1762,turn 2,not_evidenced,D
1762,turn 3,not_evidenced,D
1762,turn 4,not_evidenced,D
1762,turn 5,absent,D
1762,turn 6,absent,D
1763,turn 1,present,F
1763,turn 2,not_evidenced,F
1763,turn 3,not_evidenced,F
1763,turn 4,not_evidenced,F
1763,turn 5,absent,F
1764,turn 1,not_evidenced,C
1764,turn 2,present,C
1764,turn 3,absent,C
1764,turn 4,absent,C
1764,turn 5,absent,C
1765,turn 1,absent,E
1766,turn 1,not_evidenced,E
1766,turn 2,absent,E
1766,turn 3,absent,E
1767,turn 1,not_evidenced,E
1767,turn 2,not_evidenced,E
1767,turn 3,present,E
1767,turn 4,absent,E
1767,turn 5,absent,E
1767,turn 6,absent,E
1767,turn 7,absent,E
1768,turn 1,absent,C
1768,turn 2,not_evidenced,C
1768,turn 3,absent,C
1768,turn 4,present,C
1768,turn 5,present,C
1768,turn 6,present,C
1768,turn 7,absent,C
1770,turn 1,present,C
1770,turn 2,present,C
1770,turn 3,not_evidenced,C
1770,turn 4,present,C
1770,turn 5,absent,C
1770,turn 6,present,C
1770,turn 7,present,C
1770,turn 8,absent,C
1771,turn 1,present,C
1771,turn 2,not_evidenced,C
1771,turn 3,absent,C
1771,turn 4,absent,C
1772,turn 1,present,D
1772,turn 2,absent,D
1773,turn 1,absent,A
1773,turn 2,absent,A
1773,turn 3,absent,A
1773,turn 4,not_evidenced,A
1773,turn 5,absent,A
1773,turn 6,not_evidenced,A
1774,turn 1,present,D
1774,turn 2,present,D
1774,turn 3,present,D
1774,turn 4,present,D
1774,turn 5,absent,D
1774,turn 6,not_evidenced,D
1775,turn 1,not_evidenced,B
1775,turn 2,present,B
1775,turn 3,present,B
1775,turn 4,present,B
1775,turn 5,not_evidenced,B
1775,turn 6,present,B
1775,turn 7,present,B
1775,turn 8,present,B
1775,turn 9,absent,B
1776,turn 1,not_evidenced,D
1776,turn 2,present,D
1776,turn 3,present,D
1776,turn 4,present,D
1776,turn 5,present,D
1776,turn 6,present,D
1776,turn 7,present,D
1777,turn 1,not_evidenced,B
1777,turn 2,absent,B
1777,turn 3,absent,B
1777,turn 4,present,B
1777,turn 5,present,B
1777,turn 6,absent,B
1777,turn 7,present,B
1777,turn 8,present,B
1778,turn 1,present,D
1778,turn 2,present,D
1778,turn 3,present,D
1778,turn 4,absent,D
1779,turn 1,not_evidenced,B
1779,turn 2,not_evidenced,B
1779,turn 3,absent,B
1779,turn 4,present,B
1779,turn 5,present,B
1779,turn 6,present,B
1779,turn 7,present,B
1779,turn 8,not_evidenced,B
1780,turn 1,present,C
1780,turn 2,not_evidenced,C
1780,turn 3,present,C
1780,turn 4,present,C
1780,turn 5,absent,C
1781,turn 1,present,D
1781,turn 2,absent,D
1781,turn 3,not_evidenced,D
1781,turn 4,absent,D
1781,turn 5,not_evidenced,D
1781,turn 6,present,D
1781,turn 7,present,D
1781,turn 8,present,D
1781,turn 9,present,D
1781,turn 10,not_evidenced,D
1782,turn 1,present,C
1782,turn 2,present,C
1782,turn 3,absent,C
1782,turn 4,absent,C
1782,turn 5,not_evidenced,C
1783,turn 1,present,A
1783,turn 2,present,A
1783,turn 3,present,A
1783,turn 4,present,A
1783,turn 5,present,A
1783,turn 6,not_evidenced,A
1783,turn 7,not_evidenced,A
1783,turn 8,absent,A
1784,turn 1,present,F
1784,turn 2,absent,F
1784,turn 3,absent,F
1784,turn 4,present,F
1784,turn 5,absent,F
1785,turn 1,present,B
1785,turn 2,present,B
1785,turn 3,present,B
1785,turn 4,present,B
1785,turn 5,present,B
1785,turn 6,present,B
1785,turn 7,absent,B
1786,turn 1,present,F
1786,turn 2,not_evidenced,F
1786,turn 3,absent,F
1786,turn 4,present,F
1786,turn 5,absent,F
1787,turn 1,present,D
1787,turn 2,not_evidenced,D
1787,turn 3,not_evidenced,D
1787,turn 4,not_evidenced,D
1787,turn 5,absent,D
1788,turn 1,present,A
1788,turn 2,absent,A
1788,turn 3,not_evidenced,A
1788,turn 4,absent,A
1789,turn 1,present,A
1789,turn 2,absent,A
1789,turn 3,absent,A
1789,turn 4,present,A
1789,turn 5,present,A
1789,turn 6,present,A
1789,turn 7,absent,A
1789,turn 8,present,A
1789,turn 9,present,A
1789,turn 10,absent,A
1790,turn 1,present,F
1790,turn 2,present,F
1790,turn 3,present,F
1790,turn 4,present,F
1790,turn 5,present,F
1790,turn 6,absent,F
1791,turn 1,present,A
1791,turn 2,present,A
1791,turn 3,present,A
1791,turn 4,absent,A
1791,turn 5,present,A
1791,turn 6,present,A
1791,turn 7,present,A
1791,turn 8,present,A
1791,turn 9,present,A
1791,turn 10,present,A
1791,turn 11,present,A
1792,turn 1,present,B
1792,turn 2,present,B
1792,turn 3,absent,B
1792,turn 4,present,B
1792,turn 5,present,B
1792,turn 6,absent,B
1792,turn 7,not_evidenced,B
1793,turn 1,present,F
1793,turn 2,present,F
1793,turn 3,present,F
1793,turn 4,present,F
1793,turn 5,absent,F
1794,turn 1,present,F
1794,turn 2,not_evidenced,F
1794,turn 3,not_evidenced,F
1794,turn 4,not_evidenced,F
1795,turn 1,present,A
1795,turn 2,not_evidenced,A
1795,turn 3,absent,A
1795,turn 4,absent,A
1795,turn 5,present,A
1795,turn 6,present,A
1795,turn 7,absent,A
1795,turn 8,present,A
1795,turn 9,present,A
1795,turn 10,absent,A
1796,turn 1,present,D
1796,turn 2,present,D
1796,turn 3,not_evidenced,D
1796,turn 4,present,D
1796,turn 5,present,D
1796,turn 6,absent,D
1796,turn 7,present,D
1796,turn 8,absent,D
1796,turn 9,absent,D
1796,turn 10,present,D
1797,turn 1,present,F
1797,turn 2,present,F
1797,turn 3,present,F
1797,turn 4,present,F
1797,turn 5,present,F
1797,turn 6,present,F
1797,turn 7,present,F
1797,turn 8,absent,F
1798,turn 1,present,B
1798,turn 2,present,B
1798,turn 3,not_evidenced,B
1798,turn 4,present,B
1798,turn 5,present,B
1798,turn 6,present,B
1798,turn 7,present,B
1798,turn 8,present,B
1798,turn 9,present,B
1798,turn 10,absent,B
1799,turn 1,present,C
1799,turn 2,absent,C
1799,turn 3,absent,C
1800,turn 1,present,E
1800,turn 2,absent,E
1801,turn 1,present,D
1801,turn 2,present,D
1801,turn 3,absent,D
1803,turn 1,absent,A
1803,turn 2,not_evidenced,A
1803,turn 3,absent,A
1804,turn 1,present,F
1804,turn 2,present,F
1804,turn 3,present,F
1804,turn 4,present,F
1804,turn 5,present,F
1804,turn 6,present,F
1804,turn 7,present,F
1804,turn 8,present,F
1804,turn 9,absent,F
1805,turn 1,present,A
1805,turn 2,absent,A
1806,turn 1,present,B
1806,turn 2,not_evidenced,B
1806,turn 3,absent,B
1806,turn 4,present,B
1806,turn 5,absent,B
1806,turn 6,present,B
1806,turn 7,present,B
1806,turn 8,absent,B
1807,turn 1,present,B
1807,turn 2,not_evidenced,B
1807,turn 3,present,B
1807,turn 4,present,B
1808,turn 1,not_evidenced,B
1808,turn 2,present,B
1808,turn 3,absent,B
1808,turn 4,present,B
1808,turn 5,not_evidenced,B
1809,turn 1,present,E
1809,turn 2,present,E
1809,turn 3,not_evidenced,E
1810,turn 1,absent,E
1810,turn 2,absent,E
1810,turn 3,absent,E
1811,turn 1,not_evidenced,E
1811,turn 2,not_evidenced,E
1811,turn 3,absent,E
1811,turn 4,present,E
1811,turn 5,present,E
1811,turn 6,present,E
1811,turn 7,present,E
1811,turn 8,present,E
1811,turn 9,present,E
1811,turn 10,present,E
1812,turn 1,absent,A
1812,turn 2,not_evidenced,A
1813,turn 1,present,A
1813,turn 2,not_evidenced,A
1813,turn 3,present,A
1813,turn 4,absent,A
1813,turn 5,absent,A
1814,turn 1,absent,D
1814,turn 2,absent,D
1814,turn 3,absent,D
1815,turn 1,present,A
1815,turn 2,absent,A
1815,turn 3,present,A
1815,turn 4,absent,A
1815,turn 5,absent,A
1815,turn 6,absent,A
1815,turn 7,not_evidenced,A
1815,turn 8,not_evidenced,A
1815,turn 9,absent,A
1816,turn 1,present,F
1816,turn 2,present,F
1816,turn 3,present,F
1816,turn 4,absent,F
1816,turn 5,present,F
1816,turn 6,present,F
1816,turn 7,present,F
1816,turn 8,present,F
1816,turn 9,absent,F
1817,turn 1,present,C
1817,turn 2,present,C
1817,turn 3,absent,C
1817,turn 4,absent,C
1817,turn 5,absent,C
1817,turn 6,present,C
1817,turn 7,absent,C
1817,turn 8,absent,C
1817,turn 9,absent,C
1818,turn 1,present,A
1818,turn 2,present,A
1818,turn 3,absent,A
1818,turn 4,absent,A
1818,turn 5,absent,A
1818,turn 6,present,A
1818,turn 7,absent,A
1819,turn 1,present,B
1819,turn 2,absent,B
1819,turn 3,absent,B
1819,turn 4,not_evidenced,B
1819,turn 5,absent,B
1820,turn 1,present,D
1820,turn 2,absent,D
1820,turn 3,not_evidenced,D
1820,turn 4,not_evidenced,D
1821,turn 1,present,E
1821,turn 2,present,E
1821,turn 3,present,E
1821,turn 4,present,E
1821,turn 5,absent,E
1822,turn 1,present,F
1822,turn 2,not_evidenced,F
1822,turn 3,not_evidenced,F
1822,turn 4,absent,F
1823,turn 1,present,D
1823,turn 2,present,D
1823,turn 3,present,D
1823,turn 4,absent,D
1824,turn 1,present,B
1824,turn 2,absent,B
1824,turn 3,absent,B
1824,turn 4,absent,B
1825,turn 1,absent,D
1825,turn 2,not_evidenced,D
1825,turn 3,absent,D
1826,turn 1,absent,D
1826,turn 2,not_evidenced,D
1827,turn 1,absent,D
1827,turn 2,present,D
1827,turn 3,not_evidenced,D
1827,turn 4,present,D
1827,turn 5,present,D
1827,turn 6,present,D
1827,turn 7,present,D
1827,turn 8,present,D
1827,turn 9,present,D
1827,turn 10,absent,D
1828,turn 1,present,A
1828,turn 2,present,A
1828,turn 3,absent,A
1828,turn 4,present,A
1828,turn 5,present,A
1828,turn 6,present,A
1828,turn 7,absent,A
1828,turn 8,absent,A
1829,turn 1,not_evidenced,A
1829,turn 2,present,A
1829,turn 3,absent,A
1830,turn 1,absent,A
1830,turn 2,present,A
1830,turn 3,present,A
1830,turn 4,absent,A
1830,turn 5,present,A
1830,turn 6,absent,A
1830,turn 7,present,A
1830,turn 8,absent,A
1830,turn 9,present,A
1830,turn 10,present,A
1831,turn 1,not_evidenced,D
1831,turn 2,absent,D
1831,turn 3,present,D
1831,turn 4,present,D
1831,turn 5,present,D
1831,turn 6,not_evidenced,D
1831,turn 7,not_evidenced,D
1831,turn 8,present,D
1831,turn 9,present,D
1831,turn 10,present,D
1832,turn 1,not_evidenced,D
1832,turn 2,present,D
1832,turn 3,present,D
1832,turn 4,present,D
1832,turn 5,present,D
1832,turn 6,not_evidenced,D
1832,turn 7,absent,D
1832,turn 8,present,D
1832,turn 9,present,D
1832,turn 10,present,D
1833,turn 1,absent,B
1833,turn 2,not_evidenced,B
1834,turn 1,present,B
1834,turn 2,absent,B
1834,turn 3,absent,B
1834,turn 4,absent,B
1834,turn 5,present,B
1834,turn 6,absent,B
1834,turn 7,present,B
1834,turn 8,absent,B
1834,turn 9,present,B
1834,turn 10,absent,B
1834,turn 11,absent,B
1834,turn 12,absent,B
1834,turn 13,present,B
1835,turn 1,present,D
1835,turn 2,present,D
1835,turn 3,present,D
1835,turn 4,present,D
1835,turn 5,present,D
1835,turn 6,present,D
1835,turn 7,present,D
1835,turn 8,present,D
1835,turn 9,present,D
1836,turn 1,present,F
1836,turn 2,absent,F
1836,turn 3,present,F
1836,turn 4,absent,F
1836,turn 5,not_evidenced,F
1837,turn 1,present,A
1837,turn 2,absent,A
1837,turn 3,absent,A
1838,turn 1,present,E
1838,turn 2,present,E
1838,turn 3,absent,E
1838,turn 4,not_evidenced,E
1839,turn 1,present,D
1839,turn 2,present,D
1839,turn 3,present,D
1839,turn 4,not_evidenced,D
1839,turn 5,present,D
1839,turn 6,present,D
1839,turn 7,absent,D
1839,turn 8,absent,D
1839,turn 9,absent,D
1840,turn 1,present,E
1840,turn 2,absent,E
1841,turn 1,present,E
1841,turn 2,absent,E
1841,turn 3,not_evidenced,E
1842,turn 1,present,B
1842,turn 2,present,B
1842,turn 3,present,B
1842,turn 4,present,B
1842,turn 5,present,B
1842,turn 6,present,B
1842,turn 7,absent,B
1843,turn 1,present,C
1843,turn 2,present,C
1843,turn 3,present,C
1843,turn 4,present,C
1843,turn 5,present,C
1843,turn 6,present,C
1843,turn 7,present,C
1844,turn 1,present,B
1844,turn 2,not_evidenced,B
1844,turn 3,not_evidenced,B
1844,turn 4,absent,B
1844,turn 5,absent,B
1845,turn 1,absent,D
1845,turn 2,present,D
1846,turn 1,present,E
1846,turn 2,not_evidenced,E
1846,turn 3,not_evidenced,E
1846,turn 4,present,E
1846,turn 5,present,E
1846,turn 6,absent,E
1846,turn 7,present,E
1846,turn 8,not_evidenced,E
1846,turn 9,not_evidenced,E
1846,turn 10,present,E
1846,turn 11,present,E
1846,turn 12,present,E
1846,turn 13,present,E
1846,turn 14,present,E
1846,turn 15,present,E
1847,turn 1,present,A
1847,turn 2,not_evidenced,A
1847,turn 3,present,A
1847,turn 4,present,A
1847,turn 5,present,A
1847,turn 6,not_evidenced,A
1847,turn 7,absent,A
1847,turn 8,not_evidenced,A
1848,turn 1,present,A
1848,turn 2,present,A
1848,turn 3,not_evidenced,A
1848,turn 4,not_evidenced,A
1848,turn 5,absent,A
1848,turn 6,present,A
1848,turn 7,present,A
1848,turn 8,absent,A
1848,turn 9,absent,A
1849,turn 1,present,D
1849,turn 2,present,D
1849,turn 3,present,D
1849,turn 4,not_evidenced,D
1849,turn 5,absent,D
1849,turn 6,absent,D
1849,turn 7,absent,D
1849,turn 8,not_evidenced,D
1850,turn 1,not_evidenced,B
1850,turn 2,not_evidenced,B
1850,turn 3,present,B
1850,turn 4,absent,B
1850,turn 5,present,B
1850,turn 6,present,B
1850,turn 7,absent,B
1850,turn 8,absent,B
1850,turn 9,absent,B
1850,turn 10,absent,B
1851,turn 1,absent,F
1851,turn 2,not_evidenced,F
1852,turn 1,absent,C
1852,turn 2,not_evidenced,C
1853,turn 1,present,D
1853,turn 2,not_evidenced,D
1853,turn 3,present,D
1853,turn 4,present,D
1853,turn 5,present,D
1853,turn 6,present,D
1853,turn 7,present,D
1853,turn 8,absent,D
1853,turn 9,absent,D
1854,turn 1,present,A
1854,turn 2,not_evidenced,A
1854,turn 3,absent,A
1854,turn 4,present,A
1854,turn 5,present,A
1854,turn 6,present,A
1854,turn 7,absent,A
1854,turn 8,present,A
1854,turn 9,present,A
1855,turn 1,present,E
1855,turn 2,absent,E
1855,turn 3,not_evidenced,E
1856,turn 1,present,C
1856,turn 2,present,C
1856,turn 3,absent,C
1856,turn 4,not_evidenced,C
1857,turn 1,present,C
1857,turn 2,absent,C
1857,turn 3,present,C
1857,turn 4,present,C
1857,turn 5,present,C
1857,turn 6,present,C
1857,turn 7,absent,C
1857,turn 8,absent,C
1857,turn 9,not_evidenced,C
1858,turn 1,not_evidenced,A
1858,turn 2,present,A
1858,turn 3,present,A
1858,turn 4,present,A
1858,turn 5,present,A
1858,turn 6,not_evidenced,A
1858,turn 7,not_evidenced,A
1858,turn 8,absent,A
1858,turn 9,absent,A
1858,turn 10,absent,A
1859,turn 1,present,F
1859,turn 2,not_evidenced,F
1859,turn 3,present,F
1859,turn 4,present,F
1859,turn 5,not_evidenced,F
1860,turn 1,present,E
1860,turn 2,absent,E
1861,turn 1,present,C
1861,turn 2,present,C
1861,turn 3,present,C
1861,turn 4,present,C
1861,turn 5,absent,C
1862,turn 1,present,F
1862,turn 2,absent,F
1863,turn 1,present,A
1863,turn 2,present,A
1863,turn 3,present,A
1863,turn 4,absent,A
1863,turn 5,present,A
1863,turn 6,present,A
1863,turn 7,present,A
1863,turn 8,present,A
1863,turn 9,present,A
1864,turn 1,present,A
1864,turn 2,present,A
1864,turn 3,absent,A
1865,turn 1,present,B
1865,turn 2,present,B
1865,turn 3,present,B
1865,turn 4,absent,B
1866,turn 1,present,F
1866,turn 2,present,F
1866,turn 3,present,F
1867,turn 1,absent,E
1867,turn 2,not_evidenced,E
1867,turn 3,present,E
1867,turn 4,present,E
1867,turn 5,present,E
1867,turn 6,present,E
1867,turn 7,absent,E
1867,turn 8,absent,E
1868,turn 1,present,A
1868,turn 2,present,A
1868,turn 3,absent,A
1868,turn 4,absent,A
1868,turn 5,absent,A
1868,turn 6,absent,A
1868,turn 7,absent,A
1869,turn 1,present,D
1869,turn 2,present,D
1869,turn 3,present,D
1869,turn 4,present,D
1869,turn 5,present,D
1869,turn 6,absent,D
1870,turn 1,present,F
1870,turn 2,present,F
1870,turn 3,absent,F
1871,turn 1,present,E
1871,turn 2,present,E
1871,turn 3,absent,E
1871,turn 4,present,E
1871,turn 5,absent,E
1871,turn 6,present,E
1871,turn 7,absent,E
1872,turn 1,present,C
1872,turn 2,present,C
1872,turn 3,present,C
1872,turn 4,absent,C
1872,turn 5,not_evidenced,C
1873,turn 1,present,A
1873,turn 2,present,A
1873,turn 3,present,A
1873,turn 4,present,A
1873,turn 5,absent,A
1873,turn 6,absent,A
1873,turn 7,not_evidenced,A
1874,turn 1,present,D
1874,turn 2,present,D
1874,turn 3,present,D
1874,turn 4,present,D
1874,turn 5,absent,D
1875,turn 1,present,A
1875,turn 2,not_evidenced,A
1876,turn 1,present,C
1876,turn 2,absent,C
1876,turn 3,absent,C
1877,turn 1,present,B
1877,turn 2,present,B
1877,turn 3,present,B
1877,turn 4,absent,B
1878,turn 1,present,B
1878,turn 2,not_evidenced,B
1878,turn 3,not_evidenced,B
1879,turn 1,present,A
1879,turn 2,not_evidenced,A
1879,turn 3,present,A
1879,turn 4,absent,A
1880,turn 1,present,B
1880,turn 2,not_evidenced,B
1880,turn 3,present,B
1880,turn 4,present,B
1880,turn 5,not_evidenced,B
1880,turn 6,absent,B
1880,turn 7,not_evidenced,B
1880,turn 8,not_evidenced,B
1881,turn 1,present,C
1881,turn 2,absent,C
1881,turn 3,absent,C
1881,turn 4,not_evidenced,C
1881,turn 5,not_evidenced,C
1881,turn 6,present,C
1881,turn 7,absent,C
1881,turn 8,not_evidenced,C
1882,turn 1,present,F
1882,turn 2,present,F
1882,turn 3,present,F
1882,turn 4,present,F
1882,turn 5,absent,F
1882,turn 6,absent,F
1883,turn 1,present,F
1883,turn 2,present,F
1883,turn 3,not_evidenced,F
1883,turn 4,not_evidenced,F
1883,turn 5,absent,F
1883,turn 6,absent,F
1883,turn 7,absent,F
1884,turn 1,present,E
1884,turn 2,present,E
1884,turn 3,absent,E
1885,turn 1,present,A
1885,turn 2,absent,A
1885,turn 3,present,A
1885,turn 4,absent,A
1885,turn 5,absent,A
1885,turn 6,absent,A
1886,turn 1,not_evidenced,B
1886,turn 2,not_evidenced,B
1886,turn 3,absent,B
1886,turn 4,present,B
1886,turn 5,absent,B
1886,turn 6,not_evidenced,B
1887,turn 1,not_evidenced,D
1887,turn 2,not_evidenced,D
1887,turn 3,not_evidenced,D
1887,turn 4,not_evidenced,D
1887,turn 5,not_evidenced,D
1887,turn 6,present,D
1887,turn 7,present,D
1887,turn 8,present,D
1887,turn 9,present,D
1887,turn 10,present,D
1887,turn 11,absent,D
1887,turn 12,present,D
1887,turn 13,absent,D
1887,turn 14,absent,D
1888,turn 1,absent,F
1888,turn 2,not_evidenced,F
1888,turn 3,not_evidenced,F
1888,turn 4,absent,F
1889,turn 1,present,D
1889,turn 2,absent,D
1889,turn 3,present,D
1889,turn 4,absent,D
1889,turn 5,present,D
1889,turn 6,absent,D
1889,turn 7,not_evidenced,D
1889,turn 8,absent,D
1890,turn 1,present,C
1890,turn 2,not_evidenced,C
1890,turn 3,absent,C
1890,turn 4,absent,C
1891,turn 1,absent,A
1891,turn 2,present,A
1891,turn 3,absent,A
1892,turn 1,present,D
1892,turn 2,present,D
1892,turn 3,not_evidenced,D
1892,turn 4,not_evidenced,D
1892,turn 5,absent,D
1892,turn 6,absent,D
1893,turn 1,not_evidenced,C
1893,turn 2,absent,C
1893,turn 3,absent,C
1893,turn 4,not_evidenced,C
1893,turn 5,absent,C
1893,turn 6,absent,C
1894,turn 1,not_evidenced,B
1894,turn 2,present,B
1894,turn 3,present,B
1894,turn 4,present,B
1894,turn 5,present,B
1894,turn 6,absent,B
1894,turn 7,absent,B
1894,turn 8,absent,B
1894,turn 9,present,B
1894,turn 10,present,B
1894,turn 11,present,B
1894,turn 12,absent,B
1895,turn 1,present,B
1895,turn 2,absent,B
1896,turn 1,present,A
1896,turn 2,present,A
1896,turn 3,absent,A
1896,turn 4,absent,A
1896,turn 5,absent,A
1897,turn 1,present,B
1897,turn 2,present,B
1897,turn 3,absent,B
1897,turn 4,present,B
1898,turn 1,not_evidenced,B
1898,turn 2,present,B
1898,turn 3,present,B
1898,turn 4,present,B
1898,turn 5,present,B
1898,turn 6,absent,B
1898,turn 7,present,B
1898,turn 8,present,B
1898,turn 9,absent,B
1899,turn 1,present,D
1899,turn 2,not_evidenced,D
1899,turn 3,present,D
1899,turn 4,absent,D
1899,turn 5,absent,D
1900,turn 1,present,A
1900,turn 2,present,A
1900,turn 3,present,A
1900,turn 4,present,A
1900,turn 5,present,A
1900,turn 6,present,A
1901,turn 1,present,A
1901,turn 2,absent,A
1902,turn 1,present,A
1902,turn 2,present,A
1902,turn 3,not_evidenced,A
1902,turn 4,present,A
1902,turn 5,present,A
1903,turn 1,present,D
1903,turn 2,present,D
1903,turn 3,present,D
1904,turn 1,present,C
1904,turn 2,absent,C
1904,turn 3,absent,C
1904,turn 4,absent,C
1905,turn 1,present,A
1905,turn 2,present,A
1905,turn 3,present,A
1905,turn 4,present,A
1905,turn 5,present,A
1905,turn 6,present,A
1905,turn 7,present,A
1905,turn 8,present,A
1906,turn 1,present,D
1906,turn 2,present,D
1906,turn 3,present,D
1906,turn 4,present,D
1906,turn 5,present,D
1906,turn 6,absent,D
1907,turn 1,present,C
1907,turn 2,absent,C
1907,turn 3,present,C
1907,turn 4,not_evidenced,C
1907,turn 5,absent,C
1907,turn 6,present,C
1907,turn 7,absent,C
1908,turn 1,present,F
1908,turn 2,present,F
1908,turn 3,present,F
1908,turn 4,present,F
1908,turn 5,present,F
1908,turn 6,present,F
1908,turn 7,present,F
1909,turn 1,present,B
1909,turn 2,present,B
1909,turn 3,present,B
1909,turn 4,absent,B
1909,turn 5,absent,B
1910,turn 1,not_evidenced,E
1910,turn 2,present,E
1910,turn 3,absent,E
1910,turn 4,absent,E
1910,turn 5,present,E
1911,turn 1,present,C
1911,turn 2,not_evidenced,C
1911,turn 3,present,C
1911,turn 4,present,C
1911,turn 5,present,C
1911,turn 6,present,C
1911,turn 7,present,C
1911,turn 8,present,C
1911,turn 9,absent,C
1911,turn 10,present,C
1912,turn 1,absent,A
1912,turn 2,not_evidenced,A
1913,turn 1,present,E
1913,turn 2,not_evidenced,E
1913,turn 3,present,E
1913,turn 4,present,E
1913,turn 5,present,E
1913,turn 6,present,E
1913,turn 7,present,E
1913,turn 8,present,E
1913,turn 9,present,E
1913,turn 10,present,E
1914,turn 1,absent,B
1914,turn 2,not_evidenced,B
1915,turn 1,present,D
1915,turn 2,absent,D
1915,turn 3,absent,D
1915,turn 4,present,D
1915,turn 5,absent,D
1915,turn 6,absent,D
1915,turn 7,absent,D
1916,turn 1,present,F
1916,turn 2,absent,F
1916,turn 3,present,F
1916,turn 4,absent,F
1916,turn 5,present,F
1916,turn 6,absent,F
1916,turn 7,absent,F
1916,turn 8,absent,F
1917,turn 1,present,D
1917,turn 2,absent,D
1917,turn 3,absent,D
1917,turn 4,present,D
1917,turn 5,absent,D
1918,turn 1,present,F
1918,turn 2,not_evidenced,F
1918,turn 3,absent,F
1918,turn 4,absent,F
1919,turn 1,present,F
1919,turn 2,absent,F
1919,turn 3,absent,F
1919,turn 4,absent,F
1919,turn 5,not_evidenced,F
1920,turn 1,present,E
1920,turn 2,present,E
1920,turn 3,present,E
1920,turn 4,present,E
1920,turn 5,not_evidenced,E
1920,turn 6,not_evidenced,E
1920,turn 7,present,E
1920,turn 8,absent,E
1921,turn 1,present,D
1921,turn 2,not_evidenced,D
1921,turn 3,not_evidenced,D
1921,turn 4,absent,D
1922,turn 1,present,B
1922,turn 2,present,B
1922,turn 3,absent,B
1923,turn 1,present,F
1923,turn 2,absent,F
1923,turn 3,not_evidenced,F
1924,turn 1,present,A
1924,turn 2,present,A
1924,turn 3,present,A
1924,turn 4,present,A
1924,turn 5,absent,A
1924,turn 6,not_evidenced,A
1924,turn 7,absent,A
1925,turn 1,present,B
1925,turn 2,absent,B
1925,turn 3,absent,B
1925,turn 4,absent,B
1925,turn 5,present,B
1925,turn 6,absent,B
1926,turn 1,present,A
1926,turn 2,absent,A
1926,turn 3,absent,A
1926,turn 4,absent,A
1926,turn 5,absent,A
1926,turn 6,present,A
1926,turn 7,present,A
1926,turn 8,absent,A
1926,turn 9,absent,A
1926,turn 10,absent,A
1926,turn 11,absent,A
1927,turn 1,present,F
1927,turn 2,absent,F
1927,turn 3,absent,F
1928,turn 1,present,A
1928,turn 2,absent,A
1928,turn 3,absent,A
1928,turn 4,absent,A
1929,turn 1,present,D
1929,turn 2,absent,D
1929,turn 3,present,D
1929,turn 4,present,D
1929,turn 5,absent,D
1930,turn 1,present,B
1930,turn 2,present,B
1930,turn 3,present,B
1930,turn 4,absent,B
1930,turn 5,not_evidenced,B
1931,turn 1,present,B
1931,turn 2,present,B
1931,turn 3,present,B
1932,turn 1,absent,A
1932,turn 2,present,A
1932,turn 3,present,A
1933,turn 1,absent,C
1933,turn 2,not_evidenced,C
1934,turn 1,present,C
1934,turn 2,present,C
1934,turn 3,absent,C
1934,turn 4,present,C
1934,turn 5,absent,C
1934,turn 6,absent,C
1934,turn 7,not_evidenced,C
1935,turn 1,present,B
1935,turn 2,present,B
1935,turn 3,absent,B
1936,turn 1,present,C
1936,turn 2,absent,C
1937,turn 1,present,A
1937,turn 2,present,A
1937,turn 3,present,A
1937,turn 4,not_evidenced,A
1937,turn 5,absent,A
1937,turn 6,absent,A
1938,turn 1,present,E
1938,turn 2,present,E
1938,turn 3,absent,E
1938,turn 4,not_evidenced,E
1938,turn 5,not_evidenced,E
1939,turn 1,present,E
1939,turn 2,present,E
1939,turn 3,present,E
1939,turn 4,absent,E
1940,turn 1,present,E
1940,turn 2,absent,E
1941,turn 1,present,A
1941,turn 2,present,A
1941,turn 3,absent,A
1941,turn 4,absent,A
1942,turn 1,present,B
1942,turn 2,absent,B
1942,turn 3,absent,B
1943,turn 1,present,B
1943,turn 2,absent,B
1943,turn 3,present,B
1943,turn 4,present,B
1943,turn 5,present,B
1943,turn 6,absent,B
1944,turn 1,present,B
1944,turn 2,absent,B
1944,turn 3,absent,B
1945,turn 1,absent,B
1945,turn 2,present,B
1945,turn 3,present,B
1945,turn 4,not_evidenced,B
1945,turn 5,absent,B
1945,turn 6,absent,B
1945,turn 7,absent,B
1945,turn 8,present,B
1945,turn 9,present,B
1945,turn 10,present,B
1946,turn 1,absent,F
1947,turn 1,absent,B
1948,turn 1,present,E
1948,turn 2,absent,E
1949,turn 1,absent,D
1949,turn 2,absent,D
1949,turn 3,present,D
1949,turn 4,present,D
1949,turn 5,present,D
1949,turn 6,absent,D
1949,turn 7,absent,D
1949,turn 8,absent,D
1950,turn 1,present,E
1950,turn 2,not_evidenced,E
1950,turn 3,not_evidenced,E
1950,turn 4,present,E
1950,turn 5,absent,E
1950,turn 6,present,E
1950,turn 7,present,E
1950,turn 8,present,E
1950,turn 9,present,E
1950,turn 10,absent,E
1951,turn 1,present,A
1951,turn 2,not_evidenced,A
1951,turn 3,not_evidenced,A
1951,turn 4,present,A
1951,turn 5,absent,A
1951,turn 6,absent,A
1951,turn 7,absent,A
1951,turn 8,absent,A
1952,turn 1,present,C
1952,turn 2,present,C
1952,turn 3,present,C
1952,turn 4,present,C
1952,turn 5,present,C
1952,turn 6,absent,C
1952,turn 7,present,C
1952,turn 8,present,C
1952,turn 9,present,C
1952,turn 10,present,C
1952,turn 11,present,C
1953,turn 1,present,A
1953,turn 2,present,A
1953,turn 3,present,A
1953,turn 4,present,A
1953,turn 5,present,A
1953,turn 6,present,A
1953,turn 7,present,A
1954,turn 1,present,D
1954,turn 2,present,D
1954,turn 3,present,D
1954,turn 4,present,D
1954,turn 5,present,D
1954,turn 6,present,D
1954,turn 7,absent,D
1954,turn 8,not_evidenced,D
1955,turn 1,present,C
1955,turn 2,absent,C
1955,turn 3,present,C
1955,turn 4,present,C
1955,turn 5,present,C
1955,turn 6,present,C
1955,turn 7,present,C
1955,turn 8,present,C
1955,turn 9,present,C
1955,turn 10,present,C
1955,turn 11,present,C
1956,turn 1,present,D
1956,turn 2,absent,D
1956,turn 3,absent,D
1956,turn 4,present,D
1956,turn 5,present,D
1956,turn 6,absent,D
1957,turn 1,present,D
1957,turn 2,present,D
1957,turn 3,present,D
1957,turn 4,present,D
1957,turn 5,present,D
1957,turn 6,present,D
1957,turn 7,present,D
1957,turn 8,present,D
1957,turn 9,present,D
1958,turn 1,present,B
1958,turn 2,present,B
1958,turn 3,absent,B
1958,turn 4,not_evidenced,B
1958,turn 5,present,B
1958,turn 6,present,B
1958,turn 7,present,B
1958,turn 8,absent,B
1959,turn 1,present,E
1959,turn 2,present,E
1959,turn 3,absent,E
1959,turn 4,absent,E
1960,turn 1,present,F
1960,turn 2,present,F
1960,turn 3,present,F
1960,turn 4,present,F
1960,turn 5,present,F
1960,turn 6,absent,F
1960,turn 7,present,F
1960,turn 8,absent,F
1960,turn 9,not_evidenced,F
1960,turn 10,not_evidenced,F
1961,turn 1,present,A
1961,turn 2,not_evidenced,A
1961,turn 3,absent,A
1961,turn 4,present,A
1961,turn 5,absent,A
1961,turn 6,absent,A
1961,turn 7,present,A
1961,turn 8,present,A
1961,turn 9,absent,A
1962,turn 1,not_evidenced,D
1962,turn 2,absent,D
1962,turn 3,not_evidenced,D
1962,turn 4,absent,D
1963,turn 1,not_evidenced,D
1963,turn 2,absent,D
1963,turn 3,absent,D
1964,turn 1,not_evidenced,D
1964,turn 2,present,D
1964,turn 3,present,D
1964,turn 4,absent,D
1964,turn 5,absent,D
1964,turn 6,absent,D
1964,turn 7,present,D
1964,turn 8,present,D
1965,turn 1,present,B
1965,turn 2,absent,B
1965,turn 3,not_evidenced,B
1966,turn 1,present,E
1966,turn 2,present,E
1966,turn 3,not_evidenced,E
1967,turn 1,present,D
1967,turn 2,present,D
1967,turn 3,absent,D
1968,turn 1,present,A
1968,turn 2,absent,A
1968,turn 3,absent,A
1968,turn 4,present,A
1968,turn 5,not_evidenced,A
1969,turn 1,present,E
1969,turn 2,present,E
1969,turn 3,present,E
1969,turn 4,not_evidenced,E
1970,turn 1,present,C
1970,turn 2,present,C
1970,turn 3,absent,C
1971,turn 1,present,A
1971,turn 2,absent,A
1971,turn 3,absent,A
1971,turn 4,absent,A
1971,turn 5,absent,A
1972,turn 1,present,A
1972,turn 2,absent,A
1972,turn 3,absent,A
1972,turn 4,absent,A
1973,turn 1,present,A
1973,turn 2,present,A
1973,turn 3,present,A
1973,turn 4,absent,A
1973,turn 5,absent,A
1973,turn 6,not_evidenced,A
1974,turn 1,present,A
1974,turn 2,absent,A
1974,turn 3,absent,A
1974,turn 4,absent,A
1974,turn 5,absent,A
1975,turn 1,present,F
1975,turn 2,present,F
1975,turn 3,absent,F
1975,turn 4,present,F
1976,turn 1,present,C
1976,turn 2,present,C
1976,turn 3,present,C
1976,turn 4,absent,C
1976,turn 5,absent,C
1977,turn 1,present,A
1977,turn 2,absent,A
1977,turn 3,present,A
1977,turn 4,absent,A
1977,turn 5,absent,A
1978,turn 1,present,F
1978,turn 2,present,F
1978,turn 3,absent,F
1979,turn 1,present,C
1979,turn 2,present,C
1979,turn 3,present,C
1979,turn 4,absent,C
1979,turn 5,present,C
1979,turn 6,absent,C
1980,turn 1,present,D
1980,turn 2,present,D
1980,turn 3,present,D
1980,turn 4,absent,D
1980,turn 5,present,D
1980,turn 6,absent,D
1980,turn 7,present,D
1980,turn 8,present,D
1980,turn 9,not_evidenced,D
1980,turn 10,present,D
1980,turn 11,present,D
1980,turn 12,not_evidenced,D
1981,turn 1,present,E
1981,turn 2,not_evidenced,E
1981,turn 3,present,E
1981,turn 4,present,E
1981,turn 5,absent,E
1981,turn 6,not_evidenced,E
1981,turn 7,not_evidenced,E
1981,turn 8,present,E
1981,turn 9,not_evidenced,E
1982,turn 1,present,B
1982,turn 2,absent,B
1982,turn 3,present,B
1982,turn 4,present,B
1982,turn 5,present,B
1982,turn 6,present,B
1982,turn 7,present,B
1982,turn 8,present,B
1983,turn 1,absent,B
1983,turn 2,absent,B
1984,turn 1,absent,C
1984,turn 2,present,C
1984,turn 3,present,C
1984,turn 4,absent,C
1984,turn 5,absent,C
1985,turn 1,not_evidenced,B
1985,turn 2,not_evidenced,B
1985,turn 3,present,B
1985,turn 4,present,B
1985,turn 5,present,B
1985,turn 6,absent,B
1985,turn 7,not_evidenced,B
1986,turn 1,not_evidenced,C
1986,turn 2,not_evidenced,C
1986,turn 3,present,C
1987,turn 1,absent,D
1987,turn 2,not_evidenced,D
1987,turn 3,absent,D
1988,turn 1,absent,A
1988,turn 2,present,A
1988,turn 3,absent,A
1989,turn 1,present,B
1989,turn 2,present,B
1989,turn 3,present,B
1989,turn 4,present,B
1989,turn 5,present,B
1989,turn 6,not_evidenced,B
1989,turn 7,absent,B
1990,turn 1,present,D
1990,turn 2,absent,D
1990,turn 3,absent,D
1990,turn 4,present,D
1990,turn 5,present,D
1990,turn 6,absent,D
1991,turn 1,present,C
1991,turn 2,present,C
1991,turn 3,absent,C
1991,turn 4,absent,C
1992,turn 1,present,A
1992,turn 2,present,A
1992,turn 3,present,A
1992,turn 4,absent,A
1993,turn 1,present,E
1993,turn 2,not_evidenced,E
1993,turn 3,absent,E
1993,turn 4,absent,E
1993,turn 5,present,E
1993,turn 6,present,E
1993,turn 7,absent,E
1993,turn 8,present,E
1993,turn 9,present,E
1993,turn 10,absent,E
1994,turn 1,present,F
1994,turn 2,not_evidenced,F
1994,turn 3,present,F
1994,turn 4,absent,F
1994,turn 5,absent,F
1994,turn 6,not_evidenced,F
1995,turn 1,present,A
1995,turn 2,absent,A
1995,turn 3,absent,A
1995,turn 4,absent,A
1995,turn 5,absent,A
1996,turn 1,present,B
1996,turn 2,not_evidenced,B
1996,turn 3,absent,B
1996,turn 4,absent,B
1996,turn 5,absent,B
1996,turn 6,not_evidenced,B
1997,turn 1,absent,F
1997,turn 2,absent,F
1998,turn 1,present,C
1998,turn 2,present,C
1998,turn 3,present,C
1998,turn 4,present,C
1998,turn 5,absent,C
1998,turn 6,absent,C
1998,turn 7,present,C
1998,turn 8,present,C
1998,turn 9,present,C
1998,turn 10,not_evidenced,C
1998,turn 11,absent,C
1998,turn 12,present,C
1998,turn 13,absent,C
1998,turn 14,not_evidenced,C
1999,turn 1,present,F
1999,turn 2,present,F
1999,turn 3,present,F
1999,turn 4,present,F
1999,turn 5,present,F
1999,turn 6,present,F
1999,turn 7,not_evidenced,F
2000,turn 1,present,B
2000,turn 2,present,B
2000,turn 3,present,B
2000,turn 4,absent,B
2000,turn 5,present,B
2000,turn 6,absent,B
2000,turn 7,absent,B
2000,turn 8,present,B
2000,turn 9,absent,B
2000,turn 10,absent,B
2001,turn 1,present,C
2001,turn 2,present,C
2001,turn 3,absent,C
2001,turn 4,absent,C
2002,turn 1,present,A
2002,turn 2,not_evidenced,A
2002,turn 3,present,A
2002,turn 4,present,A
2002,turn 5,present,A
2002,turn 6,present,A
2002,turn 7,absent,A
2005,turn 1,present,A
2005,turn 2,absent,A
2005,turn 3,absent,A
2005,turn 4,absent,A
2006,turn 1,present,E
2006,turn 2,not_evidenced,E
2006,turn 3,not_evidenced,E
2006,turn 4,absent,E
2006,turn 5,absent,E
2006,turn 6,absent,E
2006,turn 7,present,E
2006,turn 8,present,E
2006,turn 9,present,E
2006,turn 10,absent,E
2007,turn 1,present,A
2007,turn 2,present,A
2007,turn 3,absent,A
2007,turn 4,present,A
2007,turn 5,absent,A
2007,turn 6,absent,A
2007,turn 7,absent,A
2007,turn 8,present,A
2007,turn 9,present,A
2007,turn 10,present,A
2007,turn 11,absent,A
2008,turn 1,present,A
2008,turn 2,absent,A
2008,turn 3,present,A
2008,turn 4,present,A
2008,turn 5,present,A
2008,turn 6,present,A
2008,turn 7,absent,A
2009,turn 1,present,B
2009,turn 2,present,B
2009,turn 3,present,B
2009,turn 4,absent,B
2009,turn 5,absent,B
2010,turn 1,present,B
2010,turn 2,present,B
2010,turn 3,absent,B
2011,turn 1,not_evidenced,E
2011,turn 2,present,E
2011,turn 3,present,E
2011,turn 4,present,E
2011,turn 5,present,E
2011,turn 6,present,E
2011,turn 7,present,E
2011,turn 8,not_evidenced,E
2011,turn 9,present,E
2012,turn 1,present,D
2012,turn 2,not_evidenced,D
2012,turn 3,present,D
2012,turn 4,absent,D
2012,turn 5,absent,D
2013,turn 1,present,D
2013,turn 2,present,D
2013,turn 3,present,D
2013,turn 4,present,D
2013,turn 5,present,D
2013,turn 6,absent,D
2014,turn 1,present,A
2014,turn 2,not_evidenced,A
2014,turn 3,present,A
2014,turn 4,present,A
2014,turn 5,present,A
2014,turn 6,absent,A
2014,turn 7,absent,A
2014,turn 8,absent,A
2015,turn 1,present,A
2015,turn 2,present,A
2015,turn 3,absent,A
2016,turn 1,present,B
2016,turn 2,absent,B
2016,turn 3,not_evidenced,B
2016,turn 4,not_evidenced,B
2017,turn 1,not_evidenced,A
2017,turn 2,absent,A
2017,turn 3,not_evidenced,A
2017,turn 4,present,A
2017,turn 5,present,A
2017,turn 6,present,A
2017,turn 7,present,A
2017,turn 8,present,A
2017,turn 9,absent,A
2017,turn 10,not_evidenced,A
2018,turn 1,present,E
2018,turn 2,present,E
2018,turn 3,absent,E
2018,turn 4,absent,E
2019,turn 1,present,B
2019,turn 2,absent,B
2019,turn 3,present,B
2019,turn 4,present,B
2019,turn 5,present,B
2019,turn 6,present,B
2019,turn 7,absent,B
2019,turn 8,present,B
2019,turn 9,absent,B
2019,turn 10,absent,B
2020,turn 1,not_evidenced,D
2020,turn 2,present,D
2020,turn 3,present,D
2020,turn 4,absent,D
2020,turn 5,absent,D
2020,turn 6,not_evidenced,D
2021,turn 1,absent,B
2021,turn 2,present,B
2021,turn 3,present,B
2021,turn 4,present,B
2021,turn 5,absent,B
2021,turn 6,present,B
2022,turn 1,present,F
2022,turn 2,absent,F
2023,turn 1,not_evidenced,F
2023,turn 2,present,F
2024,turn 1,not_evidenced,C
2024,turn 2,present,C
2024,turn 3,present,C
2024,turn 4,absent,C
2024,turn 5,absent,C
2025,turn 1,present,B
2025,turn 2,present,B
2025,turn 3,present,B
2025,turn 4,present,B
2025,turn 5,present,B
2025,turn 6,present,B
2025,turn 7,present,B
2025,turn 8,present,B
2026,turn 1,present,D
2026,turn 2,present,D
2026,turn 3,present,D
2026,turn 4,present,D
2026,turn 5,present,D
2026,turn 6,present,D
2026,turn 7,present,D
2026,turn 8,present,D
2026,turn 9,absent,D
2026,turn 10,present,D
2027,turn 1,not_evidenced,A
2027,turn 2,absent,A
2027,turn 3,absent,A
2028,turn 1,not_evidenced,C
2028,turn 2,present,C
2028,turn 3,not_evidenced,C
2028,turn 4,not_evidenced,C
2028,turn 5,not_evidenced,C
2028,turn 6,not_evidenced,C
2028,turn 7,not_evidenced,C
2028,turn 8,absent,C
2029,turn 1,not_evidenced,A
2029,turn 2,absent,A
2029,turn 3,present,A
2029,turn 4,present,A
2030,turn 1,present,F
2030,turn 2,present,F
2030,turn 3,absent,F
2031,turn 1,present,D
2031,turn 2,present,D
2031,turn 3,absent,D
2031,turn 4,absent,D
2031,turn 5,absent,D
2031,turn 6,present,D
2031,turn 7,absent,D
2031,turn 8,present,D
2031,turn 9,absent,D
2031,turn 10,present,D
2031,turn 11,present,D
2031,turn 12,not_evidenced,D
2031,turn 13,absent,D
2031,turn 14,absent,D
2032,turn 1,present,F
2032,turn 2,absent,F
2032,turn 3,absent,F
2032,turn 4,absent,F
2032,turn 5,not_evidenced,F
2033,turn 1,present,B
2033,turn 2,present,B
2033,turn 3,not_evidenced,B
2033,turn 4,present,B
2033,turn 5,present,B
2033,turn 6,not_evidenced,B
2033,turn 7,not_evidenced,B
2034,turn 1,present,A
2034,turn 2,present,A
2034,turn 3,present,A
2034,turn 4,absent,A
2034,turn 5,present,A
2034,turn 6,absent,A
2034,turn 7,not_evidenced,A
2034,turn 8,absent,A
2034,turn 9,absent,A
2034,turn 10,present,A
2035,turn 1,present,F
2035,turn 2,absent,F
2035,turn 3,absent,F
2036,turn 1,absent,C
2036,turn 2,not_evidenced,C
2036,turn 3,not_evidenced,C
2036,turn 4,absent,C
2036,turn 5,not_evidenced,C
2036,turn 6,not_evidenced,C
2036,turn 7,absent,C
2036,turn 8,absent,C
2036,turn 9,not_evidenced,C
2036,turn 10,absent,C
2037,turn 1,present,A
2037,turn 2,present,A
2037,turn 3,not_evidenced,A
2037,turn 4,present,A
2037,turn 5,not_evidenced,A
2037,turn 6,absent,A
2037,turn 7,absent,A
2038,turn 1,present,B
2038,turn 2,not_evidenced,B
2038,turn 3,absent,B
2038,turn 4,not_evidenced,B
2038,turn 5,not_evidenced,B
2038,turn 6,present,B
2038,turn 7,absent,B
2039,turn 1,present,C
2039,turn 2,absent,C
2039,turn 3,not_evidenced,C
2039,turn 4,present,C
2039,turn 5,present,C
2039,turn 6,not_evidenced,C
2040,turn 1,present,B
2040,turn 2,not_evidenced,B
2040,turn 3,not_evidenced,B
2040,turn 4,absent,B
2041,turn 1,present,A
2041,turn 2,not_evidenced,A
2041,turn 3,present,A
2041,turn 4,present,A
2041,turn 5,present,A
2041,turn 6,present,A
2041,turn 7,not_evidenced,A
2042,turn 1,present,D
2042,turn 2,absent,D
2042,turn 3,absent,D
2043,turn 1,present,A
2043,turn 2,present,A
2043,turn 3,absent,A
2044,turn 1,present,B
2044,turn 2,absent,B
2044,turn 3,not_evidenced,B
2045,turn 1,present,F
2045,turn 2,absent,F
2045,turn 3,absent,F
2047,turn 1,present,B
2047,turn 2,present,B
2047,turn 3,absent,B
2047,turn 4,absent,B
2047,turn 5,present,B
2047,turn 6,absent,B
2047,turn 7,absent,B
2048,turn 1,present,D
2048,turn 2,absent,D
2048,turn 3,absent,D
2048,turn 4,present,D
2048,turn 5,present,D
2048,turn 6,present,D
2048,turn 7,present,D
2048,turn 8,present,D
2049,turn 1,not_evidenced,E
2049,turn 2,present,E
2049,turn 3,absent,E
2049,turn 4,not_evidenced,E
2050,turn 1,absent,F
2050,turn 2,not_evidenced,F
2051,turn 1,absent,E
2051,turn 2,absent,E
2051,turn 3,present,E
2051,turn 4,absent,E
2051,turn 5,not_evidenced,E
2052,turn 1,not_evidenced,A
2052,turn 2,present,A
2052,turn 3,absent,A
2052,turn 4,not_evidenced,A
2052,turn 5,not_evidenced,A
2053,turn 1,present,F
2053,turn 2,not_evidenced,F
2053,turn 3,absent,F
2053,turn 4,not_evidenced,F
2054,turn 1,present,B
2054,turn 2,present,B
2054,turn 3,not_evidenced,B
2054,turn 4,present,B
2054,turn 5,not_evidenced,B
2054,turn 6,present,B
2054,turn 7,present,B
2054,turn 8,present,B
2054,turn 9,absent,B
2055,turn 1,absent,F
2055,turn 2,present,F
2055,turn 3,present,F
2055,turn 4,present,F
2055,turn 5,present,F
2055,turn 6,present,F
2055,turn 7,present,F
2055,turn 8,present,F
2055,turn 9,present,F
2055,turn 10,present,F
2056,turn 1,present,F
2056,turn 2,present,F
2056,turn 3,present,F
2056,turn 4,absent,F
2057,turn 1,absent,F
2057,turn 2,present,F
2057,turn 3,absent,F
2057,turn 4,absent,F
2057,turn 5,present,F
2057,turn 6,present,F
2057,turn 7,present,F
2057,turn 8,absent,F
2057,turn 9,absent,F
2057,turn 10,absent,F
2058,turn 1,present,C
2058,turn 2,present,C
2058,turn 3,absent,C
2058,turn 4,present,C
2058,turn 5,present,C
2058,turn 6,present,C
2058,turn 7,present,C
2058,turn 8,present,C
2058,turn 9,present,C
2058,turn 10,absent,C
2059,turn 1,present,A
2059,turn 2,not_evidenced,A
2059,turn 3,present,A
2059,turn 4,absent,A
2059,turn 5,not_evidenced,A
2059,turn 6,present,A
2059,turn 7,present,A
2059,turn 8,absent,A
2059,turn 9,absent,A
2059,turn 10,present,A
2060,turn 1,present,A
2060,turn 2,present,A
2060,turn 3,present,A
2060,turn 4,present,A
2060,turn 5,present,A
2060,turn 6,present,A
2060,turn 7,absent,A
2060,turn 8,not_evidenced,A
2060,turn 9,not_evidenced,A
2060,turn 10,absent,A
2061,turn 1,present,D
2061,turn 2,present,D
2061,turn 3,not_evidenced,D
2061,turn 4,absent,D
2061,turn 5,absent,D
2061,turn 6,present,D
2061,turn 7,absent,D
2062,turn 1,present,C
2062,turn 2,present,C
2062,turn 3,present,C
2063,turn 1,present,C
2063,turn 2,not_evidenced,C
2063,turn 3,not_evidenced,C
2063,turn 4,not_evidenced,C
2063,turn 5,present,C
2063,turn 6,present,C
2063,turn 7,present,C
2063,turn 8,present,C
2063,turn 9,present,C
2063,turn 10,present,C
2064,turn 1,present,E
2064,turn 2,absent,E
2065,turn 1,absent,F
2065,turn 2,absent,F
2066,turn 1,present,C
2066,turn 2,present,C
2066,turn 3,present,C
2066,turn 4,present,C
2066,turn 5,absent,C
2067,turn 1,present,B
2067,turn 2,not_evidenced,B
2067,turn 3,present,B
2067,turn 4,present,B
2067,turn 5,present,B
2067,turn 6,present,B
2067,turn 7,present,B
2067,turn 8,absent,B
2067,turn 9,absent,B
2067,turn 10,not_evidenced,B
2068,turn 1,present,D
2068,turn 2,not_evidenced,D
2068,turn 3,present,D
2068,turn 4,present,D
2068,turn 5,present,D
2068,turn 6,present,D
2068,turn 7,present,D
2068,turn 8,absent,D
2069,turn 1,present,A
2069,turn 2,present,A
2069,turn 3,absent,A
2069,turn 4,not_evidenced,A
2070,turn 1,present,B
2070,turn 2,absent,B
2070,turn 3,absent,B
2071,turn 1,present,A
2071,turn 2,not_evidenced,A
2071,turn 3,absent,A
2071,turn 4,absent,A
2072,turn 1,absent,E
2072,turn 2,not_evidenced,E
2073,turn 1,not_evidenced,E
2073,turn 2,not_evidenced,E
2073,turn 3,absent,E
2073,turn 4,absent,E
2073,turn 5,absent,E
2074,turn 1,absent,B
2075,turn 1,absent,C
2075,turn 2,not_evidenced,C
2076,turn 1,present,A
2076,turn 2,present,A
2076,turn 3,present,A
2076,turn 4,not_evidenced,A
2076,turn 5,not_evidenced,A
2076,turn 6,not_evidenced,A
2076,turn 7,absent,A
2077,turn 1,not_evidenced,E
2077,turn 2,present,E
2077,turn 3,present,E
2077,turn 4,present,E
2077,turn 5,absent,E
2077,turn 6,absent,E
2078,turn 1,absent,C
2078,turn 2,absent,C
2078,turn 3,absent,C
2078,turn 4,absent,C
2078,turn 5,absent,C
2078,turn 6,absent,C
2079,turn 1,present,C
2079,turn 2,present,C
2079,turn 3,absent,C
2079,turn 4,absent,C
2079,turn 5,not_evidenced,C
2080,turn 1,present,E
2080,turn 2,present,E
2080,turn 3,present,E
2080,turn 4,present,E
2080,turn 5,present,E
2080,turn 6,present,E
2080,turn 7,present,E
2080,turn 8,present,E
2080,turn 9,present,E
2080,turn 10,present,E
2081,turn 1,present,A
2081,turn 2,present,A
2081,turn 3,present,A
2081,turn 4,not_evidenced,A
2081,turn 5,not_evidenced,A
2081,turn 6,absent,A
2081,turn 7,absent,A
2081,turn 8,absent,A
2082,turn 1,absent,E
2082,turn 2,absent,E
2082,turn 3,present,E
2082,turn 4,absent,E
2083,turn 1,present,C
2083,turn 2,present,C
2083,turn 3,present,C
2083,turn 4,absent,C
2084,turn 1,present,D
2084,turn 2,present,D
2084,turn 3,absent,D
2085,turn 1,absent,F
2085,turn 2,not_evidenced,F
2086,turn 1,absent,D
2086,turn 2,not_evidenced,D
2087,turn 1,present,E
2087,turn 2,present,E
2087,turn 3,present,E
2087,turn 4,not_evidenced,E
2087,turn 5,present,E
2087,turn 6,absent,E
2087,turn 7,present,E
2087,turn 8,absent,E
2088,turn 1,present,B
2088,turn 2,present,B
2088,turn 3,present,B
2088,turn 4,present,B
2088,turn 5,present,B
2088,turn 6,present,B
2088,turn 7,absent,B
2089,turn 1,present,E
2089,turn 2,absent,E
2089,turn 3,present,E
2090,turn 1,present,F
2090,turn 2,present,F
2090,turn 3,present,F
2090,turn 4,absent,F
2091,turn 1,present,B
2091,turn 2,absent,B
2091,turn 3,present,B
2091,turn 4,present,B
2091,turn 5,not_evidenced,B
2091,turn 6,absent,B
2091,turn 7,absent,B
2091,turn 8,not_evidenced,B
2092,turn 1,present,E
2092,turn 2,present,E
2092,turn 3,present,E
2092,turn 4,absent,E
2092,turn 5,not_evidenced,E
2093,turn 1,present,F
2093,turn 2,absent,F
2093,turn 3,absent,F
2093,turn 4,absent,F
2093,turn 5,not_evidenced,F
2094,turn 1,present,A
2094,turn 2,present,A
2094,turn 3,absent,A
2094,turn 4,present,A
2094,turn 5,present,A
2094,turn 6,present,A
2094,turn 7,not_evidenced,A
2094,turn 8,present,A
2094,turn 9,present,A
2095,turn 1,present,B
2095,turn 2,present,B
2095,turn 3,present,B
2095,turn 4,absent,B
2096,turn 1,present,E
2096,turn 2,not_evidenced,E
2096,turn 3,not_evidenced,E
2096,turn 4,not_evidenced,E
2096,turn 5,present,E
2096,turn 6,present,E
2096,turn 7,present,E
2096,turn 8,absent,E
2096,turn 9,not_evidenced,E
2096,turn 10,present,E
2096,turn 11,present,E
2096,turn 12,present,E
2097,turn 1,present,B
2097,turn 2,present,B
2097,turn 3,present,B
2097,turn 4,present,B
2097,turn 5,not_evidenced,B
2097,turn 6,absent,B
2097,turn 7,present,B
2097,turn 8,absent,B
2097,turn 9,not_evidenced,B
2098,turn 1,present,C
2098,turn 2,present,C
2098,turn 3,absent,C
2099,turn 1,present,E
2099,turn 2,present,E
2099,turn 3,present,E
2099,turn 4,absent,E
2099,turn 5,not_evidenced,E
2100,turn 1,present,C
2100,turn 2,present,C
2100,turn 3,present,C
2100,turn 4,present,C
2100,turn 5,not_evidenced,C
2100,turn 6,present,C
2100,turn 7,absent,C
2100,turn 8,absent,C
2100,turn 9,not_evidenced,C
2101,turn 1,present,F
2101,turn 2,present,F
2101,turn 3,present,F
2101,turn 4,absent,F
2101,turn 5,present,F
2101,turn 6,absent,F
2102,turn 1,present,B
2102,turn 2,present,B
2102,turn 3,absent,B
2102,turn 4,not_evidenced,B
2102,turn 5,not_evidenced,B
2103,turn 1,present,D
2103,turn 2,absent,D
2104,turn 1,present,D
2104,turn 2,present,D
2104,turn 3,absent,D
2105,turn 1,absent,D
2105,turn 2,absent,D
2105,turn 3,present,D
2105,turn 4,present,D
2105,turn 5,absent,D
2107,turn 1,present,F
2107,turn 2,present,F
2107,turn 3,present,F
2107,turn 4,absent,F
2107,turn 5,absent,F
2108,turn 1,not_evidenced,B
2108,turn 2,absent,B
2108,turn 3,absent,B
2108,turn 4,present,B
2108,turn 5,present,B
2108,turn 6,absent,B
2108,turn 7,not_evidenced,B
2109,turn 1,present,E
2109,turn 2,absent,E
2109,turn 3,present,E
2109,turn 4,present,E
2109,turn 5,absent,E
2109,turn 6,present,E
2109,turn 7,not_evidenced,E
2110,turn 1,present,B
2110,turn 2,present,B
2110,turn 3,absent,B
2110,turn 4,absent,B
2110,turn 5,not_evidenced,B
2111,turn 1,present,D
2111,turn 2,absent,D
2111,turn 3,absent,D
2111,turn 4,present,D
2111,turn 5,present,D
2111,turn 6,present,D
2111,turn 7,absent,D
2111,turn 8,not_evidenced,D
2113,turn 1,present,A
2113,turn 2,present,A
2113,turn 3,present,A
2113,turn 4,present,A
2113,turn 5,present,A
2113,turn 6,absent,A
2113,turn 7,not_evidenced,A
2113,turn 8,not_evidenced,A
2114,turn 1,absent,C
2114,turn 2,not_evidenced,C
2114,turn 3,not_evidenced,C
2114,turn 4,not_evidenced,C
2114,turn 5,not_evidenced,C
2114,turn 6,not_evidenced,C
2114,turn 7,present,C
2114,turn 8,present,C
2114,turn 9,present,C
2114,turn 10,present,C
2114,turn 11,present,C
2114,turn 12,present,C
2115,turn 1,present,E
2115,turn 2,not_evidenced,E
2115,turn 3,present,E
2115,turn 4,present,E
2115,turn 5,absent,E
2115,turn 6,absent,E
2115,turn 7,absent,E
2115,turn 8,present,E
2115,turn 9,present,E
2115,turn 10,not_evidenced,E
2116,turn 1,present,A
2116,turn 2,present,A
2116,turn 3,present,A
2116,turn 4,not_evidenced,A
2116,turn 5,not_evidenced,A
2116,turn 6,not_evidenced,A
2116,turn 7,not_evidenced,A
2116,turn 8,not_evidenced,A
2116,turn 9,not_evidenced,A
2116,turn 10,absent,A
2116,turn 11,not_evidenced,A
2117,turn 1,present,A
2117,turn 2,absent,A
2118,turn 1,present,C
2118,turn 2,present,C
2118,turn 3,present,C
2118,turn 4,present,C
2118,turn 5,present,C
2118,turn 6,present,C
2119,turn 1,present,D
2119,turn 2,present,D
2119,turn 3,absent,D
2120,turn 1,absent,E
2120,turn 2,absent,E
2120,turn 3,absent,E
2121,turn 1,not_evidenced,A
2121,turn 2,present,A
2121,turn 3,present,A
2121,turn 4,present,A
2121,turn 5,present,A
2121,turn 6,present,A
2121,turn 7,present,A
2122,turn 1,present,E
2122,turn 2,absent,E
2122,turn 3,present,E
2122,turn 4,present,E
2122,turn 5,absent,E
2122,turn 6,present,E
2122,turn 7,present,E
2122,turn 8,absent,E
2123,turn 1,absent,D
2123,turn 2,absent,D
2124,turn 1,present,E
2124,turn 2,absent,E
2125,turn 1,absent,F
2125,turn 2,absent,F
2125,turn 3,absent,F
2125,turn 4,absent,F
2125,turn 5,absent,F
2126,turn 1,not_evidenced,C
2126,turn 2,not_evidenced,C
2126,turn 3,present,C
2126,turn 4,not_evidenced,C
2126,turn 5,present,C
2126,turn 6,present,C
2126,turn 7,not_evidenced,C
2126,turn 8,present,C
2126,turn 9,present,C
2126,turn 10,present,C
2127,turn 1,absent,B
2127,turn 2,not_evidenced,B
2127,turn 3,absent,B
2127,turn 4,absent,B
2127,turn 5,absent,B
2127,turn 6,present,B
2127,turn 7,present,B
2127,turn 8,present,B
2127,turn 9,present,B
2127,turn 10,present,B
2128,turn 1,present,A
2128,turn 2,present,A
2128,turn 3,present,A
2128,turn 4,present,A
2129,turn 1,present,B
2129,turn 2,absent,B
2129,turn 3,present,B
2129,turn 4,absent,B
2130,turn 1,present,D
2130,turn 2,present,D
2130,turn 3,present,D
2130,turn 4,present,D
2130,turn 5,present,D
2130,turn 6,present,D
2131,turn 1,present,D
2131,turn 2,present,D
2131,turn 3,absent,D
2132,turn 1,present,C
2132,turn 2,present,C
2132,turn 3,present,C
2132,turn 4,not_evidenced,C
2133,turn 1,present,D
2133,turn 2,present,D
2133,turn 3,present,D
2133,turn 4,present,D
2133,turn 5,present,D
2134,turn 1,present,B
2134,turn 2,present,B
2134,turn 3,present,B
2135,turn 1,present,D
2135,turn 2,present,D
2135,turn 3,present,D
2135,turn 4,absent,D
2136,turn 1,present,A
2136,turn 2,absent,A
2136,turn 3,absent,A
2137,turn 1,absent,C
2137,turn 2,not_evidenced,C
2137,turn 3,not_evidenced,C
2138,turn 1,absent,A
2138,turn 2,not_evidenced,A
2139,turn 1,absent,E
2139,turn 2,absent,E
2139,turn 3,present,E
2139,turn 4,not_evidenced,E
2139,turn 5,present,E
2139,turn 6,absent,E
2140,turn 1,absent,F
2140,turn 2,absent,F
2141,turn 1,absent,D
2141,turn 2,absent,D
2142,turn 1,absent,D
2142,turn 2,absent,D
2142,turn 3,not_evidenced,D
2143,turn 1,present,D
2143,turn 2,absent,D
2144,turn 1,present,E
2144,turn 2,present,E
2144,turn 3,present,E
2144,turn 4,present,E
2144,turn 5,present,E
2144,turn 6,absent,E
2145,turn 1,absent,D
2145,turn 2,absent,D
2145,turn 3,present,D
2145,turn 4,present,D
2145,turn 5,absent,D
2145,turn 6,present,D
2145,turn 7,absent,D
2145,turn 8,present,D
2145,turn 9,absent,D
2146,turn 1,present,A
2146,turn 2,not_evidenced,A
2146,turn 3,present,A
2146,turn 4,absent,A
2146,turn 5,not_evidenced,A
2147,turn 1,present,E
2147,turn 2,absent,E
2147,turn 3,absent,E
2147,turn 4,absent,E
2148,turn 1,not_evidenced,E
2148,turn 2,absent,E
2148,turn 3,present,E
2148,turn 4,present,E
2148,turn 5,present,E
2148,turn 6,present,E
2148,turn 7,not_evidenced,E
2148,turn 8,not_evidenced,E
2148,turn 9,present,E
2148,turn 10,present,E
2149,turn 1,present,D
2149,turn 2,absent,D
2149,turn 3,absent,D
2150,turn 1,absent,C
2150,turn 2,absent,C
2150,turn 3,absent,C
2150,turn 4,absent,C
2151,turn 1,not_evidenced,C
2151,turn 2,absent,C
2152,turn 1,present,E
2152,turn 2,present,E
2152,turn 3,absent,E
2153,turn 1,present,E
2153,turn 2,absent,E
2153,turn 3,absent,E
2153,turn 4,absent,E
2153,turn 5,present,E
2154,turn 1,present,A
2154,turn 2,not_evidenced,A
2154,turn 3,present,A
2154,turn 4,present,A
2154,turn 5,present,A
2154,turn 6,present,A
2154,turn 7,present,A
2154,turn 8,present,A
2154,turn 9,present,A
2154,turn 10,absent,A
2155,turn 1,absent,A
2155,turn 2,present,A
2155,turn 3,not_evidenced,A
2155,turn 4,absent,A
2155,turn 5,not_evidenced,A
2156,turn 1,present,F
2156,turn 2,present,F
2156,turn 3,absent,F
2156,turn 4,present,F
2156,turn 5,not_evidenced,F
2156,turn 6,absent,F
2156,turn 7,absent,F
2156,turn 8,not_evidenced,F
2156,turn 9,not_evidenced,F
2156,turn 10,not_evidenced,F
2157,turn 1,present,F
2157,turn 2,absent,F
2157,turn 3,present,F
2157,turn 4,absent,F
2157,turn 5,present,F
2157,turn 6,absent,F
2157,turn 7,absent,F
2157,turn 8,present,F
2158,turn 1,present,D
2158,turn 2,absent,D
2159,turn 1,present,E
2159,turn 2,present,E
2159,turn 3,absent,E
2160,turn 1,present,C
2160,turn 2,present,C
2160,turn 3,present,C
2160,turn 4,present,C
2160,turn 5,present,C
2160,turn 6,absent,C
2161,turn 1,present,E
2161,turn 2,not_evidenced,E
2161,turn 3,not_evidenced,E
2161,turn 4,not_evidenced,E
2161,turn 5,not_evidenced,E
2161,turn 6,not_evidenced,E
2161,turn 7,not_evidenced,E
2161,turn 8,not_evidenced,E
2161,turn 9,present,E
2161,turn 10,present,E
2161,turn 11,present,E
2161,turn 12,absent,E
2162,turn 1,present,E
2162,turn 2,present,E
2162,turn 3,not_evidenced,E
2162,turn 4,absent,E
2163,turn 1,present,E
2163,turn 2,present,E
2163,turn 3,absent,E
2163,turn 4,present,E
2163,turn 5,present,E
2163,turn 6,present,E
2163,turn 7,present,E
2163,turn 8,present,E
2163,turn 9,present,E
2163,turn 10,present,E
2164,turn 1,present,D
2164,turn 2,present,D
2164,turn 3,absent,D
2164,turn 4,absent,D
2164,turn 5,absent,D
2164,turn 6,not_evidenced,D
2165,turn 1,present,D
2165,turn 2,present,D
2165,turn 3,absent,D
2165,turn 4,absent,D
2165,turn 5,absent,D
2166,turn 1,present,F
2166,turn 2,present,F
2166,turn 3,present,F
2166,turn 4,not_evidenced,F
2166,turn 5,not_evidenced,F
2166,turn 6,absent,F
2167,turn 1,absent,A
2167,turn 2,absent,A
2167,turn 3,absent,A
2167,turn 4,absent,A
2167,turn 5,not_evidenced,A
2168,turn 1,present,A
2168,turn 2,absent,A
2168,turn 3,present,A
2168,turn 4,absent,A
2168,turn 5,absent,A
2169,turn 1,present,D
2169,turn 2,present,D
2169,turn 3,present,D
2169,turn 4,present,D
2169,turn 5,absent,D
2170,turn 1,present,D
2170,turn 2,absent,D
2170,turn 3,absent,D
2170,turn 4,absent,D
2171,turn 1,present,D
2171,turn 2,present,D
2171,turn 3,present,D
2171,turn 4,present,D
2171,turn 5,absent,D
2171,turn 6,present,D
2171,turn 7,absent,D
2171,turn 8,present,D
2171,turn 9,absent,D
2172,turn 1,present,A
2172,turn 2,absent,A
2172,turn 3,absent,A
2172,turn 4,present,A
2172,turn 5,absent,A
2172,turn 6,absent,A
2173,turn 1,present,D
2173,turn 2,present,D
2173,turn 3,not_evidenced,D
2173,turn 4,absent,D
2174,turn 1,present,F
2174,turn 2,present,F
2174,turn 3,absent,F
2174,turn 4,not_evidenced,F
2175,turn 1,present,D
2175,turn 2,present,D
2175,turn 3,not_evidenced,D
2175,turn 4,absent,D
2175,turn 5,absent,D
2175,turn 6,absent,D
2175,turn 7,present,D
2175,turn 8,present,D
2175,turn 9,present,D
2175,turn 10,absent,D
2177,turn 1,present,B
2177,turn 2,not_evidenced,B
2177,turn 3,present,B
2177,turn 4,present,B
2177,turn 5,absent,B
2178,turn 1,present,E
2178,turn 2,present,E
2178,turn 3,present,E
2178,turn 4,absent,E
2178,turn 5,absent,E
2178,turn 6,present,E
2178,turn 7,present,E
2178,turn 8,present,E
2178,turn 9,present,E
2178,turn 10,absent,E
2178,turn 11,present,E
2178,turn 12,absent,E
2178,turn 13,present,E
2178,turn 14,absent,E
2178,turn 15,not_evidenced,E
2179,turn 1,present,B
2179,turn 2,not_evidenced,B
2179,turn 3,absent,B
2179,turn 4,present,B
2179,turn 5,present,B
2179,turn 6,absent,B
2179,turn 7,absent,B
2179,turn 8,absent,B
2179,turn 9,not_evidenced,B
2179,turn 10,not_evidenced,B
2179,turn 11,not_evidenced,B
2179,turn 12,absent,B
2180,turn 1,present,E
2180,turn 2,present,E
2180,turn 3,present,E
2180,turn 4,present,E
2180,turn 5,present,E
2180,turn 6,not_evidenced,E
2180,turn 7,present,E
2180,turn 8,present,E
2180,turn 9,present,E
2180,turn 10,absent,E
2180,turn 11,not_evidenced,E
2181,turn 1,present,D
2181,turn 2,present,D
2181,turn 3,present,D
2181,turn 4,present,D
2181,turn 5,present,D
2181,turn 6,present,D
2181,turn 7,present,D
2181,turn 8,present,D
2182,turn 1,present,B
2182,turn 2,present,B
2182,turn 3,absent,B
2182,turn 4,not_evidenced,B
2182,turn 5,not_evidenced,B
2182,turn 6,absent,B
2182,turn 7,not_evidenced,B
2183,turn 1,present,C
2183,turn 2,not_evidenced,C
2183,turn 3,present,C
2183,turn 4,absent,C
2183,turn 5,absent,C
2183,turn 6,absent,C
2183,turn 7,not_evidenced,C
2183,turn 8,not_evidenced,C
2184,turn 1,present,F
2184,turn 2,absent,F
2184,turn 3,absent,F
2184,turn 4,absent,F
2184,turn 5,not_evidenced,F
2185,turn 1,present,A
2185,turn 2,present,A
2185,turn 3,present,A
2185,turn 4,not_evidenced,A
2185,turn 5,not_evidenced,A
2185,turn 6,present,A
2185,turn 7,present,A
2185,turn 8,present,A
2185,turn 9,not_evidenced,A
2185,turn 10,present,A
2185,turn 11,present,A
2185,turn 12,not_evidenced,A
2185,turn 13,absent,A
2185,turn 14,not_evidenced,A
2186,turn 1,present,A
2186,turn 2,absent,A
2186,turn 3,not_evidenced,A
2186,turn 4,present,A
2186,turn 5,present,A
2186,turn 6,absent,A
2186,turn 7,present,A
2186,turn 8,not_evidenced,A
2186,turn 9,absent,A
2186,turn 10,not_evidenced,A
2187,turn 1,present,A
2187,turn 2,not_evidenced,A
2187,turn 3,present,A
2187,turn 4,present,A
2187,turn 5,present,A
2187,turn 6,absent,A
2187,turn 7,not_evidenced,A
2187,turn 8,not_evidenced,A
2188,turn 1,absent,F
2188,turn 2,absent,F
2188,turn 3,present,F
2188,turn 4,present,F
2188,turn 5,absent,F
2188,turn 6,not_evidenced,F
2189,turn 1,absent,A
2189,turn 2,present,A
2189,turn 3,absent,A
2189,turn 4,present,A
2189,turn 5,absent,A
2190,turn 1,present,C
2190,turn 2,present,C
2190,turn 3,absent,C
2191,turn 1,absent,D
2191,turn 2,present,D
2191,turn 3,absent,D
2192,turn 1,present,D
2192,turn 2,not_evidenced,D
2192,turn 3,present,D
2192,turn 4,present,D
2192,turn 5,present,D
2192,turn 6,present,D
2192,turn 7,absent,D
2192,turn 8,present,D
2192,turn 9,present,D
2192,turn 10,present,D
2192,turn 11,present,D
2192,turn 12,absent,D
2193,turn 1,present,C
2193,turn 2,absent,C
2193,turn 3,present,C
2193,turn 4,absent,C
2193,turn 5,absent,C
2193,turn 6,not_evidenced,C
2193,turn 7,absent,C
2194,turn 1,present,E
2194,turn 2,present,E
2194,turn 3,not_evidenced,E
2194,turn 4,not_evidenced,E
2194,turn 5,absent,E
2194,turn 6,present,E
2194,turn 7,absent,E
2194,turn 8,absent,E
2194,turn 9,absent,E
2194,turn 10,absent,E
2195,turn 1,present,C
2195,turn 2,present,C
2195,turn 3,present,C
2195,turn 4,not_evidenced,C
2195,turn 5,absent,C
2195,turn 6,absent,C
2195,turn 7,present,C
2195,turn 8,present,C
2195,turn 9,present,C
2195,turn 10,present,C
2195,turn 11,present,C
2196,turn 1,present,F
2196,turn 2,absent,F
2197,turn 1,present,D
2197,turn 2,absent,D
2197,turn 3,present,D
2197,turn 4,present,D
2197,turn 5,present,D
2197,turn 6,present,D
2197,turn 7,present,D
2197,turn 8,present,D
2197,turn 9,present,D
2197,turn 10,present,D
2198,turn 1,present,A
2198,turn 2,present,A
2199,turn 1,present,E
2199,turn 2,present,E
2199,turn 3,present,E
2199,turn 4,present,E
2200,turn 1,absent,C
2200,turn 2,absent,C
2201,turn 1,present,B
2201,turn 2,present,B
2201,turn 3,present,B
2201,turn 4,not_evidenced,B
2201,turn 5,not_evidenced,B
2202,turn 1,present,D
2202,turn 2,absent,D
2203,turn 1,present,E
2203,turn 2,present,E
2203,turn 3,absent,E
2203,turn 4,present,E
2203,turn 5,present,E
2203,turn 6,present,E
2203,turn 7,present,E
2203,turn 8,present,E
2204,turn 1,present,E
2204,turn 2,present,E
2204,turn 3,present,E
2204,turn 4,absent,E
2204,turn 5,present,E
2204,turn 6,present,E
2204,turn 7,absent,E
2204,turn 8,not_evidenced,E
2205,turn 1,present,F
2205,turn 2,absent,F
2205,turn 3,absent,F
2206,turn 1,present,E
2206,turn 2,present,E
2206,turn 3,not_evidenced,E
2206,turn 4,present,E
2206,turn 5,present,E
2206,turn 6,present,E
2206,turn 7,present,E
2206,turn 8,absent,E
2207,turn 1,present,E
2207,turn 2,absent,E
2208,turn 1,present,C
2208,turn 2,absent,C
2208,turn 3,not_evidenced,C
2209,turn 1,absent,E
2209,turn 2,present,E
2209,turn 3,present,E
2209,turn 4,present,E
2209,turn 5,not_evidenced,E
2209,turn 6,not_evidenced,E
2209,turn 7,absent,E
2209,turn 8,absent,E
2210,turn 1,present,B
2210,turn 2,present,B
2210,turn 3,absent,B
2210,turn 4,absent,B
2210,turn 5,present,B
2210,turn 6,present,B
2210,turn 7,absent,B
2210,turn 8,not_evidenced,B
2211,turn 1,absent,B
2211,turn 2,absent,B
2211,turn 3,absent,B
2212,turn 1,not_evidenced,A
2212,turn 2,not_evidenced,A
2212,turn 3,not_evidenced,A
2212,turn 4,present,A
2212,turn 5,absent,A
2212,turn 6,absent,A
2213,turn 1,present,B
2213,turn 2,present,B
2213,turn 3,present,B
2213,turn 4,present,B
2213,turn 5,present,B
2213,turn 6,present,B
2213,turn 7,present,B
2213,turn 8,absent,B
2214,turn 1,present,D
2214,turn 2,not_evidenced,D
2214,turn 3,absent,D
2214,turn 4,absent,D
2214,turn 5,not_evidenced,D
2214,turn 6,present,D
2214,turn 7,not_evidenced,D
2214,turn 8,absent,D
2215,turn 1,not_evidenced,E
2215,turn 2,not_evidenced,E
2215,turn 3,absent,E
2215,turn 4,present,E
2215,turn 5,absent,E
2215,turn 6,present,E
2215,turn 7,not_evidenced,E
2215,turn 8,absent,E
2215,turn 9,not_evidenced,E
2216,turn 1,present,C
2216,turn 2,present,C
2216,turn 3,present,C
2216,turn 4,present,C
2216,turn 5,present,C
2216,turn 6,not_evidenced,C
2216,turn 7,not_evidenced,C
2216,turn 8,not_evidenced,C
2216,turn 9,not_evidenced,C
2216,turn 10,not_evidenced,C
2217,turn 1,present,C
2217,turn 2,present,C
2217,turn 3,present,C
2217,turn 4,present,C
2217,turn 5,present,C
2217,turn 6,present,C
2217,turn 7,present,C
2217,turn 8,absent,C
2217,turn 9,absent,C
2217,turn 10,absent,C
2217,turn 11,not_evidenced,C
2218,turn 1,not_evidenced,E
2218,turn 2,not_evidenced,E
2218,turn 3,present,E
2218,turn 4,not_evidenced,E
2218,turn 5,absent,E
2218,turn 6,not_evidenced,E
2218,turn 7,not_evidenced,E
2218,turn 8,absent,E
2219,turn 1,present,C
2219,turn 2,present,C
2219,turn 3,present,C
2219,turn 4,present,C
2219,turn 5,present,C
2219,turn 6,present,C
2219,turn 7,absent,C
2220,turn 1,present,A
2220,turn 2,present,A
2220,turn 3,absent,A
2220,turn 4,not_evidenced,A
2221,turn 1,present,D
2221,turn 2,present,D
2221,turn 3,absent,D
2222,turn 1,present,C
2222,turn 2,absent,C
2222,turn 3,absent,C
2223,turn 1,present,F
2223,turn 2,absent,F
2224,turn 1,present,B
2224,turn 2,absent,B
2225,turn 1,present,F
2225,turn 2,absent,F
2226,turn 1,present,F
2226,turn 2,present,F
2226,turn 3,absent,F
2226,turn 4,absent,F
2226,turn 5,not_evidenced,F
2227,turn 1,present,D
2227,turn 2,absent,D
2228,turn 1,present,A
2228,turn 2,present,A
2228,turn 3,present,A
2228,turn 4,present,A
2228,turn 5,absent,A
2228,turn 6,present,A
2228,turn 7,absent,A
2229,turn 1,present,D
2229,turn 2,present,D
2229,turn 3,present,D
2229,turn 4,present,D
2229,turn 5,absent,D
2229,turn 6,present,D
2229,turn 7,present,D
2230,turn 1,present,A
2230,turn 2,present,A
2230,turn 3,present,A
2230,turn 4,not_evidenced,A
2230,turn 5,not_evidenced,A
2230,turn 6,present,A
2230,turn 7,not_evidenced,A
2230,turn 8,present,A
2230,turn 9,absent,A
2231,turn 1,present,D
2231,turn 2,absent,D
2232,turn 1,present,D
2232,turn 2,present,D
2232,turn 3,present,D
2232,turn 4,absent,D
2232,turn 5,absent,D
2233,turn 1,present,D
2233,turn 2,absent,D
2233,turn 3,absent,D
2233,turn 4,not_evidenced,D
2233,turn 5,not_evidenced,D
2234,turn 1,present,E
2234,turn 2,present,E
2234,turn 3,absent,E
2234,turn 4,present,E
2234,turn 5,present,E
2234,turn 6,not_evidenced,E
2235,turn 1,present,B
2235,turn 2,present,B
2235,turn 3,present,B
2235,turn 4,absent,B
2235,turn 5,present,B
2235,turn 6,present,B
2235,turn 7,absent,B
2236,turn 1,present,C
2236,turn 2,present,C
2236,turn 3,present,C
2236,turn 4,present,C
2236,turn 5,present,C
2236,turn 6,present,C
2236,turn 7,present,C
2237,turn 1,present,F
2237,turn 2,absent,F
2237,turn 3,present,F
2237,turn 4,present,F
2237,turn 5,absent,F
2237,turn 6,not_evidenced,F
2238,turn 1,present,E
2238,turn 2,present,E
2238,turn 3,present,E
2238,turn 4,present,E
2238,turn 5,present,E
2238,turn 6,present,E
2238,turn 7,absent,E
2238,turn 8,absent,E
2238,turn 9,not_evidenced,E
2239,turn 1,present,A
2239,turn 2,not_evidenced,A
2239,turn 3,absent,A
2240,turn 1,present,C
2240,turn 2,absent,C
2240,turn 3,absent,C
2240,turn 4,absent,C
2240,turn 5,absent,C
2241,turn 1,present,D
2241,turn 2,absent,D
2242,turn 1,present,D
2242,turn 2,absent,D
2242,turn 3,not_evidenced,D
2242,turn 4,absent,D
2243,turn 1,present,D
2243,turn 2,absent,D
2244,turn 1,present,F
2244,turn 2,present,F
2244,turn 3,not_evidenced,F
2244,turn 4,absent,F
2244,turn 5,absent,F
2244,turn 6,absent,F
2245,turn 1,present,B
2245,turn 2,present,B
2245,turn 3,present,B
2245,turn 4,present,B
2245,turn 5,not_evidenced,B
2245,turn 6,not_evidenced,B
2245,turn 7,absent,B
2246,turn 1,present,E
2246,turn 2,present,E
2246,turn 3,absent,E
2246,turn 4,not_evidenced,E
2247,turn 1,present,D
2247,turn 2,absent,D
2247,turn 3,present,D
2247,turn 4,present,D
2247,turn 5,present,D
2247,turn 6,present,D
2247,turn 7,present,D
2247,turn 8,present,D
2247,turn 9,present,D
2247,turn 10,not_evidenced,D
2247,turn 11,not_evidenced,D
2248,turn 1,absent,A
2248,turn 2,absent,A
2248,turn 3,present,A
2249,turn 1,present,E
2249,turn 2,present,E
2249,turn 3,not_evidenced,E
2249,turn 4,absent,E
2249,turn 5,not_evidenced,E
2249,turn 6,present,E
2249,turn 7,absent,E
2249,turn 8,absent,E
2249,turn 9,absent,E
2250,turn 1,present,C
2250,turn 2,not_evidenced,C
2250,turn 3,not_evidenced,C
2250,turn 4,present,C
2250,turn 5,present,C
2250,turn 6,absent,C
2250,turn 7,absent,C
2250,turn 8,present,C
2250,turn 9,present,C
2250,turn 10,present,C
2250,turn 11,present,C
2250,turn 12,absent,C
2251,turn 1,present,F
2251,turn 2,absent,F
2251,turn 3,present,F
2251,turn 4,present,F
2251,turn 5,present,F
2251,turn 6,present,F
2251,turn 7,absent,F
2252,turn 1,present,F
2252,turn 2,present,F
2252,turn 3,absent,F
2252,turn 4,absent,F
2253,turn 1,present,A
2253,turn 2,not_evidenced,A
2253,turn 3,present,A
2253,turn 4,absent,A
2253,turn 5,present,A
2253,turn 6,absent,A
2253,turn 7,present,A
2253,turn 8,absent,A
2254,turn 1,present,C
2254,turn 2,present,C
2255,turn 1,present,F
2255,turn 2,present,F
2255,turn 3,absent,F
2256,turn 1,present,E
2256,turn 2,present,E
2256,turn 3,present,E
2256,turn 4,present,E
2256,turn 5,present,E
2257,turn 1,present,F
2257,turn 2,present,F
2257,turn 3,absent,F
2257,turn 4,not_evidenced,F
2258,turn 1,present,E
2258,turn 2,present,E
2258,turn 3,present,E
2258,turn 4,not_evidenced,E
2259,turn 1,present,A
2259,turn 2,present,A
2259,turn 3,absent,A
2260,turn 1,present,B
2260,turn 2,absent,B
2260,turn 3,absent,B
2261,turn 1,present,B
2261,turn 2,absent,B
2261,turn 3,present,B
2261,turn 4,present,B
2261,turn 5,present,B
2261,turn 6,present,B
2261,turn 7,present,B
2261,turn 8,absent,B
