dialogue_idx,turn,unit,real_rank,original_bkt,correct,unprotected_solution_bkt,inference_only_solution_update,hard_floor_005,fixed_original_prior,shrinkage_k20,in_all_real_evaluation,in_paper_matched_evaluation,in_first_real_turn_evaluation
0,2,turn 2,1,0.5803152201995405,0,0.5403854121477317,0.47161506388587665,0.5364789569873334,0.5136484737985314,0.5376862300808994,True,False,True
0,3,turn 3,2,0.6574138466865049,1,0.6072692808134408,0.5097347098569722,0.6015680835583352,0.522104852799922,0.5832461005674743,True,True,False
1,2,turn 2,1,0.5185937792380458,1,0.47812135762922414,0.43141289685164114,0.47601706534591937,0.4588596994772747,0.47711406694821834,True,False,True
1,3,turn 3,2,0.5990915368656821,0,0.5122936765906821,0.5110886259886367,0.5104362917658376,0.5099567767837904,0.5113458565714584,True,True,False
1,4,turn 4,3,0.510417240088839,0,0.5123011280304784,0.4311180151650293,0.5104439604841804,0.5099695036412654,0.5113533738192579,True,True,False
1,5,turn 5,4,0.43644657432746115,0,0.5099984868632825,0.3734571191151724,0.509998317404486,0.509956963692247,0.5099984344692359,True,True,False
1,6,turn 6,5,0.3891709680119896,0,0.4116744682487639,0.2890144938929706,0.41048079646133157,0.4022100221503893,0.40905843568670514,True,True,False
1,7,turn 7,6,0.32469565732229944,0,0.5099998881262624,0.29429931874616594,0.5099998672428987,0.5099785714827024,0.5099998817665714,True,True,False
1,8,turn 8,7,0.2735403894664449,0,0.4547049885022241,0.21978526070615853,0.4521217225212985,0.41349382659293443,0.44854569368237196,True,True,False
2,2,turn 2,1,0.5051697904169591,0,0.4830806838921528,0.4261595906700561,0.4813910013971861,0.4575871831815222,0.4822958694997972,True,False,True
2,3,turn 3,2,0.4261595906700561,1,0.5101557752129557,0.3872346197721699,0.5073765144242905,0.4703992561577111,0.5087379053692798,True,True,False
2,4,turn 4,3,0.4908976821708462,1,0.4760694083552499,0.4278354383530198,0.47581356093046945,0.4589622403227466,0.47600511900092757,True,True,False
3,2,turn 2,1,0.5452564091183569,1,0.5044123069571043,0.45659694822366126,0.5020991960416502,0.46287108130869437,0.5025929056266215,True,False,True
3,3,turn 3,2,0.6178809943569639,0,0.5386109453116792,0.5273861307846632,0.5365446117159446,0.5139712405805619,0.5368481134382936,True,True,False
3,4,turn 4,3,0.5269435371089854,1,0.5386183967514669,0.45185810242612956,0.536552280435565,0.5139839674384594,0.5368556306829547,True,True,False
3,5,turn 5,4,0.5952138318193126,1,0.5386211784743097,0.5139215793144729,0.5365552747533451,0.5140144430971557,0.5368584783014578,True,True,False
4,2,turn 2,1,0.528272895876934,0,0.4925594922678087,0.44093560423816563,0.48978097412161664,0.46296133341887374,0.4910591720598971,True,False,True
4,3,turn 3,2,0.4774415690615898,1,0.5154429891385407,0.4146241882776189,0.5118498247438857,0.4707677918115721,0.5122002280975227,True,True,False
5,1,turn 1,1,0.472841962677468,0,0.43559981334132664,0.40351323679681206,0.434012024479348,0.42574878845304537,0.43398268465945267,True,False,True
5,2,turn 2,2,0.5363836564584015,0,0.5657606770776988,0.4714249363995151,0.5613010355165502,0.5021165930909973,0.5450771284277939,True,True,False
5,3,turn 3,3,0.4714249363995151,1,0.5720039100463229,0.43390287703910096,0.5675718199818315,0.5068285712021054,0.5513110898633397,True,True,False
5,4,turn 4,4,0.509980173157941,0,0.5777432505481397,0.45744054118049443,0.5736316185035623,0.5230253250485521,0.5575596631226613,True,True,False
5,5,turn 5,5,0.4567946852416429,0,0.5777446998821647,0.42868781483623064,0.5736331432406894,0.5230262880941379,0.5575612304410275,True,True,False
5,7,turn 7,6,0.42844605066397695,1,0.5777454944202681,0.41461237774668974,0.5736340026146038,0.5230271980644702,0.5575621283205179,True,True,False
5,8,turn 8,7,0.44808913952157675,1,0.5777464580865294,0.4269737970943844,0.5736351120608026,0.5230428361280888,0.5575633320376416,True,True,False
6,1,turn 1,1,0.4353308745544102,0,0.3861045430295568,0.3915683842653018,0.39149675272284734,0.3800850885837357,0.39673891721802806,True,False,True
6,2,turn 2,2,0.3915683842653018,1,0.4552235097253775,0.3519940405606274,0.4582254111405966,0.40452938968987084,0.45919966680315866,True,True,False
6,3,turn 3,3,0.5090049677174819,1,0.5409291723961418,0.481001532297174,0.5133332194182947,0.5098471206656667,0.509960341364452,True,True,False
7,1,turn 1,1,0.4499071407235263,0,0.4081938374861825,0.41131463037526717,0.4118030075851453,0.39786836640136625,0.4101968231495996,True,False,True
7,2,turn 2,2,0.41131463037526717,0,0.4768601423213584,0.3799130375960583,0.4769070271070868,0.4521098289605311,0.47706438659763806,True,True,False
7,3,turn 3,3,0.3799130375960583,1,0.5010405721553216,0.3580899169775222,0.4987906351020311,0.4767767711818755,0.5000565508819744,True,True,False
7,4,turn 4,4,0.5155585683058119,0,0.5292754877510333,0.4842231817867452,0.518293228005767,0.5099777900476112,0.5233256198015139,True,True,False
7,5,turn 5,5,0.4286269860614431,1,0.5292808441923789,0.40467077596156165,0.5182976726601425,0.5099854412961493,0.5233305717811216,True,True,False
7,6,turn 6,6,0.5641004260096627,1,0.5292928057204845,0.5327163709469213,0.5183037199010013,0.5099999907342202,0.5233389688051014,True,True,False
7,7,turn 7,7,0.6572147890122682,1,0.5292928126174168,0.6296395808815668,0.5183037230934382,0.5099999999940514,0.5233389734412639,True,True,False
8,1,turn 1,1,0.41366711582959464,0,0.36411193502297906,0.3811507006476062,0.36780182152560675,0.35954210505453815,0.37154938229815515,True,False,True
8,2,turn 2,2,0.3811507006476062,0,0.43760888177440194,0.35235370593755116,0.43873855902394127,0.3995387118238821,0.43936886685690096,True,True,False
8,3,turn 3,3,0.35235370593755116,0,0.4671151672699384,0.3306880261776234,0.46724233298716306,0.41942278073159756,0.4663345134194414,True,True,False
11,2,turn 2,1,0.4948490674504046,1,0.4746352098529024,0.4338282169286991,0.4743748670185114,0.45741884957528944,0.4745672715235497,True,False,True
11,3,turn 3,2,0.5585311786859335,1,0.5099897505587996,0.5080318911578143,0.5099893200733587,0.5099567420061464,0.5099896178411871,True,True,False
11,4,turn 4,3,0.5991992534347974,0,0.509999997323593,0.5675817418178826,0.5099999971190147,0.5099999706593443,0.5099999972601641,True,True,False
11,5,turn 5,4,0.5672917975319449,0,0.5099999992723034,0.5201945509537476,0.5099999991908041,0.509999979295249,0.5099999992471048,True,True,False
11,6,turn 6,5,0.5197797791704266,0,0.5099999998021323,0.46108218264144324,0.5099999997727036,0.5099999853889738,0.5099999997930939,True,True,False
11,7,turn 7,6,0.46060263321228656,0,0.5099999999461977,0.4018758732500503,0.5099999999361542,0.5099999896892141,0.509999999943139,True,True,False
11,8,turn 8,7,0.4014420743574637,0,0.5099999999853706,0.35437425213081497,0.5099999999820661,0.5099999927238299,0.5099999999843738,True,True,False
12,2,turn 2,1,0.5729643935512018,0,0.5598255382317422,0.47586249348541576,0.5550908407352956,0.5335917689275846,0.5584549203640768,True,False,True
12,3,turn 3,2,0.5226075184584227,0,0.49190970347787555,0.44359591443816127,0.4897068892243268,0.4588625515306126,0.4910056792622721,True,True,False
12,5,turn 5,3,0.4597292039617885,0,0.5404905526699983,0.4295025474956208,0.5361244501080568,0.5071411087117208,0.538944657747388,True,True,False
12,6,turn 6,4,0.4295025474956208,1,0.543504205437702,0.4133342118840036,0.5391992155914503,0.512660529083014,0.5419718469232226,True,True,False
12,7,turn 7,5,0.46438317730597056,1,0.49156447936367353,0.4112144692986859,0.4898403555677657,0.4631922235103096,0.4906011050521228,True,True,False
12,8,turn 8,6,0.5457413279875408,0,0.5209151846873744,0.4967626173587388,0.5194383110072289,0.5099331745611768,0.5202621903399667,True,True,False
12,9,turn 9,7,0.4783630370263747,0,0.5209229812059012,0.4286143404381786,0.5194463038179798,0.5099281337717191,0.5202702516720414,True,True,False
14,2,turn 2,1,0.4835349681568623,0,0.44214825243859673,0.41639478118942574,0.44163730440023613,0.4080823069874376,0.44202074249394036,True,False,True
14,3,turn 3,2,0.5391637848190336,1,0.5325721945488902,0.45321726235968757,0.5282542938057272,0.5095649046831094,0.5311421169316559,True,True,False
14,4,turn 4,3,0.5068595578802542,1,0.49475699766114817,0.41968275713673703,0.4947490883610015,0.4935925326457355,0.49476598282114465,True,True,False
14,5,turn 5,4,0.6145676114133503,0,0.5099990769090716,0.5160573829184321,0.5099990525463083,0.5099985729206662,0.5099990691883496,True,True,False
14,6,turn 6,5,0.5003191997848855,0,0.5099999436130005,0.42516707558782024,0.5099999406290838,0.5099998750916679,0.5099999426309583,True,True,False
14,7,turn 7,6,0.41639478118942574,0,0.4937944355834495,0.35657682065660923,0.49314848946418754,0.45046183713076515,0.49359430378674296,True,True,False
14,9,turn 9,7,0.35657682065660923,0,0.5057346058551875,0.3137983871402421,0.5054239143595385,0.4725368113571498,0.5056375306715106,True,True,False
15,2,turn 2,1,0.558814487872056,1,0.5307900888055082,0.4753741598539748,0.526210612850798,0.5096793345958222,0.5268293578436418,True,False,True
15,3,turn 3,2,0.6280417106670471,0,0.5649302905902105,0.5266207966817996,0.5601400392877751,0.5338093162355846,0.5632963453750764,True,True,False
15,4,turn 4,3,0.5209742291883546,1,0.5652227948113004,0.4822473332654859,0.5604238506406279,0.5340521058587552,0.5635866365930566,True,True,False
15,5,turn 5,4,0.5848740090854218,1,0.5652235042002755,0.542706575539277,0.5604245304416109,0.5340526553740579,0.5635873383780831,True,True,False
15,6,turn 6,5,0.6442846665030233,0,0.5380006465702297,0.5226195499086153,0.5341108786858758,0.5259260546177497,0.5506957395217337,True,True,False
15,7,turn 7,6,0.4791746561712005,1,0.55487782579277,0.45255181004572,0.5517094652328113,0.5260348814053376,0.5508384011612674,True,True,False
15,8,turn 8,7,0.6250277017970948,1,0.6699544170347558,0.6023009860327991,0.662269272750573,0.526035103582926,0.5508387017775429,True,True,False
16,2,turn 2,1,0.5842225355216766,1,0.5643750182158742,0.4846523861490204,0.5598519308566408,0.5336307146229238,0.5628791699135508,True,False,True
16,3,turn 3,2,0.6753840632285291,1,0.5652235015997915,0.5458041224801575,0.5604245293654391,0.5340526545882078,0.5635873366756099,True,True,False
16,4,turn 4,3,0.6047526949209008,1,0.4867086708438282,0.517151399486633,0.4861137690139606,0.46596051088820367,0.4868920807644376,True,True,False
16,5,turn 5,4,0.5821279490996488,0,0.5292083816383997,0.5497417741369015,0.5182396588433907,0.5099123121197697,0.5232659978235846,True,True,False
16,6,turn 6,5,0.4973546568960262,0,0.5292377431364463,0.4609594283662576,0.5182689507191836,0.5099439640438557,0.5232957312752191,True,True,False
16,7,turn 7,6,0.43449123640323417,0,0.5292552058082947,0.40159429849512895,0.5182839703934998,0.5099638114051241,0.5233121277089717,True,True,False
16,8,turn 8,7,0.39211938102437716,1,0.5292666342432631,0.3677199917421049,0.5182922315399846,0.509976388928181,0.523321940886148,True,True,False
17,2,turn 2,1,0.45482066585381853,0,0.40767134045134945,0.4076104825142207,0.4072286331476209,0.388126439880609,0.40742628876368603,True,False,True
17,3,turn 3,2,0.4731164943425711,0,0.47271543903674296,0.5056746130081845,0.4728595570362827,0.4195662998566235,0.472763225372402,True,True,False
17,4,turn 4,3,0.5056746130081845,0,0.517472376759843,0.4406557368385774,0.5164433833635795,0.45738633929469186,0.5174586592381156,True,True,False
17,5,turn 5,4,0.4733110221913762,0,0.45391399407524113,0.42597016671055987,0.4543041735211193,0.44906775123913845,0.45168928722848917,True,True,False
17,6,turn 6,5,0.4406557368385774,0,0.5366410499586396,0.38569907460248143,0.5353338043262483,0.4705153146246837,0.5366268743857467,True,True,False
17,7,turn 7,6,0.38569907460248143,0,0.5473044387514523,0.3531181466471167,0.5459002517616429,0.47594394176727073,0.547289816234854,True,True,False
17,8,turn 8,7,0.4076104825142207,1,0.4725811572518947,0.3644556535641449,0.47136940824916995,0.42824756886782944,0.4710983058230575,True,True,False
18,2,turn 2,1,0.6093675968203747,1,0.5772446514764276,0.4688013881281604,0.5743153816913991,0.5406824835101747,0.5708185654671403,True,False,True
18,3,turn 3,2,0.569202951954129,0,0.5537740769935463,0.4741740115525761,0.5493193851730028,0.525608777976319,0.5523001522529192,True,True,False
18,4,turn 4,3,0.49168193046920206,0,0.4574573174479527,0.43512967409045034,0.4572405379354282,0.41963182829866075,0.4577131710443894,True,True,False
18,5,turn 5,4,0.4741740115525761,1,0.5560559250321813,0.45381112310862465,0.5504497703226798,0.526034199238706,0.5540614424009362,True,True,False
18,6,turn 6,5,0.5443200632914865,1,0.5560948603993845,0.5146919242283885,0.5504577172217165,0.5260351035816503,0.5540836213555852,True,True,False
18,7,turn 7,6,0.48819556549043464,1,0.5018972017413972,0.43468799393542873,0.5015742281636284,0.4802308834316931,0.5017971348605725,True,True,False
19,1,turn 1,1,0.41714436008408856,0,0.3843770412365381,0.39080625922104667,0.3840623000433602,0.38586821771423474,0.38410308363099,True,False,True
19,2,turn 2,2,0.39080625922104667,0,0.4503965425390846,0.3680432302665924,0.4487064062255586,0.41803058002037136,0.44695629280308485,True,True,False
19,3,turn 3,3,0.5391526228418847,0,0.5114488533561082,0.46820429556647486,0.508421665724072,0.48351333960050935,0.509021438427374,True,True,False
19,4,turn 4,4,0.46820429556647486,0,0.5226801834004102,0.4088395125766877,0.5194078633216553,0.48456914662375894,0.5197355749954452,True,True,False
19,5,turn 5,5,0.4088395125766877,0,0.5241491643427495,0.364586681772849,0.520900784427944,0.4852751741549759,0.5213404112547084,True,True,False
19,6,turn 6,6,0.364586681772849,0,0.5243654418224755,0.33386536710174725,0.5211257969979374,0.4858709970714084,0.5216089275346509,True,True,False
19,7,turn 7,7,0.33386536710174725,1,0.5243976539665655,0.31422925126197426,0.5211600850575402,0.4863776184463184,0.5216544046072954,True,True,False
20,2,turn 2,1,0.5990115744280566,1,0.5380838056312702,0.47094044188302797,0.536032448494606,0.5136913311786298,0.5363930744362836,True,False,True
20,3,turn 3,2,0.6855264852090047,1,0.5386211782032793,0.5633271946689035,0.5365552745871851,0.51401446316882,0.5368584781925412,True,True,False
20,4,turn 4,3,0.7419766055667849,1,0.5386211792019506,0.6517457953596633,0.5365552755624774,0.5140144637972058,0.5368584790542948,True,True,False
20,5,turn 5,4,0.7813404622480133,1,0.567242358403905,0.6916583232252671,0.5631105511249586,0.5180289275944141,0.5637169581085929,True,True,False
20,6,turn 6,5,0.6495568474215031,1,0.5345948779271124,0.6024336971420473,0.5325439214131662,0.50945921715073,0.5328983690334143,True,True,False
21,1,turn 1,1,0.5396006763799006,0,0.5196454962160767,0.45171991459677824,0.5168689096560493,0.495700234712426,0.5187374364147684,True,False,True
21,2,turn 2,2,0.45171991459677824,0,0.5342118363726376,0.4188690338091011,0.5307141935338621,0.5074349719099507,0.5329736033037722,True,True,False
21,3,turn 3,3,0.4188690338091011,1,0.5367923523224959,0.40252571866022036,0.5333477786337301,0.5121041668422146,0.5355662734944469,True,True,False
22,1,turn 1,1,0.558814487872056,1,0.5307900888055082,0.4753741598539748,0.526210612850798,0.5096793345958222,0.5268293578436418,True,False,True
22,2,turn 2,2,0.6256241991508116,1,0.4835549313077242,0.32783360129643696,0.48148357517207163,0.509672853103164,0.5249125418066412,True,True,False
22,3,turn 3,3,0.6280417106670471,1,0.5649302905902105,0.5266207966817996,0.5601400392877751,0.5338093162355846,0.5632963453750764,True,True,False
22,4,turn 4,4,0.7084497581561244,1,0.5652235037020332,0.5900287619148956,0.5604245299539004,0.5340526549386526,0.5635873378825065,True,True,False
22,5,turn 5,5,0.7520063651271836,1,0.7230074278739705,0.5730092460995477,0.7142201161014459,0.5138299274940374,0.5442532482590124,True,True,False
23,1,turn 1,1,0.4849659518047098,0,0.4441669426768099,0.42633274603748256,0.44618276853082856,0.44864575889120334,0.44529014760387753,True,False,True
23,2,turn 2,2,0.42633274603748256,0,0.48726630728981024,0.3963518657356523,0.485779230852973,0.48187854072493197,0.48662293972012305,True,True,False
23,3,turn 3,3,0.38945447693579716,1,0.5146078187894473,0.3673202248715616,0.5108939091503096,0.5099999984926531,0.5127124422604369,True,True,False
23,4,turn 4,4,0.4265956911373304,0,0.5146078209616733,0.38300841246083583,0.5108939112219412,0.509999999999997,0.5127124443809726,True,True,False
23,5,turn 5,5,0.3812497307065112,0,0.5146078209616776,0.3650734685781871,0.5108939112219453,0.51,0.5127124443809767,True,True,False
23,6,turn 6,6,0.38385893408836325,0,0.5054771797085666,0.38072189408454593,0.5015256335332345,0.4955083655033006,0.5035940077367075,True,True,False
23,7,turn 7,7,0.38062348858486394,1,0.515093981688395,0.37962685347114355,0.5091937491665463,0.5021397841161971,0.5122146764804653,True,True,False
23,8,turn 8,8,0.5698314268309123,0,0.5367151371557676,0.5141091745786868,0.5263393496931412,0.5097832357866551,0.53010735438855,True,True,False
23,9,turn 9,9,0.4753741598539748,0,0.5316019304366493,0.41707748943065137,0.5267481918459572,0.5099993466683274,0.5274936224356479,True,True,False
23,10,turn 10,10,0.41707748943065137,0,0.5316049403953248,0.3845661510380137,0.5267493890727521,0.5099999986680052,0.5274955434132328,True,True,False
23,11,turn 11,11,0.3845661510380137,0,0.5316049525897308,0.36864767232271645,0.5267493917555089,0.5099999999972844,0.5274955492568925,True,True,False
23,12,turn 12,12,0.4064820770427297,1,0.5372603855478736,0.40157903910574694,0.5266999690386654,0.5099982839024723,0.530553208077299,True,True,False
24,2,turn 2,1,0.5536525903192294,0,0.5140944628198516,0.44643101251385653,0.5103968262916027,0.5096370919671118,0.5122073914024963,True,False,True
24,3,turn 3,2,0.5230116713496439,1,0.5136645961050191,0.4364500097482123,0.5115016910833643,0.5015787186644225,0.5129540498764003,True,True,False
24,4,turn 4,3,0.44643101251385653,1,0.5146067655203532,0.38945447693579716,0.5108928969559599,0.5099992606595668,0.512711410031713,True,True,False
24,5,turn 5,4,0.5189126368758927,1,0.5146078209596266,0.4265956911373304,0.51089391121996,0.5099999999985503,0.5127124443789594,True,True,False
24,6,turn 6,5,0.6070531876678076,1,0.5146078209616776,0.48957231550794983,0.5108939112219453,0.51,0.5127124443809767,True,True,False
25,3,turn 3,1,0.49519726301855826,0,0.46845262504987245,0.41803876916308136,0.46819319638061885,0.45083741981658654,0.4683933626575425,True,False,True
25,4,turn 4,2,0.4794232709778853,1,0.5208345828660426,0.4147761207113551,0.5186637305214052,0.50908766469299,0.5201157512304826,True,True,False
25,5,turn 5,3,0.5903276331251703,1,0.5239187123354123,0.4957186149741574,0.5202620080635318,0.5099999409265876,0.5225380395289227,True,True,False
25,6,turn 6,4,0.5197074803109916,1,0.5018972177901636,0.4556613976248941,0.5015742447304076,0.48023091856044575,0.5017971518917689,True,True,False
25,7,turn 7,5,0.7451241725858005,1,0.523918787414839,0.6613648914290048,0.5202620454796892,0.5099999999999987,0.5225380940917772,True,True,False
25,8,turn 8,6,0.528458602710305,0,0.5120450429207263,0.4423475149597565,0.5101960591716066,0.5097956716152707,0.5111014556118759,True,True,False
25,9,turn 9,7,0.44173890450257103,1,0.512302787692487,0.3819726236236679,0.5104457872708967,0.5099834897307033,0.5113550894116228,True,True,False
26,2,turn 2,1,0.5536525903192294,1,0.5140944628198516,0.44643101251385653,0.5103968262916027,0.5096370919671118,0.5122073914024963,True,False,True
26,3,turn 3,2,0.6240474581153961,1,0.5406420907193608,0.5078558760668948,0.5367274989655455,0.51382992745893,0.5379387560771236,True,True,False
26,4,turn 4,3,0.5842225355216766,1,0.5643750182158742,0.4846523861490204,0.5598519308566408,0.5336307146229238,0.5628791699135508,True,True,False
26,5,turn 5,4,0.6753840632285291,1,0.5652235015997915,0.5458041224801575,0.5604245293654391,0.5340526545882078,0.5635873366756099,True,True,False
26,6,turn 6,5,0.5970335284909356,1,0.47837803670013623,0.5117239844286167,0.47626560781108973,0.4590411534937181,0.4773665934374576,True,True,False
27,1,turn 1,1,0.6093675968203747,1,0.5772446514764276,0.4688013881281604,0.5743153816913991,0.5406824835101747,0.5708185654671403,True,False,True
27,2,turn 2,2,0.6821121997584809,1,0.5790069441958894,0.500513490383047,0.5760737916212612,0.5425192779123172,0.5725658214638281,True,True,False
27,3,turn 3,3,0.38752628419610363,0,0.4733917560421089,0.5860251978626791,0.4734063231804395,0.46916840720792286,0.4734829838352385,True,True,False
27,5,turn 5,4,0.5860251978626791,0,0.4738636691396123,0.5863492273365709,0.47385111138469527,0.49755906772569636,0.473786619517235,True,True,False
27,6,turn 6,5,0.7394690563206119,1,0.5790069607455891,0.5285453176928661,0.576073808680001,0.5425193134185922,0.5725658389758002,True,True,False
27,7,turn 7,6,0.5863492273365709,0,0.4738645655783469,0.5863500117555593,0.4738519563382412,0.5064943289312382,0.4737871970705932,True,True,False
27,8,turn 8,7,0.5863500117555593,1,0.47386456728301274,0.5863500136582328,0.4738519579449977,0.509913355337096,0.47378719816999093,True,True,False
27,9,turn 9,8,0.7492989705274453,1,0.7492467100183806,0.7497769062760091,0.7492518452706871,0.702197699961878,0.7489699902718078,True,True,False
28,1,turn 1,1,0.5803152201995405,0,0.5403854121477317,0.47161506388587665,0.5364789569873334,0.5136484737985314,0.5376862300808994,True,False,True
28,2,turn 2,2,0.47161506388587665,1,0.540923909527227,0.4164571913547359,0.5370010966225924,0.5140137119248279,0.5382135530108896,True,True,False
28,3,turn 3,3,0.5352101416719194,1,0.5409250896806157,0.44691263614147564,0.537002231171345,0.5140144637957444,0.5382147012426567,True,True,False
28,4,turn 4,4,0.6140337022586682,0,0.5409250896827913,0.4983678978556768,0.5370022311734519,0.514014463797207,0.5382147012447849,True,True,False
28,5,turn 5,5,0.4961141986788081,1,0.5409250896827913,0.42848128162840354,0.5370022311734519,0.514014463797207,0.5382147012447849,True,True,False
29,1,turn 1,1,0.38102508356905485,0,0.3440335462052237,0.377082346267218,0.34387047581308994,0.3438227570000395,0.34406906947833965,True,False,True
29,2,turn 2,2,0.4920300981735348,0,0.4971104066692362,0.43692295415179727,0.4939366356005198,0.471158717530273,0.4951784141711584,True,True,False
29,3,turn 3,3,0.43692295415179727,0,0.5151496497835859,0.410253190134653,0.5119099987271619,0.4890208083983157,0.5131965468982966,True,True,False
29,4,turn 4,4,0.410253190134653,0,0.5243754926403762,0.4011354751788351,0.521270306032895,0.4984169711180273,0.5224437038274375,True,True,False
29,5,turn 5,5,0.4011354751788351,0,0.5296670572461679,0.39840650719474746,0.5267344239729784,0.5039296214621531,0.5277637985197023,True,True,False
29,6,turn 6,6,0.39840650719474746,0,0.5328757967749922,0.39762306921028184,0.5301099051031423,0.5073530097536372,0.5310002520322008,True,True,False
29,7,turn 7,7,0.39762306921028184,0,0.5348874982805049,0.39740087378759675,0.5322684289987647,0.5095544427258045,0.5330362899337286,True,True,False
29,8,turn 8,8,0.39740087378759675,0,0.5361751941045989,0.39733807333156795,0.5336793855371048,0.511002009049158,0.5343442931449816,True,True,False
30,1,turn 1,1,0.5105373241231342,0,0.4766683466235914,0.44115417992062067,0.4767140037033582,0.4689781046187315,0.4768569704127863,True,False,True
30,2,turn 2,2,0.44115417992062067,1,0.5057697846584597,0.4045268284870929,0.5033032619543633,0.4912521179072506,0.5046893393856329,True,True,False
31,2,turn 2,1,0.4792412739772253,1,0.4535355104473956,0.4208734298714747,0.4540141748916642,0.4288121263229896,0.45413823388911545,True,False,True
31,3,turn 3,2,0.5475445525094367,1,0.4376602519450872,0.38473965233392593,0.4363227629839745,0.3728609321326185,0.42968108458218446,True,True,False
31,4,turn 4,3,0.4333583771985283,0,0.3627096871848076,0.3999476792890424,0.3685299782579692,0.36920701299451897,0.36949800195949084,True,True,False
31,5,turn 5,4,0.5136329742505151,0,0.47804920217651137,0.43279628792021524,0.47580559563214364,0.4587950473247411,0.47573799835947517,True,True,False
31,6,turn 6,5,0.4126633583507455,0,0.389968347622756,0.38679629691206213,0.38968346911753754,0.39471704018446185,0.38973870792976917,True,True,False
32,1,turn 1,1,0.49863523123942327,0,0.4407246539493659,0.3887266517602069,0.4383868192108717,0.40673085811396437,0.437767704285469,True,False,True
32,2,turn 2,2,0.3887266517602069,0,0.48681516551387527,0.3208802243510604,0.48350042269548626,0.4284975915452229,0.4814671398779497,True,True,False
32,3,turn 3,3,0.3208802243510604,0,0.503957654869375,0.28785586718713563,0.5006523853336827,0.44068511045263237,0.4982948560135175,True,True,False
32,4,turn 4,4,0.28785586718713563,0,0.5123863298211525,0.2728052749536279,0.5092250625792413,0.4482601364679127,0.5068638798657246,True,True,False
32,5,turn 5,5,0.4446010101173959,0,0.5123390941800098,0.3821277476646551,0.5108821981752582,0.49888445262824854,0.5118607764827593,True,True,False
32,6,turn 6,6,0.3821277476646551,1,0.5189131210592276,0.3615743301027394,0.5164919996128927,0.505780783614392,0.5180046010489314,True,True,False
32,7,turn 7,7,0.2771412784574698,1,0.5173936801809456,0.2695925700027783,0.5144082426576587,0.4587454288029698,0.5121493122701483,True,True,False
33,1,turn 1,1,0.5506600130667384,1,0.5236327629567817,0.46189985116248883,0.5204470553711725,0.4917812454110951,0.5225930274403473,True,False,True
33,2,turn 2,2,0.4866726604353069,0,0.4421094778760114,0.45474954733124456,0.44597369202685144,0.4487839900474833,0.4441760867766156,True,True,False
33,3,turn 3,3,0.6178268729834094,1,0.5468138127669725,0.5095516804838668,0.543614356159761,0.526014772153466,0.5457229922035934,True,True,False
33,4,turn 4,4,0.4880146677466916,1,0.4849629238019908,0.4624116188154467,0.48533278156585885,0.4818788896950972,0.4852672339514279,True,True,False
35,2,turn 2,1,0.5509294483275525,1,0.5381360247082109,0.45713591470252285,0.5349769232771976,0.5202586901669682,0.5372252745164328,True,False,True
35,3,turn 3,2,0.5226075184584227,0,0.49190970347787555,0.44359591443816127,0.4897068892243268,0.4588625515306126,0.4910056792622721,True,True,False
35,4,turn 4,3,0.3987099323792403,0,0.41891399089433656,0.36682958346191363,0.41850948263863874,0.3971422970654023,0.41883168663254133,True,True,False
35,5,turn 5,4,0.36682958346191363,1,0.46663952885902404,0.34542259009296994,0.46536804893875694,0.44859719539387233,0.4664146451272624,True,True,False
35,6,turn 6,5,0.5368369241662957,1,0.5468136394946244,0.44477739634089986,0.5436154815227329,0.5260257134881348,0.5457235607188559,True,True,False
35,7,turn 7,6,0.5404057940900832,1,0.44229327967288184,0.43407088867757165,0.4398184069076789,0.45028033132174033,0.458027747795843,True,True,False
37,2,turn 2,1,0.47651049835422593,0,0.4320305559525084,0.41098676685158464,0.431403463212533,0.3888432096015796,0.4315001256202657,True,False,True
37,3,turn 3,2,0.44294436386114117,1,0.49073154605686636,0.3731013722050586,0.49015032541550796,0.4455475332738242,0.4901569108423745,True,True,False
37,4,turn 4,3,0.5007625056431053,1,0.509993093646752,0.43877005646113515,0.5099925547561566,0.5098982124607425,0.5099925076645851,True,True,False
39,2,turn 2,1,0.41674200470573936,0,0.3681768016448746,0.385558505443692,0.3677641133451828,0.3562372733023336,0.3677911100560501,True,False,True
39,3,turn 3,2,0.385558505443692,1,0.4435383819363383,0.3553278398636066,0.4415772885406395,0.38360700561637534,0.43971390899716617,True,True,False
40,2,turn 2,1,0.5396006763799006,0,0.5196454962160767,0.45171991459677824,0.5168689096560493,0.495700234712426,0.5187374364147684,True,False,True
40,3,turn 3,2,0.45171991459677824,0,0.5342118363726376,0.4188690338091011,0.5307141935338621,0.5074349719099507,0.5329736033037722,True,True,False
40,4,turn 4,3,0.4188690338091011,0,0.5367923523224959,0.40252571866022036,0.5333477786337301,0.5121041668422146,0.5355662734944469,True,True,False
40,5,turn 5,4,0.40252571866022036,0,0.537426274847488,0.3945624392164511,0.5340192046636221,0.5147070369745688,0.5362118209243637,True,True,False
40,6,turn 6,5,0.3945624392164511,1,0.5375944934168144,0.3907516893010016,0.5342032273169915,0.5163200604811716,0.5363849763214276,True,True,False
41,2,turn 2,1,0.4253228837026044,0,0.45305807423069233,0.3676451247091018,0.452165524182645,0.45920393068188325,0.4381214144243163,True,False,True
41,5,turn 5,2,0.3676451247091018,0,0.48908347003151526,0.3371119013907896,0.48793433568126665,0.43843049947867435,0.4684719418921304,True,True,False
41,6,turn 6,3,0.47651049835422593,0,0.4320305559525084,0.41098676685158464,0.431403463212533,0.3888432096015796,0.4315001256202657,True,True,False
41,7,turn 7,4,0.46480345512457144,0,0.41869155366694205,0.4186186409841374,0.42554936118971565,0.4291317968227575,0.426730563958595,True,True,False
41,8,turn 8,5,0.41098676685158464,1,0.48871882025472546,0.34981067973921937,0.4878509439427612,0.4215250335878685,0.4878523748529894,True,True,False
41,9,turn 9,6,0.3371119013907896,1,0.5012444583085096,0.30079659913715573,0.5004208597931508,0.4154091887797312,0.4833958317851451,True,True,False
42,2,turn 2,1,0.5437745186346605,0,0.5570488903344353,0.5290861602687746,0.5541323507414638,0.5203070240770793,0.5506825076492324,True,False,True
42,3,turn 3,2,0.5718311969492008,0,0.46719590098745634,0.572145920014667,0.46718415545894987,0.48155901361493453,0.46711297889611736,True,True,False
42,4,turn 4,3,0.572145920014667,0,0.4671967734456926,0.5721466550577651,0.46718497643234735,0.48405299779529726,0.46711348773882233,True,True,False
42,5,turn 5,4,0.5721466550577651,0,0.4671967750831766,0.5721466567757413,0.46718497797316755,0.48446686663863237,0.4671134886937015,True,True,False
42,6,turn 6,5,0.5721466567757413,0,0.46719677508625,0.5721466567797566,0.46718497797605946,0.48453593426290603,0.4671134886954933,True,True,False
42,7,turn 7,6,0.48611110739972274,0,0.473624821093625,0.5861829277779617,0.47362562830001387,0.4784399061923369,0.4736188857243151,True,True,False
42,8,turn 8,7,0.5292438901840572,0,0.557604432124968,0.5288497414027421,0.5546654208390992,0.5297935089695076,0.5511217518900711,True,True,False
42,9,turn 9,8,0.5861829277779618,0,0.473864106189012,0.5863495957191205,0.47385152264325275,0.49905442127572375,0.47378687441692463,True,True,False
42,10,turn 10,9,0.5288497414027421,0,0.5576053456886708,0.5288489740647723,0.5546662952204318,0.5297941994921718,0.5511225810473156,True,True,False
43,2,turn 2,1,0.6093675968203747,1,0.5772446514764276,0.4688013881281604,0.5743153816913991,0.5406824835101747,0.5708185654671403,True,False,True
43,3,turn 3,2,0.558434876307869,1,0.541169011364299,0.4629958431449259,0.5381509833580943,0.520284653963861,0.5401747742160821,True,True,False
43,4,turn 4,3,0.6551119126234695,1,0.5468153600362182,0.5358885426262491,0.5436160370923955,0.5260346273656941,0.5457245808465232,True,True,False
44,2,turn 2,1,0.5282414614445144,1,0.5009964863218389,0.4585130839530498,0.500557524161112,0.4849719516870475,0.5013770812107868,True,False,True
44,3,turn 3,2,0.6041524055512425,1,0.5370426508060778,0.5436346913153102,0.5264993623223325,0.5098756474589444,0.5303485975031773,True,True,False
45,2,turn 2,1,0.5437309803441679,0,0.5139501519144261,0.44919779465100473,0.5099738868640512,0.5095077876620446,0.50945525422501,True,False,True
45,3,turn 3,2,0.44919779465100473,0,0.515546383754835,0.3692324768519211,0.5108199039637492,0.5099981604570176,0.5099987176664208,True,True,False
45,4,turn 4,3,0.44061039084628184,0,0.35222494590551306,0.4010691747390691,0.36423999462093276,0.37024345321525753,0.36616416888555,True,True,False
45,5,turn 5,4,0.4010691747390691,0,0.44125617387829047,0.37373649752159993,0.44694876324796934,0.4196761607220205,0.4388379159227583,True,True,False
45,6,turn 6,5,0.37373649752159993,0,0.48164920109792175,0.3568604159625896,0.48268078904205186,0.44665170988846853,0.4702333783918323,True,True,False
45,7,turn 7,6,0.3812173035472313,0,0.3819455061805297,0.4673068215395933,0.3825107604138643,0.424567286058301,0.41821623461431023,True,True,False
45,8,turn 8,7,0.4673068215395933,0,0.4655982661099859,0.5016502830595041,0.4624531800753465,0.45639584086610085,0.4548860307908853,True,True,False
45,9,turn 9,8,0.3692324768519211,0,0.5155566318272442,0.32030298576161587,0.5108228500701874,0.5099999931182041,0.509999996978034,True,True,False
46,2,turn 2,1,0.4881727932159219,1,0.4583349285637841,0.4126307548252403,0.45795935519291564,0.4315983224307286,0.45787274578386783,True,False,True
46,3,turn 3,2,0.5784365175390959,1,0.5099814638975132,0.507158889551631,0.5099806469086845,0.509899057614799,0.5099803355740837,True,True,False
46,4,turn 4,3,0.5316871977756068,0,0.4760741200825802,0.48742135981606827,0.47581864557242715,0.45904104974125526,0.47601036441066225,True,True,False
46,5,turn 5,4,0.6280146953866921,1,0.5099999978066104,0.5728935672080229,0.5099999975524017,0.5099998883120299,0.5099999974415357,True,True,False
46,6,turn 6,5,0.6655348967901605,1,0.5099999999992629,0.636892083744224,0.5099999999991491,0.5099999998844881,0.5099999999990972,True,True,False
47,2,turn 2,1,0.45669083206622907,0,0.4274866844195605,0.40599919582843924,0.42628152504436184,0.42556628625503107,0.42707548029359,True,False,True
47,3,turn 3,2,0.40599919582843924,0,0.47344901539896983,0.3853995753159177,0.47043865301303006,0.44421058130807883,0.4702836378152165,True,True,False
47,4,turn 4,3,0.3853995753159177,1,0.4911309988453465,0.37468118944448153,0.48801162709460566,0.45379537109431933,0.48762890152475813,True,True,False
48,1,turn 1,1,0.4835349681568623,0,0.44214825243859673,0.41639478118942574,0.44163730440023613,0.4080823069874376,0.44202074249394036,True,False,True
48,2,turn 2,2,0.41639478118942574,1,0.4937944355834495,0.35657682065660923,0.49314848946418754,0.45046183713076515,0.49359430378674296,True,True,False
48,3,turn 3,3,0.5032646151013805,1,0.509995623021601,0.43826401740565646,0.5099952920516104,0.5099542512634295,0.5099955198212556,True,True,False
49,2,turn 2,1,0.4835349681568623,1,0.44214825243859673,0.41639478118942574,0.44163730440023613,0.4080823069874376,0.44202074249394036,True,False,True
49,3,turn 3,2,0.5536525903192294,0,0.5140944628198516,0.44643101251385653,0.5103968262916027,0.5096370919671118,0.5122073914024963,True,True,False
49,4,turn 4,3,0.5230116713496439,0,0.5136645961050191,0.4364500097482123,0.5115016910833643,0.5015787186644225,0.5129540498764003,True,True,False
49,5,turn 5,4,0.45321726235968757,1,0.5377271495296708,0.44232434143165755,0.5305029776144534,0.5099991137252907,0.5350138846592941,True,True,False
49,6,turn 6,5,0.5570660075804235,0,0.5099795332182545,0.5032646151013805,0.5099786732836484,0.5099135542796718,0.5099792697479724,True,True,False
49,7,turn 7,6,0.5413519449141446,1,0.5378375728163579,0.5223118753093375,0.5305240907847187,0.5099999999982622,0.5350761873187663,True,True,False
49,8,turn 8,7,0.4745717525035133,1,0.5123006003108439,0.41325063671354134,0.5104434533521823,0.5099691339717747,0.5113528566456368,True,True,False
50,1,turn 1,1,0.5022245290092271,1,0.4593851915749561,0.4228015154056753,0.4577345842388895,0.429107837056757,0.4584025475476759,True,False,True
50,2,turn 2,2,0.5801628324654019,1,0.5115170680224397,0.5068125493873678,0.5102782749342453,0.5099043652921709,0.5108844383675782,True,True,False
51,1,turn 1,1,0.4835349681568623,0,0.44214825243859673,0.41639478118942574,0.44163730440023613,0.4080823069874376,0.44202074249394036,True,False,True
51,2,turn 2,2,0.41639478118942574,1,0.4937944355834495,0.35657682065660923,0.49314848946418754,0.45046183713076515,0.49359430378674296,True,True,False
51,3,turn 3,3,0.5032646151013805,0,0.509995623021601,0.43826401740565646,0.5099952920516104,0.5099542512634295,0.5099955198212556,True,True,False
51,4,turn 4,4,0.4719531771857698,0,0.5023779037628845,0.39708676372413787,0.5023738829734175,0.5017801257237876,0.5023823758063385,True,True,False
51,5,turn 5,5,0.3965699381259547,0,0.5095483237868885,0.35104308883446117,0.5095363978910055,0.5092938229178454,0.5095445235878842,True,True,False
51,6,turn 6,6,0.35068895400783295,0,0.5099724259344793,0.3270045010555553,0.5099709632320125,0.5099313219569703,0.5099719433974125,True,True,False
51,7,turn 7,7,0.29429931874616594,0,0.5099999760738693,0.2771920697259429,0.5099999706920246,0.5099886572108017,0.5099999744464767,True,True,False
51,8,turn 8,8,0.3181291602772537,1,0.5099983152589144,0.3105913400350559,0.5099981798141076,0.5099906914252934,0.5099982703258454,True,True,False
52,3,turn 3,1,0.5842225355216766,1,0.5643750182158742,0.4846523861490204,0.5598519308566408,0.5336307146229238,0.5628791699135508,True,False,True
52,6,turn 6,2,0.6753840632285291,0,0.5652235015997915,0.5458041224801575,0.5604245293654391,0.5340526545882078,0.5635873366756099,True,True,False
52,8,turn 8,3,0.5211765699458608,1,0.5652235041908529,0.4822887774925789,0.5604245304402095,0.5340526553733416,0.5635873383739782,True,True,False
53,1,turn 1,1,0.5185937792380458,1,0.47812135762922414,0.43141289685164114,0.47601706534591937,0.4588596994772747,0.47711406694821834,True,False,True
53,2,turn 2,2,0.5990915368656821,0,0.5122936765906821,0.5110886259886367,0.5104362917658376,0.5099567767837904,0.5113458565714584,True,True,False
53,3,turn 3,3,0.510417240088839,1,0.5123011280304784,0.4311180151650293,0.5104439604841804,0.5099695036412654,0.5113533738192579,True,True,False
54,2,turn 2,1,0.4499071407235263,1,0.4081938374861825,0.41131463037526717,0.4118030075851453,0.39786836640136625,0.4101968231495996,True,False,True
54,3,turn 3,2,0.5821279490996488,1,0.5292083816383997,0.5497417741369015,0.5182396588433907,0.5099123121197697,0.5232659978235846,True,True,False
54,4,turn 4,3,0.673901197300854,0,0.5292927668508919,0.6556213542276617,0.5183036916074063,0.5099999460887501,0.5233389357791447,True,True,False
54,5,turn 5,4,0.6030323824234847,1,0.5292927815151971,0.5743908193620502,0.5183037052589865,0.5099999651795353,0.5233389501526026,True,True,False
54,6,turn 6,5,0.6840845834550884,1,0.5292928126035815,0.6688755213617879,0.5183037230857983,0.5099999999781488,0.5233389734310703,True,True,False
54,7,turn 7,6,0.7166115633909229,1,0.5292928126214007,0.7099378470655333,0.5183037230951315,0.5099999999999861,0.5233389734438314,True,True,False
54,8,turn 8,7,0.7274826239190876,1,0.529292812621411,0.7247632086884395,0.5183037230951364,0.51,0.5233389734438385,True,True,False
54,9,turn 9,8,0.7309915610563931,1,0.529292812621411,0.7299111136694527,0.5183037230951364,0.51,0.5233389734438385,True,True,False
54,10,turn 10,9,0.7321431750538296,0,0.529292812621411,0.7317169912984177,0.5183037230951364,0.51,0.5233389734438385,True,True,False
55,2,turn 2,1,0.45760811944317514,0,0.4189392178997052,0.3750895858350118,0.414232598049641,0.4091897504552054,0.41337147872379837,True,False,True
55,3,turn 3,2,0.47623938707912256,1,0.48273117087009576,0.40938274949276854,0.47999357666287756,0.4578351962860028,0.48040484963093416,True,True,False
55,4,turn 4,3,0.5401622407276452,1,0.51228644475833,0.46573725249094766,0.510428381278261,0.5099406436097698,0.5113369917639387,True,True,False
55,5,turn 5,4,0.41413635086789935,0,0.40971154929261777,0.4019731776844377,0.40965136798841,0.4204685134880469,0.4097809825976821,True,True,False
55,6,turn 6,5,0.5810389061642652,0,0.5123039054318832,0.5165514971988628,0.5104469499352997,0.509999948985967,0.5113562161197113,True,True,False
55,7,turn 7,6,0.5158795361170448,1,0.5123039077128135,0.4425877703789337,0.510446952411864,0.5099999517806626,0.5113562187124782,True,True,False
56,2,turn 2,1,0.5536171034356602,1,0.5390198071604467,0.4605511979486163,0.5356768109700025,0.5176047166436731,0.5379166098949756,True,False,True
56,3,turn 3,2,0.6574834053005792,1,0.5445708894812604,0.537254393198223,0.5403430458407615,0.5220259703108063,0.5430624689178292,True,True,False
56,4,turn 4,3,0.7510345922980105,1,0.544571145794599,0.6340553349731037,0.5403432879469576,0.5220263276574875,0.5430627162217327,True,True,False
57,2,turn 2,1,0.5424178288767894,0,0.4836386610568302,0.40258553803411407,0.48206669855622797,0.4802461961758622,0.4934766646310556,True,False,True
57,3,turn 3,2,0.40258553803411407,1,0.5129211603155857,0.36235087546117795,0.5118484721175272,0.4947677139897826,0.5101839065182519,True,True,False
57,4,turn 4,3,0.5571322096394907,1,0.6346732288941764,0.5042704272155619,0.6289493202125778,0.5099847504202243,0.5160164642580946,True,True,False
57,5,turn 5,4,0.6947167501652293,0,0.6347718522763351,0.6395357676120584,0.6290435860992529,0.5099999896493336,0.5160179572575437,True,True,False
57,6,turn 6,5,0.44694580208549345,0,0.6347717157568694,0.4005571039642204,0.629043473960848,0.5099999926956871,0.5160179575437818,True,True,False
57,7,turn 7,6,0.39740484764639444,1,0.6347712035919207,0.3648088868183264,0.6290430979856202,0.5099999948454538,0.5160179576224443,True,True,False
59,2,turn 2,1,0.38418859223750274,0,0.4391052366744215,0.4993009315087013,0.43879048009576627,0.4332019598481797,0.43958856576875255,True,False,True
59,3,turn 3,2,0.4993009315087013,1,0.4989019680171859,0.4964751353973988,0.4959144724580713,0.47321645057765593,0.48840658814180493,True,True,False
60,2,turn 2,1,0.5137096006753448,1,0.3581231941499146,0.3854541829291817,0.3563699166877189,0.36946165978974355,0.3826395084147819,True,False,True
60,3,turn 3,2,0.6300756081450632,0,0.5693943812463114,0.552924690685863,0.5549824030689824,0.4734542137388049,0.4697167441885648,True,True,False
60,6,turn 6,3,0.5525480469004358,0,0.5182060729903839,0.42992130111409155,0.5098090736030949,0.45393979295192416,0.4493229054743557,True,True,False
60,8,turn 8,4,0.42948697574880434,1,0.4717574058495046,0.3154952306703719,0.4688641363800964,0.4295543486605659,0.4246896717552612,True,True,False
61,2,turn 2,1,0.44839972911870596,0,0.4218540033527563,0.41007409884241164,0.42144207200718387,0.4133337591126026,0.4213736322524212,True,False,True
61,3,turn 3,2,0.37672990292693476,1,0.3803954979622207,0.3623025332249986,0.37944654157493274,0.3684852177611963,0.3790821471237498,True,True,False
61,4,turn 4,3,0.45434672192796965,1,0.46593896450998507,0.4090703103098731,0.46556623716666246,0.4397427000736761,0.4654705244397619,True,True,False
61,5,turn 5,4,0.5079722516928932,0,0.5099819162335444,0.47496808578769434,0.5099811105660839,0.5098997171837634,0.5099807903835272,True,True,False
62,2,turn 2,1,0.5576663295396063,0,0.527882808668503,0.45861403010037666,0.5240866501700101,0.5096399440204498,0.52609900371655,True,False,True
62,3,turn 3,2,0.45861403010037666,0,0.5286917524580559,0.4051656154628857,0.5246221105565518,0.5099992664657274,0.5267667743741828,True,True,False
62,4,turn 4,3,0.4051656154628857,1,0.5286947500085302,0.3837217303397552,0.5246232989932182,0.5099999985044905,0.5267687010035775,True,True,False
64,2,turn 2,1,0.5451499852201162,0,0.5146135671765955,0.4574512529002849,0.51178234603255,0.4828504700797488,0.5138942331452191,True,False,True
64,3,turn 3,2,0.5264405127511355,1,0.5267932733843078,0.44444240264518625,0.5234514429334767,0.49261252195952426,0.5234758240675751,True,True,False
66,2,turn 2,1,0.6188645334430227,0,0.5738273464805863,0.49067488687142446,0.5690235202728344,0.5178766632992268,0.5604661653241869,True,False,True
66,3,turn 3,2,0.549672289804999,0,0.5945188606688891,0.478513931061288,0.5893843990977237,0.5262080249248748,0.5693346506287096,True,True,False
66,4,turn 4,3,0.4454123327856683,1,0.5744001684096396,0.4250539213560217,0.569579276304079,0.5182301708642485,0.560996022049222,True,True,False
67,2,turn 2,1,0.5185937792380458,0,0.47812135762922414,0.43141289685164114,0.47601706534591937,0.4588596994772747,0.47711406694821834,True,False,True
67,3,turn 3,2,0.43141289685164114,0,0.5042006005519013,0.3730156487962032,0.5020206932100737,0.480230548895166,0.5031528569092281,True,True,False
68,2,turn 2,1,0.5576663295396063,0,0.527882808668503,0.45861403010037666,0.5240866501700101,0.5096399440204498,0.52609900371655,True,False,True
68,3,turn 3,2,0.5039955901821559,0,0.457731537435264,0.40178611681197235,0.4552444082282663,0.4277501315021494,0.4557635416648334,True,True,False
68,4,turn 4,3,0.4719119282706325,1,0.5483491303624087,0.4361878349433379,0.5439130767698486,0.526034248216798,0.5466272841917426,True,True,False
70,2,turn 2,1,0.43228002586295855,0,0.3930908993219102,0.39673856372832184,0.39275389010666306,0.37595253199373857,0.39304490598614,True,False,True
70,3,turn 3,2,0.4370101530846585,1,0.4582321311527804,0.3861745234242616,0.45744905437396377,0.4302885995893923,0.4548379596060407,True,True,False
70,4,turn 4,3,0.4961305672521208,1,0.497576892224986,0.4372160623174311,0.4984270099050545,0.4989871958468435,0.49864623942644776,True,True,False
70,5,turn 5,4,0.4736146501133166,1,0.4687722253591163,0.44982303668483237,0.4676560911230624,0.4673287741892978,0.4685958791994415,True,True,False
71,1,turn 1,1,0.5282414614445144,0,0.5009964863218389,0.4585130839530498,0.500557524161112,0.4849719516870475,0.5013770812107868,True,False,True
71,2,turn 2,2,0.4585130839530498,1,0.5301221582087133,0.44078609414324127,0.5271706327011907,0.507287101593708,0.5292349706506826,True,True,False
71,3,turn 3,3,0.5506655776460311,1,0.5137332089785641,0.5088896527394984,0.5046851985775115,0.48362076573304696,0.507900720402641,True,True,False
72,1,turn 1,1,0.5740325537875275,0,0.5476148330838667,0.4719119282706325,0.543366896001628,0.5256328404043198,0.5459885770765326,True,False,True
72,2,turn 2,2,0.4719119282706325,1,0.5483491303624087,0.4361878349433379,0.5439130767698486,0.526034248216798,0.5466272841917426,True,True,False
72,3,turn 3,3,0.5368402939454026,1,0.548351609780474,0.4827865295043861,0.5439143240334636,0.5260351035817464,0.5466290403756496,True,True,False
73,2,turn 2,1,0.44969858010493124,0,0.37707192813262486,0.3714217179052649,0.3770758497316685,0.3696026871799799,0.3801174960695691,True,False,True
73,3,turn 3,2,0.5159457038734676,1,0.5021241237240384,0.3989346082555778,0.5021264488335746,0.5016243682698154,0.41739776194689654,True,True,False
73,4,turn 4,3,0.537389346281882,1,0.501897217292452,0.4304355652105282,0.5015742442451585,0.4802309182281002,0.4655096812991617,True,True,False
74,1,turn 1,1,0.5842225355216766,1,0.5643750182158742,0.4846523861490204,0.5598519308566408,0.5336307146229238,0.5628791699135508,True,False,True
74,2,turn 2,2,0.49519726301855826,0,0.46845262504987245,0.41803876916308136,0.46819319638061885,0.45083741981658654,0.4683933626575425,True,True,False
74,3,turn 3,3,0.41803876916308136,0,0.5014457033833223,0.36645589985981597,0.5011108283506354,0.4795361309168179,0.5013418446580261,True,True,False
74,4,turn 4,4,0.4364121791647627,0,0.3785034792079921,0.3748631347222213,0.3777621729706621,0.37088708788599734,0.3769928262063867,True,True,False
74,5,turn 5,5,0.36645589985981597,0,0.5078397728584296,0.33654506645266485,0.5076829725811937,0.49120776461808346,0.5077907552254273,True,True,False
74,6,turn 6,6,0.3748631347222213,1,0.45531218545459,0.33728152807844675,0.45336982381565555,0.4205717103995812,0.4511236817184475,True,True,False
75,2,turn 2,1,0.5115693094354095,1,0.46800366114313585,0.4260048825138001,0.4657832241582162,0.43962060209141673,0.46659345007454367,True,False,True
75,3,turn 3,2,0.5917112449078911,0,0.5122858354245323,0.5085865165303614,0.5104280757595436,0.5098997707984204,0.5113370226773811,True,True,False
75,4,turn 4,3,0.5081207448351379,0,0.5122975305934923,0.43206257505300993,0.5104400653404704,0.5098922072286889,0.5113491150560476,True,True,False
75,5,turn 5,4,0.4317523501811007,0,0.5123016584260709,0.3772985952303831,0.5104444407944824,0.5098840760585192,0.511353591127117,True,True,False
75,6,turn 6,5,0.37712509642694053,0,0.5123031155080346,0.34053079652943685,0.5104460377346971,0.5098753356616803,0.5113552481520814,True,True,False
75,7,turn 7,6,0.3404337965107957,0,0.5123036298546624,0.3171904934441093,0.510446620595534,0.5098659410394546,0.5113558615920908,True,True,False
75,8,turn 8,7,0.31713660833944457,0,0.5123038114193164,0.30346345456247603,0.5104468333334783,0.5098558439696095,0.511356088693155,True,True,False
76,2,turn 2,1,0.4866268515295687,0,0.4529393698553883,0.41388543027996877,0.4525186715953558,0.4237596506162982,0.4525887446872254,True,False,True
76,3,turn 3,2,0.44520501891473496,0,0.504776701560384,0.38229340022528724,0.5032573372320832,0.4653063491404293,0.503984063041736,True,True,False
76,4,turn 4,3,0.38229340022528724,1,0.513644400519556,0.3522613679863568,0.5115956307510934,0.47512720204465025,0.5127065997506075,True,True,False
77,2,turn 2,1,0.5342698133201187,0,0.5182140760891513,0.4452399024118169,0.5162627812047095,0.5016176643597616,0.5173782994258742,True,False,True
77,3,turn 3,2,0.49908160236900123,1,0.5463175308311826,0.431906485888047,0.543117293019697,0.5254094433822728,0.5452264160141532,True,True,False
77,4,turn 4,3,0.5907469863590737,1,0.5468156514132548,0.4907863824008986,0.5436163346487387,0.5260350641943038,0.5457248738943139,True,True,False
77,5,turn 5,4,0.6899833387950415,1,0.5468156694666138,0.576619481380353,0.543616353627394,0.52603510358007,0.5457248922517843,True,True,False
78,2,turn 2,1,0.47651049835422593,0,0.4320305559525084,0.41098676685158464,0.431403463212533,0.3888432096015796,0.4315001256202657,True,False,True
78,3,turn 3,2,0.41098676685158464,0,0.48871882025472546,0.34981067973921937,0.4878509439427612,0.4215250335878685,0.4878523748529894,True,True,False
78,4,turn 4,3,0.34981067973921937,0,0.5034527563434408,0.303714692374341,0.5029687572935357,0.4403154882871466,0.5029342672818959,True,True,False
78,5,turn 5,4,0.303714692374341,0,0.5078943396916094,0.2742765003540256,0.5076649068528145,0.4523378859542704,0.5076329053565789,True,True,False
78,6,turn 6,5,0.2742765003540256,1,0.5093070380896463,0.2574196767846172,0.5092059924553504,0.46055173259554044,0.5091854652686069,True,True,False
78,7,turn 7,6,0.3243397156158819,1,0.509999776493697,0.2894426571603711,0.5099997351525875,0.5099433707540353,0.509999724307926,True,True,False
79,2,turn 2,1,0.5226075184584227,0,0.49190970347787555,0.44359591443816127,0.4897068892243268,0.4588625515306126,0.4910056792622721,True,False,True
79,3,turn 3,2,0.5729643935512018,0,0.5598255382317422,0.47586249348541576,0.5550908407352956,0.5335917689275846,0.5584549203640768,True,True,False
79,4,turn 4,3,0.47586249348541576,1,0.5626955178503925,0.47027830766794987,0.5564989934054478,0.534051662722115,0.5606810942430781,True,True,False
79,5,turn 5,4,0.5314042324321916,1,0.5073330103775051,0.4498170145788949,0.5046969200070899,0.501654202881796,0.5042170412389123,True,True,False
79,6,turn 6,5,0.6157391717063396,1,0.5152136388619823,0.5343559949647605,0.5125725715038385,0.509999286181622,0.5120825987010744,True,True,False
80,2,turn 2,1,0.5452564091183569,1,0.5044123069571043,0.45659694822366126,0.5020991960416502,0.46287108130869437,0.5025929056266215,True,False,True
80,3,turn 3,2,0.6178809943569639,0,0.5386109453116792,0.5273861307846632,0.5365446117159446,0.5139712405805619,0.5368481134382936,True,True,False
80,4,turn 4,3,0.5509294483275525,0,0.5381360247082109,0.45713591470252285,0.5349769232771976,0.5202586901669682,0.5372252745164328,True,True,False
80,5,turn 5,4,0.45713591470252285,0,0.5448293356279934,0.4389638647996408,0.5406903846826596,0.5255712500490336,0.5434838580051552,True,True,False
80,6,turn 6,5,0.4389638647996408,0,0.545148491509893,0.43290232345097035,0.5409874299909948,0.5259946747791985,0.5437896256846685,True,True,False
80,7,turn 7,6,0.43290232345097035,1,0.5451664890369843,0.43084023589223636,0.5410056085886161,0.5260315659486596,0.5438074757839364,True,True,False
80,8,turn 8,7,0.5269435371089854,0,0.5386183967514669,0.45185810242612956,0.536552280435565,0.5139839674384594,0.5368556306829547,True,True,False
80,9,turn 9,8,0.4514787825510489,0,0.5386204226335911,0.40308405984804213,0.5365544342647197,0.513992945643329,0.5368576962889118,True,True,False
81,2,turn 2,1,0.5842225355216766,1,0.5643750182158742,0.4846523861490204,0.5598519308566408,0.5336307146229238,0.5628791699135508,True,False,True
81,3,turn 3,2,0.6753840632285291,1,0.5652235015997915,0.5458041224801575,0.5604245293654391,0.5340526545882078,0.5635873366756099,True,True,False
81,4,turn 4,3,0.6069778500798516,1,0.5666763614756118,0.4967991152578968,0.5625610876830642,0.5176598556299511,0.5631650687593026,True,True,False
81,5,turn 5,4,0.7595982491182752,0,0.5652235042014738,0.6229881685979988,0.560424530442776,0.5340526553750411,0.5635873383792755,True,True,False
81,6,turn 6,5,0.4835349681568623,0,0.44214825243859673,0.41639478118942574,0.44163730440023613,0.4080823069874376,0.44202074249394036,True,True,False
81,7,turn 7,6,0.41639478118942574,1,0.4937944355834495,0.35657682065660923,0.49314848946418754,0.45046183713076515,0.49359430378674296,True,True,False
82,2,turn 2,1,0.5918076403744016,0,0.5651421326357867,0.4887012958519792,0.5607549831321151,0.5283070949585996,0.5629744695288014,True,False,True
82,3,turn 3,2,0.5361392576053119,0,0.47783286949356857,0.4177343796646852,0.47386523322800095,0.4107554549305052,0.4615595179849594,True,True,False
82,4,turn 4,3,0.5824827004960723,1,0.6429563272606503,0.5117482292153293,0.6373911467489839,0.5273429329859127,0.6155570026019956,True,True,False
82,5,turn 5,4,0.4924373426093735,0,0.5019473974503197,0.4559576933094928,0.501977291701374,0.5008895067070458,0.5020797799582356,True,True,False
82,6,turn 6,5,0.4846523861490204,1,0.5652203127834364,0.4595545139471082,0.5604231666767929,0.5340517419954136,0.5635852212717574,True,True,False
83,2,turn 2,1,0.47651049835422593,1,0.4320305559525084,0.41098676685158464,0.431403463212533,0.3888432096015796,0.4315001256202657,True,False,True
83,3,turn 3,2,0.5510080071881648,0,0.5113459489746869,0.48265200793335566,0.5101125802821039,0.5097833961852385,0.5107160877034288,True,True,False
83,4,turn 4,3,0.48242100233093144,0,0.5115294802830166,0.4218123965647765,0.5102910420551164,0.5099075608007929,0.5108971663414712,True,True,False
83,5,turn 5,4,0.4215547716667956,1,0.5115339338477328,0.3715616920864065,0.5102957323072731,0.5099083714339804,0.5109018715343113,True,True,False
84,2,turn 2,1,0.5414961778747888,1,0.5187790584240548,0.45681035894822886,0.5157234380208657,0.5043170672791265,0.5161415661694762,True,False,True
84,3,turn 3,2,0.4253228837026044,0,0.45305807423069233,0.3676451247091018,0.452165524182645,0.45920393068188325,0.4381214144243163,True,True,False
84,4,turn 4,3,0.3676451247091018,0,0.48908347003151526,0.3371119013907896,0.48793433568126665,0.43843049947867435,0.4684719418921304,True,True,False
84,5,turn 5,4,0.6269322541544677,1,0.5244029923299305,0.5411486195606586,0.5211659446394544,0.5099995238874512,0.5216633881186014,True,True,False
84,6,turn 6,5,0.5163637498735145,0,0.4995541566713986,0.44268295094010524,0.49841630731127484,0.4987639640461511,0.498376106628325,True,True,False
84,7,turn 7,6,0.44268295094010524,0,0.516999458295258,0.3917601177180515,0.5118889826471869,0.5088204795342973,0.510229413096283,True,True,False
84,8,turn 8,7,0.3917601177180515,0,0.5193808358487033,0.36334215676158343,0.5133696812784281,0.5098685615529296,0.5114025609120565,True,True,False
84,9,turn 9,8,0.36334215676158343,0,0.5197471266677783,0.34985453073413486,0.5135474267833702,0.5099852800248054,0.5115274810790158,True,True,False
84,10,turn 10,9,0.34985453073413486,0,0.5198042295224774,0.34400748214685656,0.5135689299897447,0.5099983506638022,0.5115408607987018,True,True,False
85,2,turn 2,1,0.4835349681568623,0,0.44214825243859673,0.41639478118942574,0.44163730440023613,0.4080823069874376,0.44202074249394036,True,False,True
85,3,turn 3,2,0.41639478118942574,1,0.4937944355834495,0.35657682065660923,0.49314848946418754,0.45046183713076515,0.49359430378674296,True,True,False
86,1,turn 1,1,0.5105373241231342,0,0.4766683466235914,0.44115417992062067,0.4767140037033582,0.4689781046187315,0.4768569704127863,True,False,True
86,2,turn 2,2,0.5230116713496439,0,0.5136645961050191,0.4364500097482123,0.5115016910833643,0.5015787186644225,0.5129540498764003,True,True,False
86,3,turn 3,3,0.5299911323215287,0,0.5624030157221325,0.4704160330214008,0.5562151826396586,0.5338088734486753,0.560390804227896,True,True,False
86,4,turn 4,4,0.46242102618555264,0,0.5467019616213946,0.4429567502621121,0.5413039332592761,0.5260344901905314,0.5447116357106151,True,True,False
86,5,turn 5,5,0.4045686170362671,0,0.5118523949863212,0.37182760196729214,0.5099835381936965,0.5093052115977619,0.510900913894873,True,True,False
86,6,turn 6,6,0.41396249261294216,1,0.5374060207713898,0.40577338953994246,0.5344441025217574,0.525994675380478,0.5363353760524548,True,True,False
87,2,turn 2,1,0.5185937792380458,0,0.47812135762922414,0.43141289685164114,0.47601706534591937,0.4588596994772747,0.47711406694821834,True,False,True
87,3,turn 3,2,0.43141289685164114,0,0.5042006005519013,0.3730156487962032,0.5020206932100737,0.480230548895166,0.5031528569092281,True,True,False
87,4,turn 4,3,0.3730156487962032,0,0.5101712123223174,0.34055930600590184,0.5081589117549241,0.4912684049249014,0.5091749864659738,True,True,False
87,5,turn 5,4,0.34055930600590184,0,0.5117290123565161,0.32378819293305655,0.5098102083450466,0.49772024351340827,0.5107620761559413,True,True,False
87,6,turn 6,5,0.32378819293305655,0,0.5121479556458296,0.3154205551499736,0.5102685617904913,0.5017479602779472,0.5111933370382227,True,True,False
87,7,turn 7,6,0.3154205551499736,0,0.5122615317132472,0.3113216258782028,0.5103968826045433,0.5043664062075073,0.5113114886695839,True,True,False
87,8,turn 8,7,0.3113216258782028,0,0.5122923892454626,0.3093297284794131,0.5104328933585894,0.5061138154662939,0.5113439309980973,True,True,False
87,9,turn 9,8,0.3093297284794131,0,0.5123007778842652,0.3083638514932866,0.510443005858004,0.5073003976324455,0.5113528445575384,True,True,False
87,10,turn 10,9,0.3083638514932866,0,0.5123030587060973,0.3078952629750754,0.5104458461733095,0.5081156929968946,0.5113552939795357,True,True,False
87,11,turn 11,10,0.3078952629750754,0,0.5123036788752211,0.3076676137431651,0.5104466439797877,0.5086804211436148,0.5113559671052855,True,True,False
88,2,turn 2,1,0.47651049835422593,1,0.4320305559525084,0.41098676685158464,0.431403463212533,0.3888432096015796,0.4315001256202657,True,False,True
88,3,turn 3,2,0.5496857156226325,1,0.5099716920521047,0.5007625056431053,0.5099704572773545,0.5098565482943018,0.509970435853895,True,True,False
88,4,turn 4,3,0.5904743899350009,1,0.509999991187053,0.564297446201063,0.5099999904915128,0.5099998669076368,0.509999990424056,True,True,False
89,2,turn 2,1,0.44911795791308656,0,0.38744738631381215,0.4084207004654916,0.3929948069523364,0.3901794076316385,0.39112289215544416,True,False,True
89,3,turn 3,2,0.5163637498735145,0,0.4995541566713986,0.44268295094010524,0.49841630731127484,0.4987639640461511,0.498376106628325,True,True,False
89,4,turn 4,3,0.4253228837026044,0,0.45305807423069233,0.3676451247091018,0.452165524182645,0.45920393068188325,0.4381214144243163,True,True,False
89,5,turn 5,4,0.44268295094010524,0,0.516999458295258,0.3917601177180515,0.5118889826471869,0.5088204795342973,0.510229413096283,True,True,False
89,6,turn 6,5,0.3676451247091018,0,0.48908347003151526,0.3371119013907896,0.48793433568126665,0.43843049947867435,0.4684719418921304,True,True,False
89,7,turn 7,6,0.4084207004654916,0,0.4626582272934701,0.3695286883393102,0.4649161163853758,0.4047633596447522,0.45673864846859935,True,True,False
89,8,turn 8,7,0.3917601177180515,1,0.5193808358487033,0.36334215676158343,0.5133696812784281,0.5098685615529296,0.5114025609120565,True,True,False
91,2,turn 2,1,0.47213251954519153,0,0.4240491351385772,0.41305447477921325,0.43113501579648844,0.41654028314741315,0.43785231097499855,True,False,True
91,3,turn 3,2,0.41305447477921325,1,0.4766465638787749,0.36345724939624846,0.48146128478731487,0.4310798625464137,0.48373254579775593,True,True,False
92,2,turn 2,1,0.5185937792380458,0,0.47812135762922414,0.43141289685164114,0.47601706534591937,0.4588596994772747,0.47711406694821834,True,False,True
92,3,turn 3,2,0.43141289685164114,0,0.5042006005519013,0.3730156487962032,0.5020206932100737,0.480230548895166,0.5031528569092281,True,True,False
92,4,turn 4,3,0.3730156487962032,0,0.5101712123223174,0.34055930600590184,0.5081589117549241,0.4912684049249014,0.5091749864659738,True,True,False
92,5,turn 5,4,0.34055930600590184,1,0.5117290123565161,0.32378819293305655,0.5098102083450466,0.49772024351340827,0.5107620761559413,True,True,False
94,2,turn 2,1,0.45482066585381853,0,0.40767134045134945,0.4076104825142207,0.4072286331476209,0.388126439880609,0.40742628876368603,True,False,True
94,3,turn 3,2,0.46162716953483995,0,0.49427571662229886,0.38812978889667316,0.4939487889125945,0.47202718488825035,0.4941801433039438,True,True,False
94,4,turn 4,3,0.4126633583507455,0,0.389968347622756,0.38679629691206213,0.38968346911753754,0.39471704018446185,0.38973870792976917,True,True,False
94,5,turn 5,4,0.45896712096046866,0,0.43578192997921666,0.3262998217371238,0.4342828155106699,0.4075007903955336,0.42769306065133617,True,True,False
94,7,turn 7,5,0.3563122854896289,0,0.48010904133808274,0.3300570870622902,0.47915841625326583,0.4457368938173918,0.4787070078973126,True,True,False
94,8,turn 8,6,0.3132904719934527,0,0.46921238993342684,0.24940703713716472,0.4678899528721223,0.42959792128260527,0.4596906594806053,True,True,False
94,9,turn 9,7,0.32290885498461064,1,0.49560308889900684,0.3074380445772461,0.4947934514182192,0.4638314301408274,0.49432595555989445,True,True,False
95,2,turn 2,1,0.5536525903192294,1,0.5140944628198516,0.44643101251385653,0.5103968262916027,0.5096370919671118,0.5122073914024963,True,False,True
95,3,turn 3,2,0.6411170661509407,1,0.5146078199631098,0.5189126368758927,0.5108939102480268,0.509999999287909,0.5127124433949445,True,True,False
95,4,turn 4,3,0.710532088825009,0,0.5146078209616757,0.6070531876678076,0.5108939112219434,0.5099999999999986,0.5127124443809749,True,True,False
95,5,turn 5,4,0.6058541536390927,0,0.5146078209616776,0.4864068841402334,0.5108939112219453,0.51,0.5127124443809767,True,True,False
95,6,turn 6,5,0.4853904028252902,1,0.5146078209616776,0.40791591857145465,0.5108939112219453,0.51,0.5127124443809767,True,True,False
95,7,turn 7,6,0.5695607250022277,1,0.5146078209616776,0.4593323764234225,0.5108939112219453,0.51,0.5127124443809767,True,True,False
96,2,turn 2,1,0.5536171034356602,1,0.5390198071604467,0.4605511979486163,0.5356768109700025,0.5176047166436731,0.5379166098949756,True,False,True
96,3,turn 3,2,0.4576492535085695,0,0.47760797393868054,0.5810384170105816,0.47854401437429345,0.46330306392087944,0.4853980506358506,True,True,False
96,4,turn 4,3,0.5810384170105816,1,0.542974698720367,0.5658554498643057,0.5419460422451962,0.5063372662139288,0.5432491897473192,True,True,False
96,5,turn 5,4,0.6574834053005792,1,0.5445708894812604,0.537254393198223,0.5403430458407615,0.5220259703108063,0.5430624689178292,True,True,False
98,2,turn 2,1,0.5185937792380458,1,0.47812135762922414,0.43141289685164114,0.47601706534591937,0.4588596994772747,0.47711406694821834,True,False,True
98,3,turn 3,2,0.5990915368656821,0,0.5122936765906821,0.5110886259886367,0.5104362917658376,0.5099567767837904,0.5113458565714584,True,True,False
98,4,turn 4,3,0.44839972911870596,0,0.4218540033527563,0.41007409884241164,0.42144207200718387,0.4133337591126026,0.4213736322524212,True,True,False
98,5,turn 5,4,0.6229559063839385,1,0.6047422438565581,0.4655222514996896,0.6016224102812022,0.5552674616739917,0.5908799265065459,True,True,False
99,2,turn 2,1,0.5051697904169591,0,0.4830806838921528,0.4261595906700561,0.4813910013971861,0.4575871831815222,0.4822958694997972,True,False,True
99,3,turn 3,2,0.44455686033530295,0,0.4628957286822991,0.3797196600056276,0.4620953514107855,0.40033526851620477,0.4620655942065881,True,True,False
99,4,turn 4,3,0.3797196600056276,0,0.4974826712075717,0.3251039091325246,0.4968310448458602,0.42927800117395426,0.4969126538395121,True,True,False
100,2,turn 2,1,0.5185937792380458,1,0.47812135762922414,0.43141289685164114,0.47601706534591937,0.4588596994772747,0.47711406694821834,True,False,True
100,3,turn 3,2,0.5990915368656821,1,0.5122936765906821,0.5110886259886367,0.5104362917658376,0.5099567767837904,0.5113458565714584,True,True,False
100,4,turn 4,3,0.6558207206503298,1,0.512303907804609,0.5886000708136114,0.5104469527301754,0.5099999706600996,0.5113562194508514,True,True,False
100,5,turn 5,4,0.6878946006636304,1,0.512303910480139,0.6468150722942512,0.5104469556101945,0.5099999999800873,0.5113562221897643,True,True,False
100,6,turn 6,5,0.7037649013202266,1,0.5123039104808386,0.6822356194208185,0.5104469556109724,0.5099999999999865,0.5113562221904882,True,True,False
101,2,turn 2,1,0.4849659518047098,1,0.4441669426768099,0.42633274603748256,0.44618276853082856,0.44864575889120334,0.44529014760387753,True,False,True
101,3,turn 3,2,0.6241534783849074,1,0.5315225250108273,0.5575657850241577,0.5186972773255799,0.5099555346238884,0.5246325846470707,True,True,False
101,4,turn 4,3,0.6214406726233898,1,0.5367219055550859,0.5639480247346191,0.5263428715593337,0.5097862066829811,0.5301121975749484,True,True,False
101,5,turn 5,4,0.6899175336255722,0,0.5372651750911656,0.6363479067854599,0.5267020758438948,0.5099999995715119,0.5305563473387256,True,True,False
101,6,turn 6,5,0.6166747224543506,1,0.5372651768234795,0.563981815970959,0.5267020765634521,0.5099999999939455,0.5305563484677167,True,True,False
102,2,turn 2,1,0.5536171034356602,0,0.5390198071604467,0.4605511979486163,0.5356768109700025,0.5176047166436731,0.5379166098949756,True,False,True
102,3,turn 3,2,0.4605511979486163,1,0.5443161865699346,0.43444208709722415,0.5401056195512807,0.5216782556047471,0.5428184281830295,True,True,False
102,4,turn 4,3,0.537254393198223,0,0.5445711320131478,0.4985402644298339,0.5403432739265884,0.5220262983629957,0.5430627024982135,True,True,False
102,6,turn 6,4,0.4608231284716367,1,0.5445711449862949,0.441671675451152,0.5403432870842138,0.522026325120929,0.543062715399065,True,True,False
103,2,turn 2,1,0.48743421866315934,1,0.46718953824793547,0.426378166352511,0.46832403097892766,0.4636039543813799,0.4680936678526864,True,False,True
103,3,turn 3,2,0.5684308233963623,1,0.5001948531354045,0.5095570324267601,0.4927123337832258,0.4759973166226572,0.4961908458604956,True,True,False
104,2,turn 2,1,0.5842225355216766,1,0.5643750182158742,0.4846523861490204,0.5598519308566408,0.5336307146229238,0.5628791699135508,True,False,True
104,3,turn 3,2,0.6299773037586972,0,0.5543397325828243,0.5149418357733342,0.5497011175122019,0.5258900712865083,0.5527722634276252,True,True,False
104,4,turn 4,3,0.5452564091183569,1,0.5044123069571043,0.45659694822366126,0.5020991960416502,0.46287108130869437,0.5025929056266215,True,True,False
105,2,turn 2,1,0.5226075184584227,0,0.49190970347787555,0.44359591443816127,0.4897068892243268,0.4588625515306126,0.4910056792622721,True,False,True
105,3,turn 3,2,0.6069778500798516,1,0.5666763614756118,0.4967991152578968,0.5625610876830642,0.5176598556299511,0.5631650687593026,True,True,False
105,4,turn 4,3,0.44359591443816127,1,0.518285587489604,0.38872678732329174,0.5157499068106657,0.4802305547013265,0.5172082212516977,True,True,False
105,5,turn 5,4,0.6786959811335044,1,0.567242357405104,0.551507646467946,0.5631105501482407,0.5180289268814519,0.5637169571286149,True,True,False
105,6,turn 6,5,0.4629676281661582,0,0.42298040546070537,0.4263453754152453,0.422831866682813,0.39967596119183213,0.4231187173141351,True,True,False
105,7,turn 7,6,0.4263453754152453,0,0.4781022841241361,0.3823490226702204,0.477158766653602,0.4198710235697579,0.47641089398720593,True,True,False
106,1,turn 1,1,0.5740325537875275,1,0.5476148330838667,0.4719119282706325,0.543366896001628,0.5256328404043198,0.5459885770765326,True,False,True
106,2,turn 2,2,0.701449707406334,1,0.5876653039337562,0.5368743762078598,0.582496367820192,0.5581053098773066,0.5863497063975648,True,True,False
106,3,turn 3,3,0.72653255419068,1,0.565223502099232,0.5787635291632607,0.5604245298543147,0.5340526550245963,0.5635873371723791,True,True,False
106,4,turn 4,4,0.6411170661509407,0,0.5146078199631098,0.5189126368758927,0.5108939102480268,0.509999999287909,0.5127124433949445,True,True,False
106,5,turn 5,5,0.518121987684508,0,0.5146078209596224,0.4251892338387731,0.5108939112199561,0.5099999999985483,0.5127124443789554,True,True,False
107,2,turn 2,1,0.5536525903192294,0,0.5140944628198516,0.44643101251385653,0.5103968262916027,0.5096370919671118,0.5122073914024963,True,False,True
107,3,turn 3,2,0.44643101251385653,1,0.5146067655203532,0.38945447693579716,0.5108928969559599,0.5099992606595668,0.512711410031713,True,True,False
107,5,turn 5,3,0.5189126368758927,0,0.5146078209596266,0.4265956911373304,0.51089391121996,0.5099999999985503,0.5127124443789594,True,True,False
108,2,turn 2,1,0.43160424841769357,1,0.4006165182373107,0.39305711544595595,0.40017885341996823,0.38634606419488177,0.4001523082020431,True,False,True
108,3,turn 3,2,0.5043472062346045,0,0.4583956720270699,0.464154946529697,0.46794234347089775,0.4642322905869405,0.47669866950762435,True,True,False
108,4,turn 4,3,0.46855324493820083,0,0.48708848091511436,0.4101074974343084,0.4941446067395872,0.46524489164929506,0.4976659456699986,True,True,False
108,5,turn 5,4,0.4139716794510486,1,0.40649878510624654,0.3610656795270639,0.47120062756321995,0.4052592189689716,0.47062913224285013,True,True,False
108,6,turn 6,5,0.4491617319021695,1,0.4545765515266505,0.4395881589689841,0.45451747919881796,0.4544200455501855,0.454577949684491,True,True,False
109,2,turn 2,1,0.47651049835422593,1,0.4320305559525084,0.41098676685158464,0.431403463212533,0.3888432096015796,0.4315001256202657,True,False,True
109,3,turn 3,2,0.5496857156226325,0,0.5099716920521047,0.5007625056431053,0.5099704572773545,0.5098565482943018,0.509970435853895,True,True,False
109,4,turn 4,3,0.500415997239469,1,0.5099908376643483,0.4379913563792661,0.5099901146046948,0.5098617108714059,0.5099900444963502,True,True,False
109,5,turn 5,4,0.5640841479275335,1,0.5099999971063418,0.5222121534201273,0.5099999967721176,0.5099998677143336,0.5099999967166026,True,True,False
110,2,turn 2,1,0.43228002586295855,1,0.3930908993219102,0.39673856372832184,0.39275389010666306,0.37595253199373857,0.39304490598614,True,False,True
110,3,turn 3,2,0.5180347895462173,1,0.5099110792015762,0.48676572866266066,0.5099084605526517,0.509875258670059,0.5099106233296892,True,True,False
110,4,turn 4,3,0.6255137730975427,0,0.5099999469754717,0.6038584323393579,0.5099999440080254,0.5099999167247152,0.5099999464802359,True,True,False
110,5,turn 5,4,0.5382568626163309,0,0.5023784981028796,0.47042247442703755,0.502374543371307,0.5017962456181336,0.5023829906576796,True,True,False
110,6,turn 6,5,0.4509217915963595,1,0.5099999663156263,0.4191558123632657,0.5099999635189101,0.5099999482959554,0.5099999658694934,True,True,False
110,7,turn 7,6,0.5302744112583183,1,0.5099999999785285,0.5084820797933672,0.5099999999761384,0.5099999999655495,0.5099999999781497,True,True,False
112,1,turn 1,1,0.6093675968203747,0,0.5772446514764276,0.4688013881281604,0.5743153816913991,0.5406824835101747,0.5708185654671403,True,False,True
112,2,turn 2,2,0.43752659554294643,0,0.5415699129334549,0.4861291385998796,0.5396193907537762,0.516989990870108,0.5373122287063207,True,True,False
112,3,turn 3,3,0.4711234448376034,0,0.4996009663108491,0.4548990475063547,0.4980378314370178,0.48369164935666903,0.49626901502171505,True,True,False
112,4,turn 4,4,0.424312043085868,0,0.5790069585443012,0.4119804978471605,0.5760738062762893,0.5425192953665072,0.5725658363629668,True,True,False
112,5,turn 5,5,0.4119804978471605,1,0.5790069607204433,0.4047209354873271,0.5760738086517315,0.5425193130154758,0.572565838944173,True,True,False
112,6,turn 6,6,0.572145920014667,0,0.4671967734456926,0.5721466550577651,0.46718497643234735,0.48405299779529726,0.46711348773882233,True,True,False
112,7,turn 7,7,0.4854864194483904,1,0.45928232700175825,0.4722405716237109,0.45838765250366,0.44525008362176305,0.4578578982765368,True,True,False
112,8,turn 8,8,0.9986804779989076,1,0.9983929108279739,0.9986804780011531,0.9983928685879846,0.9134260910203724,0.9983926125595737,True,True,False
113,1,turn 1,1,0.5452564091183569,0,0.5044123069571043,0.45659694822366126,0.5020991960416502,0.46287108130869437,0.5025929056266215,True,False,True
113,2,turn 2,2,0.45659694822366126,0,0.5305177445587752,0.40001836321514195,0.5281288928767063,0.4842450001604271,0.5286549998884045,True,True,False
113,3,turn 3,3,0.40001836321514195,1,0.5364884806234365,0.36951143292813204,0.5342672313075867,0.49528286868357807,0.5346772429450577,True,True,False
113,4,turn 4,4,0.45274679927563866,0,0.538620616779129,0.40507406568414195,0.5365546518579081,0.5140007429548106,0.536857897575469,True,True,False
113,5,turn 5,5,0.4036952616768672,0,0.5386210262736812,0.374705284900531,0.5365551003690587,0.514004781742295,0.53685831925565,True,True,False
113,6,turn 6,6,0.37388610195905814,1,0.538621137619189,0.35723484633540836,0.5365552263520159,0.5140076315831283,0.5368584351392813,True,True,False
113,7,turn 7,7,0.4114000094675616,0,0.5386211791910782,0.383039621775374,0.5365552755491853,0.5140144591601268,0.5368584790426896,True,True,False
113,8,turn 8,8,0.38050931993426046,1,0.5386211791989957,0.3624758319839617,0.536555275558745,0.5140144605248876,0.5368584790511067,True,True,False
113,9,turn 9,9,0.4206148998448547,1,0.5386211792019517,0.39234902506385283,0.5365552755624783,0.5140144637949862,0.5368584790542956,True,True,False
114,1,turn 1,1,0.49519726301855826,0,0.46845262504987245,0.41803876916308136,0.46819319638061885,0.45083741981658654,0.4683933626575425,True,False,True
114,2,turn 2,2,0.41803876916308136,0,0.5014457033833223,0.36645589985981597,0.5011108283506354,0.4795361309168179,0.5013418446580261,True,True,False
114,3,turn 3,3,0.36645589985981597,1,0.5078397728584296,0.33654506645266485,0.5076829725811937,0.49120776461808346,0.5077907552254273,True,True,False
115,1,turn 1,1,0.5842225355216766,1,0.5643750182158742,0.4846523861490204,0.5598519308566408,0.5336307146229238,0.5628791699135508,True,False,True
115,2,turn 2,2,0.6753840632285291,1,0.5652235015997915,0.5458041224801575,0.5604245293654391,0.5340526545882078,0.5635873366756099,True,True,False
115,3,turn 3,3,0.7595982491182752,1,0.5652235042014738,0.6229881685979988,0.560424530442776,0.5340526553750411,0.5635873383792755,True,True,False
115,4,turn 4,4,0.4835349681568623,1,0.44214825243859673,0.41639478118942574,0.44163730440023613,0.4080823069874376,0.44202074249394036,True,True,False
116,1,turn 1,1,0.49519726301855826,0,0.46845262504987245,0.41803876916308136,0.46819319638061885,0.45083741981658654,0.4683933626575425,True,False,True
116,2,turn 2,2,0.41803876916308136,0,0.5014457033833223,0.36645589985981597,0.5011108283506354,0.4795361309168179,0.5013418446580261,True,True,False
116,3,turn 3,3,0.4930401143977612,1,0.5481946222124926,0.4105508416079268,0.5457405600235786,0.4911736420630468,0.5316229340409062,True,True,False
117,2,turn 2,1,0.5729643935512018,1,0.5598255382317422,0.47586249348541576,0.5550908407352956,0.5335917689275846,0.5584549203640768,True,False,True
117,3,turn 3,2,0.6830237953691213,1,0.5627513908750716,0.5391131605610022,0.5565102199530259,0.534052654511725,0.5607129197646561,True,True,False
117,4,turn 4,3,0.5342698133201187,1,0.5182140760891513,0.4452399024118169,0.5162627812047095,0.5016176643597616,0.5173782994258742,True,True,False
117,5,turn 5,4,0.7955029145822796,1,0.5627514398811578,0.635009006418963,0.5565102298786608,0.5340526553750409,0.5607129477873287,True,True,False
117,6,turn 6,5,0.8782947987209262,1,0.5627514398820437,0.7428956147767415,0.5565102298787399,0.5340526553750425,0.560712947787712,True,True,False
117,7,turn 7,6,0.6319430152320372,1,0.5263903880874492,0.5353956258354436,0.5241758717284972,0.5099992861098877,0.5254120180710024,True,True,False
117,8,turn 8,7,0.9262250666455552,1,0.5627514398820437,0.8348126094106544,0.5565102298787399,0.5340526553750425,0.560712947787712,True,True,False
117,9,turn 9,8,0.7065662700137414,1,0.52639085170804,0.6331016635272444,0.5241763460152544,0.509999999939934,0.5254124846561368,True,True,False
117,10,turn 10,9,0.4835349681568623,0,0.44214825243859673,0.41639478118942574,0.44163730440023613,0.4080823069874376,0.44202074249394036,True,True,False
117,11,turn 11,10,0.41639478118942574,0,0.4937944355834495,0.35657682065660923,0.49314848946418754,0.45046183713076515,0.49359430378674296,True,True,False
117,12,turn 12,11,0.5061853627807037,1,0.4400128547047505,0.37489258704559747,0.4367615766161894,0.40605513367722773,0.43564118518123335,True,True,False
117,13,turn 13,12,0.35657682065660923,0,0.5057346058551875,0.3137983871402421,0.5054239143595385,0.4725368113571498,0.5056375306715106,True,True,False
118,2,turn 2,1,0.4849659518047098,0,0.4441669426768099,0.42633274603748256,0.44618276853082856,0.44864575889120334,0.44529014760387753,True,False,True
118,4,turn 4,2,0.42633274603748256,1,0.48726630728981024,0.3963518657356523,0.485779230852973,0.48187854072493197,0.48662293972012305,True,True,False
118,5,turn 5,3,0.5406637093095231,0,0.5192963466684322,0.4797105224933449,0.5107366907298991,0.5045192023718954,0.5147022963855029,True,True,False
118,6,turn 6,4,0.4432480170722466,0,0.5240823792524624,0.41344930386029377,0.5155168320619778,0.5095301207132876,0.519482615290716,True,True,False
118,7,turn 7,5,0.39558530504212963,0,0.5243692932712672,0.3842255250397955,0.5158096957020599,0.5099557309412927,0.5197712554460566,True,True,False
118,8,turn 8,6,0.3779884812098461,1,0.5243895266204311,0.3740757086560868,0.5158297378181228,0.5099942554517946,0.5197912142009541,True,True,False
118,9,turn 9,7,0.4657393449608862,0,0.5243978111735225,0.45792626691398935,0.5158337842114592,0.5099999984828544,0.5197967945495551,True,True,False
118,10,turn 10,8,0.40902809309737265,1,0.5243978124634671,0.4060898380107411,0.5158337848950004,0.5099999992734462,0.5197967954902203,True,True,False
118,11,turn 11,9,0.49868509923057197,0,0.524397815399796,0.4931209241356404,0.5158337858035879,0.5099999999996108,0.5197967970886613,True,True,False
118,12,turn 12,10,0.43195787831977567,0,0.524397815400299,0.4297261086206672,0.5158337858037844,0.5099999999997774,0.5197967970889771,True,True,False
119,2,turn 2,1,0.49519726301855826,0,0.46845262504987245,0.41803876916308136,0.46819319638061885,0.45083741981658654,0.4683933626575425,True,False,True
119,3,turn 3,2,0.41803876916308136,0,0.5014457033833223,0.36645589985981597,0.5011108283506354,0.4795361309168179,0.5013418446580261,True,True,False
119,4,turn 4,3,0.35657682065660923,0,0.5057346058551875,0.3137983871402421,0.5054239143595385,0.4725368113571498,0.5056375306715106,True,True,False
119,5,turn 5,4,0.3137983871402421,1,0.5088502037558256,0.2877796876528999,0.5087265054723793,0.4854404870298898,0.5088117079352531,True,True,False
119,6,turn 6,5,0.3765810588248656,1,0.5099996986387793,0.3300954123081713,0.5099996551078722,0.5099824884159031,0.5099996851984109,True,True,False
120,2,turn 2,1,0.5803152201995405,1,0.5403854121477317,0.47161506388587665,0.5364789569873334,0.5136484737985314,0.5376862300808994,True,False,True
120,3,turn 3,2,0.6599065236422226,1,0.5409250886841068,0.5352101416719194,0.5370022301981338,0.5140144630846804,0.5382147002617796,True,True,False
120,4,turn 4,3,0.4262404163026897,1,0.38313118001338364,0.37121307056225616,0.382407448739696,0.3768333120513425,0.38177449651829276,True,True,False
121,2,turn 2,1,0.4705802465683768,1,0.432409039580354,0.41608350369066993,0.4316934618419881,0.40909883451772855,0.4290511789596394,True,False,True
121,3,turn 3,2,0.5450878641053504,1,0.5099720331769553,0.5166578860191007,0.5099707286346151,0.5098702828731249,0.5099647979391959,True,True,False
121,4,turn 4,3,0.5450529359392559,1,0.49757907803795665,0.5031575305943106,0.4984293609984529,0.49901004087522904,0.4986484767761839,True,True,False
121,5,turn 5,4,0.5459081523938357,1,0.4659564297325102,0.5066665130773903,0.4655848110116367,0.43980205608794815,0.46548975437257145,True,True,False
122,3,turn 3,1,0.5576663295396063,1,0.527882808668503,0.45861403010037666,0.5240866501700101,0.5096399440204498,0.52609900371655,True,False,True
122,4,turn 4,2,0.6324001624950116,0,0.5481561337145102,0.5240514100798307,0.5437246629411923,0.525872877253026,0.5464350447150325,True,True,False
122,5,turn 5,3,0.5307813607250365,0,0.5286947622055546,0.4457258132327514,0.5246233016523849,0.5099999999985596,0.5267687068691033,True,True,False
122,6,turn 6,4,0.44196295543877884,1,0.5286947622159575,0.3997603500495287,0.5246233016547728,0.509999999999997,0.5267687068742,True,True,False
122,7,turn 7,5,0.5083826218556936,1,0.548351136867706,0.4634599397596608,0.5439138708353329,0.5260347372396464,0.546628572525098,True,True,False
123,2,turn 2,1,0.5173955031477449,1,0.5114837864924154,0.4413872240547991,0.5100386039345052,0.5033042764973288,0.5110073001019865,True,False,True
123,3,turn 3,2,0.6130539481789007,1,0.5192788408749346,0.523402831682275,0.5168410304984123,0.5099995005998103,0.5183583894181663,True,True,False
123,4,turn 4,3,0.5404120612754032,0,0.47607412621912026,0.49070565543288786,0.475818652199929,0.4590411534929627,0.47601037124677026,True,True,False
123,5,turn 5,4,0.4906621044504539,0,0.5018972177917227,0.4379018654233831,0.5015742447320916,0.4802309185653657,0.501797151893369,True,True,False
123,6,turn 6,5,0.6158423815187082,0,0.5786835678428235,0.4756261253318115,0.5757591668730058,0.5423047874286036,0.5722616651905607,True,True,False
123,7,turn 7,6,0.4755648725384549,0,0.5790060445818401,0.44904400294260627,0.5760729318510669,0.542518809619893,0.5725650075423228,True,True,False
123,8,turn 8,7,0.4489909454702082,0,0.579006958145543,0.4283767787371515,0.5760738062323993,0.5425193122350189,0.5725658366995673,True,True,False
123,9,turn 9,8,0.36385141255663883,0,0.5078673029275937,0.32862174419189305,0.5077119571797692,0.4912684056785749,0.5078187653357553,True,True,False
123,10,turn 10,9,0.32859782350675,0,0.5094251018779128,0.3072729904926978,0.5093632527361897,0.4977202435149449,0.5094058539676265,True,True,False
123,11,turn 11,10,0.3072592256328581,0,0.5098440451649955,0.29544449788153093,0.509821606179523,0.5017479602779504,0.5098371148477387,True,True,False
123,12,turn 12,11,0.29543696442568085,0,0.5099576212324084,0.2892082548995888,0.5099499269935708,0.5043664062075073,0.5099552664790955,True,True,False
123,13,turn 13,12,0.2892042440963748,0,0.5099884787646238,0.28600469463705347,0.5099859377476168,0.5061138154662939,0.5099877088076089,True,True,False
124,2,turn 2,1,0.5536171034356602,0,0.5390198071604467,0.4605511979486163,0.5356768109700025,0.5176047166436731,0.5379166098949756,True,False,True
124,3,turn 3,2,0.4824909199911563,0,0.5034827465278531,0.42338944656586885,0.5009266368619104,0.48410196927001314,0.5014000915991456,True,True,False
124,4,turn 4,3,0.5529132613838673,1,0.5211828081440252,0.4519481738959339,0.5191656027587167,0.5082596883386687,0.5083965491255669,True,True,False
124,5,turn 5,4,0.629040059226029,1,0.5228889726312829,0.5589547904529153,0.5208683502045433,0.5099999646348157,0.5099999826525892,True,True,False
124,6,turn 6,5,0.42338944656586885,1,0.5167370445375685,0.3823175067752435,0.5141470671594834,0.4950849936477193,0.5146320873668622,True,True,False
125,2,turn 2,1,0.49217068559522487,1,0.4330875489099696,0.4251334846950369,0.437106940742492,0.4398756204386511,0.43780971155528003,True,False,True
125,3,turn 3,2,0.5950271005625032,0,0.5411463697148411,0.5479339850666163,0.5223173966309234,0.5099231051570179,0.5099383463957718,True,True,False
125,4,turn 4,3,0.5366379690251956,0,0.5411608107667071,0.4766015994332052,0.522340265802945,0.5099361497228168,0.509960553621583,True,True,False
125,5,turn 5,4,0.4650745848267077,0,0.5411734400535932,0.4094463273873057,0.5223562506553932,0.5099469779597146,0.5099747594112823,True,True,False
125,6,turn 6,5,0.4001750969979329,0,0.5411844899156115,0.3621441477458228,0.5223674261269338,0.5099559679103967,0.509983848345424,True,True,False
125,7,turn 7,6,0.35597596070139215,0,0.5411941589569387,0.3348306294284246,0.5223752401344979,0.5099634322626088,0.5099896640436656,True,True,False
125,8,turn 8,7,0.3311843491229171,0,0.5412026205381959,0.3206069725198843,0.522380704216223,0.5099696303272454,0.5099933855365304,True,True,False
125,9,turn 9,8,0.3185862661960627,0,0.541210026065674,0.31351339882621293,0.5223845252888362,0.5099747772102101,0.5099957670301491,True,True,False
125,10,turn 10,9,0.31243011950793464,0,0.5412165078157875,0.3100227901449061,0.5223871974995431,0.5099790513880933,0.5099972910564845,True,True,False
125,11,turn 11,10,0.3094514116329843,0,0.5412221813858059,0.308305037783432,0.5223890663227146,0.5099826009731782,0.5099982663659612,True,True,False
125,12,turn 12,11,0.30800587515778943,0,0.5412271478227998,0.3074548671992437,0.5223903733184909,0.509985548898356,0.5099988905272748,True,True,False
125,13,turn 13,12,0.3072986789867415,0,0.5412314954748507,0.3070308185662206,0.5223912874024268,0.5099879972107935,0.5099992899696035,True,True,False
126,2,turn 2,1,0.5729643935512018,1,0.5598255382317422,0.47586249348541576,0.5550908407352956,0.5335917689275846,0.5584549203640768,True,False,True
126,3,turn 3,2,0.6830237953691213,0,0.5627513908750716,0.5391131605610022,0.5565102199530259,0.534052654511725,0.5607129197646561,True,True,False
126,4,turn 4,3,0.4835349681568623,1,0.44214825243859673,0.41639478118942574,0.44163730440023613,0.4080823069874376,0.44202074249394036,True,True,False
126,6,turn 6,4,0.5593730381702033,0,0.5258253438677044,0.48703083139413866,0.5238775736660329,0.5097781751767297,0.5249849428892881,True,True,False
126,7,turn 7,5,0.48675477009003343,1,0.5263855872485466,0.42896177524062984,0.5241726669527743,0.5099691397779351,0.5254082209881066,True,True,False
127,2,turn 2,1,0.5022245290092271,1,0.4593851915749561,0.4228015154056753,0.4577345842388895,0.429107837056757,0.4584025475476759,True,False,True
127,3,turn 3,2,0.5801628324654019,1,0.5115170680224397,0.5068125493873678,0.5102782749342453,0.5099043652921709,0.5108844383675782,True,True,False
127,4,turn 4,3,0.630493622898337,1,0.5115359344452605,0.5785493600233113,0.510297964068323,0.5099999112717574,0.510904141743029,True,True,False
127,5,turn 5,4,0.6570977229352891,1,0.5115359403187038,0.6268215308672034,0.5102979704052453,0.509999999915153,0.5109041481248868,True,True,False
127,6,turn 6,5,0.6696624111936388,0,0.5115359403205586,0.6542243361699351,0.5102979704073144,0.5099999999999169,0.5109041481269915,True,True,False
127,7,turn 7,6,0.6539566316017518,0,0.5115359403205589,0.6202285258196817,0.5102979704073148,0.509999999999914,0.510904148126992,True,True,False
127,8,turn 8,7,0.6197136969788318,1,0.511535940320559,0.5680479906650321,0.510297970407315,0.5099999999999097,0.5109041481269921,True,True,False
128,2,turn 2,1,0.5509294483275525,0,0.5381360247082109,0.45713591470252285,0.5349769232771976,0.5202586901669682,0.5372252745164328,True,False,True
128,3,turn 3,2,0.47586249348541576,1,0.5626955178503925,0.47027830766794987,0.5564989934054478,0.534051662722115,0.5606810942430781,True,True,False
128,4,turn 4,3,0.5391131605610022,1,0.5627514388732914,0.5293381433622499,0.5565102297901647,0.534052655373189,0.5607129473537387,True,True,False
128,5,turn 5,4,0.45482066585381853,1,0.40767134045134945,0.4076104825142207,0.4072286331476209,0.388126439880609,0.40742628876368603,True,True,False
129,2,turn 2,1,0.5842225355216766,0,0.5643750182158742,0.4846523861490204,0.5598519308566408,0.5336307146229238,0.5628791699135508,True,False,True
129,3,turn 3,2,0.4846523861490204,0,0.5652203127834364,0.4595545139471082,0.5604231666767929,0.5340517419954136,0.5635852212717574,True,True,False
129,4,turn 4,3,0.4595545139471082,0,0.5652234913614519,0.4491774802247377,0.5604245271904182,0.5340526533909089,0.5635873318740547,True,True,False
129,5,turn 5,4,0.4491774802247377,0,0.5652235041474862,0.4453717621497588,0.5604245304350215,0.5340526553707217,0.5635873383588372,True,True,False
129,6,turn 6,5,0.4453717621497588,0,0.5652235042012492,0.4440411713416638,0.5604245304427594,0.5340526553750331,0.5635873383792145,True,True,False
129,7,turn 7,6,0.4440411713416638,0,0.5652235042014815,0.4435837900969818,0.5604245304427778,0.5340526553750425,0.5635873383792798,True,True,False
129,8,turn 8,7,0.4344822978280513,1,0.5015621436455778,0.43102981889796116,0.5009392572185368,0.4852532455217933,0.5018491935212729,True,True,False
130,2,turn 2,1,0.5536525903192294,0,0.5140944628198516,0.44643101251385653,0.5103968262916027,0.5096370919671118,0.5122073914024963,True,False,True
130,3,turn 3,2,0.44643101251385653,1,0.5146067655203532,0.38945447693579716,0.5108928969559599,0.5099992606595668,0.512711410031713,True,True,False
130,4,turn 4,3,0.6067650022833699,1,0.5870788819145942,0.498507724611144,0.581927387664864,0.55761863317206,0.5857677237964978,True,True,False
130,5,turn 5,4,0.555948906984129,1,0.519909023093862,0.4799512720210528,0.5146447516531784,0.5097158731178565,0.5136680996566799,True,True,False
131,2,turn 2,1,0.47651049835422593,1,0.4320305559525084,0.41098676685158464,0.431403463212533,0.3888432096015796,0.4315001256202657,True,False,True
131,3,turn 3,2,0.5496857156226325,0,0.5099716920521047,0.5007625056431053,0.5099704572773545,0.5098565482943018,0.509970435853895,True,True,False
131,4,turn 4,3,0.5025638507863973,1,0.5049128909966148,0.43188848996508983,0.5049097725234637,0.504438651462849,0.5049153572712817,True,True,False
131,5,turn 5,4,0.5640841479275335,1,0.5099999971063418,0.5222121534201273,0.5099999967721176,0.5099998677143336,0.5099999967166026,True,True,False
131,6,turn 6,5,0.6029833716226931,1,0.5099996923024067,0.5560977606067246,0.5099996841813911,0.5099995242205474,0.5099996897287166,True,True,False
131,7,turn 7,6,0.6116891586376318,0,0.5099999999999997,0.6025828388072609,0.5099999999999996,0.509999999999871,0.5099999999999996,True,True,False
131,8,turn 8,7,0.602395458307897,0,0.5099999999999998,0.585434219980584,0.5099999999999998,0.5099999999998648,0.5099999999999998,True,True,False
131,9,turn 9,8,0.5850967367190429,0,0.51,0.5557234897250198,0.51,0.509999999999857,0.51,True,True,False
131,10,turn 10,9,0.6026787043916589,1,0.5099999999819232,0.5476915908632801,0.5099999999809667,0.509999999959855,0.5099999999816084,True,True,False
131,11,turn 11,10,0.5926054613520133,1,0.51,0.5684923567859659,0.51,0.5099999999999998,0.51,True,True,False
132,2,turn 2,1,0.4525017750951543,0,0.4669577153741777,0.3849910021849802,0.4663600455754305,0.47066679800316735,0.4570029372232591,True,False,True
132,3,turn 3,2,0.3849910021849802,1,0.4957546370820752,0.3501862606148673,0.4949806128665389,0.46182380788673977,0.48201108977119,True,True,False
132,4,turn 4,3,0.5054208226346305,0,0.48041885526046463,0.43392022768987876,0.47948997300759527,0.4685367450265799,0.4795909852501968,True,True,False
132,5,turn 5,4,0.4429404048705077,0,0.4578536475249348,0.38107778658517644,0.45715905574450866,0.4100329746732434,0.457286906266667,True,True,False
133,2,turn 2,1,0.5459770331983141,1,0.5168876319660561,0.45829450827059476,0.5136244945793704,0.4789551804871898,0.5155792828578976,True,False,True
133,3,turn 3,2,0.5218541956782944,0,0.4836265449651116,0.46709799700127846,0.4848306799080597,0.4717046079180593,0.4838331915081264,True,True,False
133,4,turn 4,3,0.4670510322682577,0,0.5123847142735768,0.42854835885880965,0.5112536935000652,0.4938567994797385,0.5114119837105796,True,True,False
133,5,turn 5,4,0.4284908080154368,0,0.5245281299125366,0.4005045526011033,0.5217542914890606,0.502937936377883,0.5227290880614347,True,True,False
134,1,turn 1,1,0.4835349681568623,0,0.44214825243859673,0.41639478118942574,0.44163730440023613,0.4080823069874376,0.44202074249394036,True,False,True
134,2,turn 2,2,0.41639478118942574,0,0.4937944355834495,0.35657682065660923,0.49314848946418754,0.45046183713076515,0.49359430378674296,True,True,False
134,3,turn 3,3,0.35657682065660923,0,0.5057346058551875,0.3137983871402421,0.5054239143595385,0.4725368113571498,0.5056375306715106,True,True,False
134,4,turn 4,4,0.3137983871402421,0,0.5088502037558256,0.2877796876528999,0.5087265054723793,0.4854404870298898,0.5088117079352531,True,True,False
135,2,turn 2,1,0.5842225355216766,1,0.5643750182158742,0.4846523861490204,0.5598519308566408,0.5336307146229238,0.5628791699135508,True,False,True
135,3,turn 3,2,0.6753840632285291,0,0.5652235015997915,0.5458041224801575,0.5604245293654391,0.5340526545882078,0.5635873366756099,True,True,False
135,4,turn 4,3,0.5211765699458608,0,0.5652235041908529,0.4822887774925789,0.5604245304402095,0.5340526553733416,0.5635873383739782,True,True,False
135,5,turn 5,4,0.5185937792380458,1,0.47812135762922414,0.43141289685164114,0.47601706534591937,0.4588596994772747,0.47711406694821834,True,True,False
136,2,turn 2,1,0.5452564091183569,1,0.5044123069571043,0.45659694822366126,0.5020991960416502,0.46287108130869437,0.5025929056266215,True,False,True
136,3,turn 3,2,0.6178809943569639,1,0.5386109453116792,0.5273861307846632,0.5365446117159446,0.5139712405805619,0.5368481134382936,True,True,False
136,4,turn 4,3,0.5729127760732543,0,0.5238600574195195,0.5069650912224549,0.5208070733133344,0.5097862035039483,0.5212195700693373,True,True,False
137,2,turn 2,1,0.45550518768929926,0,0.40527489953592066,0.40139283533704806,0.4120452518746309,0.3923720770002949,0.41853314992550317,True,False,True
137,3,turn 3,2,0.38398160661725866,1,0.40595049262785976,0.351505584944115,0.4095542791978525,0.36986968018213445,0.41147256386647557,True,True,False
137,4,turn 4,3,0.5167687786373507,1,0.548626297716644,0.49404032260395836,0.5141313949224381,0.5097962344064425,0.5099156206998972,True,True,False
138,2,turn 2,1,0.4353308745544102,0,0.3861045430295568,0.3915683842653018,0.39149675272284734,0.3800850885837357,0.39673891721802806,True,False,True
138,3,turn 3,2,0.3915683842653018,0,0.4552235097253775,0.3519940405606274,0.4582254111405966,0.40452938968987084,0.45919966680315866,True,True,False
138,4,turn 4,3,0.3519940405606274,1,0.4810956438546107,0.3222099124830292,0.4829356722045218,0.41746193082535205,0.481870419878375,True,True,False
138,5,turn 5,4,0.4704468370354835,1,0.503465572108393,0.43622183465913594,0.4804677048063281,0.48331501222633455,0.4830860666307313,True,True,False
139,2,turn 2,1,0.4835349681568623,1,0.44214825243859673,0.41639478118942574,0.44163730440023613,0.4080823069874376,0.44202074249394036,True,False,True
139,3,turn 3,2,0.5570660075804235,0,0.5099795332182545,0.5032646151013805,0.5099786732836484,0.5099135542796718,0.5099792697479724,True,True,False
139,5,turn 5,3,0.5027124924931701,1,0.5099944351013345,0.43704679649128547,0.5099940097484048,0.5099390072839824,0.5099943032595605,True,True,False
139,6,turn 6,4,0.5697948559322746,1,0.5099999985447143,0.5215739830953859,0.5099999983817316,0.5099999585998973,0.5099999984943226,True,True,False
140,2,turn 2,1,0.4849659518047098,1,0.4441669426768099,0.42633274603748256,0.44618276853082856,0.44864575889120334,0.44529014760387753,True,False,True
140,3,turn 3,2,0.6241534783849074,0,0.5315225250108273,0.5575657850241577,0.5186972773255799,0.5099555346238884,0.5246325846470707,True,True,False
140,4,turn 4,3,0.5050594044916952,0,0.5315444360655903,0.4550306470400014,0.5187189014549591,0.5099744604011385,0.5246548018349166,True,True,False
140,5,turn 5,4,0.42863866755204005,1,0.53155987285749,0.40521046803168315,0.5187317673022274,0.5099853295589992,0.52466913266484,True,True,False
141,2,turn 2,1,0.5185937792380458,0,0.47812135762922414,0.43141289685164114,0.47601706534591937,0.4588596994772747,0.47711406694821834,True,False,True
141,3,turn 3,2,0.43141289685164114,0,0.5042006005519013,0.3730156487962032,0.5020206932100737,0.480230548895166,0.5031528569092281,True,True,False
141,4,turn 4,3,0.3730156487962032,0,0.5101712123223174,0.34055930600590184,0.5081589117549241,0.4912684049249014,0.5091749864659738,True,True,False
141,5,turn 5,4,0.3634806363182863,0,0.24986696759449814,0.11154894719870942,0.24987471057183888,0.20784472447235963,0.20545660273539437,True,True,False
141,6,turn 6,5,0.34055930600590184,1,0.5117290123565161,0.32378819293305655,0.5098102083450466,0.49772024351340827,0.5107620761559413,True,True,False
141,7,turn 7,6,0.3797947356428507,1,0.5123037598002285,0.34853354595121366,0.5104467831649087,0.5099912442079515,0.5113560647896938,True,True,False
141,8,turn 8,7,0.43836074446349904,1,0.5123039104414344,0.39212259342335537,0.5104469555643868,0.5099999940573268,0.511356222148887,True,True,False
141,9,turn 9,8,0.505956598334024,1,0.5123039104808285,0.45118788023628875,0.5104469556109601,0.5099999999959668,0.5113562221904774,True,True,False
141,10,turn 10,9,0.5718466568947933,0,0.5123039104808388,0.5144510566119432,0.5104469556109726,0.5099999999999973,0.5113562221904884,True,True,False
142,2,turn 2,1,0.504900355156145,0,0.46857742214072373,0.430923527130022,0.46686113349116115,0.429109738425649,0.4676636224237118,True,False,True
142,3,turn 3,2,0.5308963481673886,1,0.5392962033800978,0.4480711245243857,0.5358205234971841,0.5176938356931982,0.5381244905664877,True,True,False
143,2,turn 2,1,0.5230116713496439,1,0.5136645961050191,0.4364500097482123,0.5115016910833643,0.5015787186644225,0.5129540498764003,True,False,True
143,3,turn 3,2,0.5875668209673737,1,0.49666160238801854,0.49126803634066746,0.49405347634413466,0.4760269596847491,0.49569864827134574,True,True,False
144,2,turn 2,1,0.465493867914808,0,0.43481762894164616,0.4195957005481968,0.4344785287004603,0.4356745226342536,0.42337089337065087,True,False,True
144,3,turn 3,2,0.4195957005481968,1,0.4902269299196786,0.37516990349244056,0.487237070938003,0.42145177806872397,0.47068145797492017,True,True,False
144,4,turn 4,3,0.5319871782780453,0,0.5146809942952506,0.5174555162935087,0.5120961883136608,0.5098180077146587,0.5109989270170795,True,True,False
144,5,turn 5,4,0.49604805879460984,1,0.5146868362847051,0.4807501046245661,0.5121022838793697,0.5097084557689203,0.5110079984997262,True,True,False
144,6,turn 6,5,0.5534267342991873,0,0.5146909652163013,0.5470059358235627,0.5121069727547277,0.5099995471244007,0.5110282972786895,True,True,False
144,7,turn 7,6,0.5181188601183363,0,0.5146909661751228,0.5119676688827514,0.5121069738561167,0.5099992648198864,0.5110283010889063,True,True,False
145,1,turn 1,1,0.46302762163172545,0,0.45449784470812804,0.44096953800502,0.45457485492414773,0.45059052116713366,0.45701753090396546,True,False,True
145,2,turn 2,2,0.44096953800502,1,0.5017250567860175,0.4102561201858783,0.499293181218184,0.47109345206392583,0.4920097767151596,True,True,False
146,2,turn 2,1,0.5729643935512018,0,0.5598255382317422,0.47586249348541576,0.5550908407352956,0.5335917689275846,0.5584549203640768,True,False,True
146,4,turn 4,2,0.49168193046920206,1,0.4574573174479527,0.43512967409045034,0.4572405379354282,0.41963182829866075,0.4577131710443894,True,True,False
147,3,turn 3,1,0.5436063420634138,0,0.5234922501810122,0.5217558395565756,0.5259352269389593,0.49495484227875874,0.5391148677832801,True,False,True
147,4,turn 4,2,0.5217558395565756,0,0.5650837910557911,0.4639807275102832,0.5659420308513412,0.49195697169762254,0.5657277050507415,True,True,False
147,5,turn 5,3,0.4639807275102832,1,0.5818494956118594,0.4112439984177705,0.5818650863519617,0.48604341295836884,0.572582759914596,True,True,False
147,6,turn 6,4,0.6551059153497356,1,0.6229935290054334,0.6169814828423463,0.6084108702540658,0.5520220288832355,0.5756920871335439,True,True,False
147,7,turn 7,5,0.6498094803881121,1,0.5729291503893497,0.6310759721066471,0.5632282430048772,0.5118200827416304,0.5415969772348787,True,True,False
148,2,turn 2,1,0.5527284182619332,0,0.5113660440536698,0.4614320449392884,0.5084776349767831,0.4741472105574011,0.4869469619606133,True,False,True
148,3,turn 3,2,0.45109599536972633,1,0.440295200733995,0.34822298230348636,0.43703568091926975,0.4062392874572967,0.43591649879661504,True,True,False
148,4,turn 4,3,0.5037326698887195,1,0.5384933505505752,0.4408356174827963,0.5364251748306874,0.5135639193754892,0.5367183159553564,True,True,False
148,5,turn 5,4,0.5575797021001386,1,0.5857449186183691,0.4015207246004969,0.5801225252369405,0.5140143301984716,0.5368581847919642,True,True,False
148,6,turn 6,5,0.5385929801479304,1,0.5095367431285878,0.47998569325740564,0.5075669566352327,0.47802071357890313,0.5074397520887166,True,True,False
149,2,turn 2,1,0.44981317924608955,1,0.39574981715728613,0.3877231686099689,0.40242894238000315,0.3933719496959181,0.40857672708369086,True,False,True
149,3,turn 3,2,0.5317397481627426,0,0.5273194196809787,0.47817371008012144,0.49964282738926025,0.4895071959586221,0.4963531256684738,True,True,False
149,4,turn 4,3,0.4776479211874814,1,0.5376351184384434,0.4302691583085572,0.5099717624805346,0.49798350367178035,0.5066919173267509,True,True,False
149,5,turn 5,4,0.5389362785871878,1,0.5410073523465755,0.4872842500283056,0.5133738646909473,0.5099907392575636,0.5099990899836936,True,True,False
149,6,turn 6,5,0.5708142976514098,0,0.5093754048065114,0.49783142008798986,0.48925213155462727,0.4837224672052954,0.48493065317592865,True,True,False
149,7,turn 7,6,0.497299766524927,0,0.5204107490482517,0.4389745635134963,0.5002977110594592,0.48918718916065146,0.4955423534927818,True,True,False
149,8,turn 8,7,0.4383914887383408,0,0.5232455053142542,0.3988409897336703,0.5033562242388526,0.49157693490556464,0.49951191247088483,True,True,False
149,9,turn 9,8,0.3983505072592302,0,0.5241938042702835,0.3726062041844496,0.5044652524338865,0.49315413578726813,0.5015141953901086,True,True,False
150,2,turn 2,1,0.4948490674504046,0,0.4746352098529024,0.4338282169286991,0.4743748670185114,0.45741884957528944,0.4745672715235497,True,False,True
150,3,turn 3,2,0.4790606052741133,1,0.5023620011573044,0.4103430749807284,0.5023575145916402,0.5017602063596613,0.5023654844690589,True,True,False
150,4,turn 4,3,0.7125720268968025,1,0.647367135685647,0.48634112358834836,0.6415183337460115,0.5746095748572079,0.6345233303811214,True,True,False
150,5,turn 5,4,0.5636833893137992,1,0.5099995382715399,0.48716037486363795,0.509999526078821,0.5099992856842532,0.5099995343886969,True,True,False
151,1,turn 1,1,0.5536525903192294,1,0.5140944628198516,0.44643101251385653,0.5103968262916027,0.5096370919671118,0.5122073914024963,True,False,True
151,2,turn 2,2,0.6411170661509407,0,0.5146078199631098,0.5189126368758927,0.5108939102480268,0.509999999287909,0.5127124433949445,True,True,False
151,3,turn 3,3,0.518121987684508,1,0.5146078209596224,0.4251892338387731,0.5108939112199561,0.5099999999985483,0.5127124443789554,True,True,False
151,4,turn 4,4,0.606224761121591,1,0.5146078209616776,0.48738795521585326,0.5108939112219453,0.51,0.5127124443809767,True,True,False
151,5,turn 5,5,0.6852417238077532,0,0.5146078209616776,0.5719393646140725,0.5108939112219453,0.51,0.5127124443809767,True,True,False
151,6,turn 6,6,0.5694093069533785,0,0.5146078209616776,0.45899760146012475,0.5108939112219453,0.51,0.5127124443809767,True,True,False
151,7,turn 7,7,0.45719533457089845,1,0.5146078209616776,0.39496388680527506,0.5108939112219453,0.51,0.5127124443809767,True,True,False
152,1,turn 1,1,0.5803152201995405,0,0.5403854121477317,0.47161506388587665,0.5364789569873334,0.5136484737985314,0.5376862300808994,True,False,True
152,2,turn 2,2,0.47161506388587665,1,0.540923909527227,0.4164571913547359,0.5370010966225924,0.5140137119248279,0.5382135530108896,True,True,False
152,3,turn 3,3,0.5352101416719194,0,0.5409250896806157,0.44691263614147564,0.537002231171345,0.5140144637957444,0.5382147012426567,True,True,False
152,4,turn 4,4,0.4459293210998734,1,0.5409250896827865,0.40707474187435344,0.5370022311734473,0.5140144637972041,0.5382147012447802,True,True,False
152,5,turn 5,5,0.4953648244529289,0,0.5279325256053008,0.4383559818212721,0.5253272513494259,0.5096394781004866,0.5261697274826017,True,True,False
152,6,turn 6,6,0.4371574160233695,0,0.5305315073550428,0.4054347730873518,0.5279147536285161,0.5123759462508181,0.5287163587646427,True,True,False
152,7,turn 7,7,0.40991726465076384,1,0.41167055106754874,0.3132366517305165,0.41047674639167947,0.40217989878565047,0.4090536126013942,True,True,False
152,8,turn 8,8,0.4341216037057251,0,0.5306167263698881,0.41869824107602666,0.5280014873583719,0.5126763062710303,0.5288098007136733,True,True,False
152,9,turn 9,9,0.41658851970015615,1,0.5306167264524414,0.4034006897284485,0.5280014874459815,0.5126763089032447,0.528809800825678,True,True,False
152,10,turn 10,10,0.4422049128746486,0,0.5306167264551941,0.43226000714738433,0.5280014874489679,0.5126763091981095,0.5288098008298564,True,True,False
153,1,turn 1,1,0.4889965194028611,1,0.48515816142837104,0.43616810722920574,0.48685872775849853,0.4880201404302575,0.48729695903163994,True,False,True
153,2,turn 2,2,0.5536525903192294,1,0.5140944628198516,0.44643101251385653,0.5103968262916027,0.5096370919671118,0.5122073914024963,True,True,False
153,3,turn 3,3,0.5437309803441679,0,0.5139501519144261,0.44919779465100473,0.5099738868640512,0.5095077876620446,0.50945525422501,True,True,False
153,4,turn 4,4,0.6067650022833699,1,0.5870788819145942,0.498507724611144,0.581927387664864,0.55761863317206,0.5857677237964978,True,True,False
153,5,turn 5,5,0.44919779465100473,1,0.515546383754835,0.3692324768519211,0.5108199039637492,0.5099981604570176,0.5099987176664208,True,True,False
154,1,turn 1,1,0.5226075184584227,0,0.49190970347787555,0.44359591443816127,0.4897068892243268,0.4588625515306126,0.4910056792622721,True,False,True
154,2,turn 2,2,0.416337047239808,0,0.4340169290586089,0.3814056501088589,0.437558600117121,0.41905813147303,0.4359836037960009,True,True,False
154,3,turn 3,3,0.3814056501088589,0,0.48283022745722737,0.3585238208378747,0.4830447395547623,0.46314731607372345,0.4830860000400219,True,True,False
154,4,turn 4,4,0.39229771741356945,1,0.5258134715757921,0.3543282208214371,0.5235389148147616,0.4977198796508888,0.5248169233259528,True,True,False
154,5,turn 5,5,0.5208791192153083,1,0.4958108010707729,0.45116619871642155,0.4940792038282667,0.47816325179115865,0.4939465606908877,True,True,False
155,1,turn 1,1,0.558814487872056,1,0.5307900888055082,0.4753741598539748,0.526210612850798,0.5096793345958222,0.5268293578436418,True,False,True
155,2,turn 2,2,0.5996633560237878,0,0.5352434490208422,0.45263469512389537,0.5312187758806467,0.5097639845141961,0.5096792976979748,True,True,False
155,3,turn 3,3,0.45263469512389537,1,0.5357768293844046,0.32710496781999066,0.531735630721127,0.5099995190490645,0.5099993465876554,True,True,False
155,4,turn 4,4,0.5574542448747615,0,0.5013666679047297,0.48649202430823596,0.5007495964485349,0.4850910194288214,0.5016551981851373,True,True,False
155,5,turn 5,5,0.6208535224429255,1,0.6435769693914479,0.496114990206168,0.6378729100052208,0.57935006389147,0.6290569267901966,True,True,False
158,2,turn 2,1,0.5329558757453583,0,0.49930462325853425,0.44454094713005965,0.49660353491341874,0.475787398342779,0.4980729166423468,True,False,True
158,3,turn 3,2,0.44454094713005965,0,0.5170593134998538,0.38896935052746023,0.5141309035257637,0.49015345668740656,0.5157092841783695,True,True,False
158,4,turn 4,3,0.4614061923099844,1,0.5451983896657983,0.40414311585311163,0.5419013302868431,0.513385147681846,0.5440767380715755,True,True,False
158,5,turn 5,4,0.43770599343403976,1,0.5224627991380159,0.3984616267512919,0.5197484512762589,0.5099908522692868,0.521178749556738,True,True,False
158,6,turn 6,5,0.5071714171450371,0,0.5224631747126139,0.4583452894507407,0.5197488676575225,0.5099999937915318,0.521179137813685,True,True,False
158,7,turn 7,6,0.43940644659995587,1,0.5224631747840064,0.40399352454182536,0.5197488677383,0.5099999956187761,0.5211791378879871,True,True,False
158,8,turn 8,7,0.6014038851115623,1,0.5468156691346872,0.5163924430908757,0.5436163533025925,0.526035103289462,0.5457248919216658,True,True,False
158,9,turn 9,8,0.5511669730550312,1,0.522463174810668,0.5180946897779187,0.5197488677698522,0.509999999999998,0.521179137916144,True,True,False
160,2,turn 2,1,0.5185937792380458,0,0.47812135762922414,0.43141289685164114,0.47601706534591937,0.4588596994772747,0.47711406694821834,True,False,True
160,3,turn 3,2,0.43141289685164114,0,0.5042006005519013,0.3730156487962032,0.5020206932100737,0.480230548895166,0.5031528569092281,True,True,False
160,4,turn 4,3,0.3730156487962032,0,0.5101712123223174,0.34055930600590184,0.5081589117549241,0.4912684049249014,0.5091749864659738,True,True,False
160,5,turn 5,4,0.3747251985161102,0,0.3362104678113855,0.418025899831832,0.33700002424309927,0.34785460119556466,0.3413559853303477,True,True,False
160,6,turn 6,5,0.418025899831832,0,0.4192172412736934,0.3836206583788103,0.4176107682689919,0.38275971324971847,0.39567555951013555,True,True,False
160,7,turn 7,6,0.18280281428020798,0,0.43185314866166064,0.6146328976837293,0.4288669167513346,0.41702518965405466,0.420555600828314,True,True,False
160,8,turn 8,7,0.6146328976837293,1,0.47722751303280087,0.6077615052118346,0.4740833250346139,0.45872026193722504,0.4636066184721854,True,True,False
160,9,turn 9,8,0.3836206583788103,1,0.45483904165845485,0.3625580764290812,0.4530556769323443,0.3972631318424039,0.4222971922949073,True,True,False
161,2,turn 2,1,0.47651049835422593,0,0.4320305559525084,0.41098676685158464,0.431403463212533,0.3888432096015796,0.4315001256202657,True,False,True
161,4,turn 4,2,0.5314042324321916,0,0.5073330103775051,0.4498170145788949,0.5046969200070899,0.501654202881796,0.5042170412389123,True,True,False
161,6,turn 6,3,0.31349454530029897,1,0.3180752609320947,0.32287610292640534,0.3172730187493106,0.31063821125299695,0.31478184504899354,True,True,False
162,2,turn 2,1,0.5452564091183569,0,0.5044123069571043,0.45659694822366126,0.5020991960416502,0.46287108130869437,0.5025929056266215,True,False,True
162,3,turn 3,2,0.45659694822366126,1,0.5305177445587752,0.40001836321514195,0.5281288928767063,0.4842450001604271,0.5286549998884045,True,True,False
162,4,turn 4,3,0.5402978636151642,0,0.5238586002108724,0.46300411237120204,0.5208055059177354,0.5097709734850245,0.5212180785028465,True,True,False
162,5,turn 5,4,0.4625983720664117,1,0.524400890245973,0.4028819163909471,0.521165020425916,0.5099888040461648,0.521662004554276,True,True,False
162,6,turn 6,5,0.54298748628631,0,0.5244033016505839,0.4740431640653804,0.5211662610536952,0.5099999926957074,0.5216636994050772,True,True,False
162,7,turn 7,6,0.4668632671815332,0,0.5244033017330331,0.4107684654687353,0.5211662611409228,0.5099999948460691,0.5216636994871164,True,True,False
163,2,turn 2,1,0.5337213146336581,0,0.5012428100165377,0.45571436696579176,0.49801951003394396,0.4758136587263606,0.49855981939374133,True,False,True
163,3,turn 3,2,0.4429404048705077,0,0.4578536475249348,0.38107778658517644,0.45715905574450866,0.4100329746732434,0.457286906266667,True,True,False
163,5,turn 5,3,0.4780462902089586,0,0.5451967423885135,0.4110609552471201,0.5419008753938487,0.5133849056003659,0.5440757977282203,True,True,False
164,1,turn 1,1,0.5226075184584227,0,0.49190970347787555,0.44359591443816127,0.4897068892243268,0.4588625515306126,0.4910056792622721,True,False,True
164,2,turn 2,2,0.5729643935512018,0,0.5598255382317422,0.47586249348541576,0.5550908407352956,0.5335917689275846,0.5584549203640768,True,True,False
164,3,turn 3,3,0.47586249348541576,0,0.5626955178503925,0.47027830766794987,0.5564989934054478,0.534051662722115,0.5606810942430781,True,True,False
164,4,turn 4,4,0.44359591443816127,1,0.518285587489604,0.38872678732329174,0.5157499068106657,0.4802305547013265,0.5172082212516977,True,True,False
165,1,turn 1,1,0.48448895725542734,0,0.4434940459307389,0.42302009108813027,0.4446676138206311,0.43512460825661475,0.4442003459005652,True,False,True
165,2,turn 2,2,0.42302009108813027,1,0.4894423500543567,0.38309351737597125,0.48823565039004446,0.471406306193543,0.48894672774232967,True,True,False
166,2,turn 2,1,0.5066085044478787,0,0.4679315056904231,0.4273882735823742,0.4655717544444405,0.43955594993888314,0.4652173814858005,True,False,True
166,3,turn 3,2,0.4273882735823742,0,0.4995947943404182,0.3561385078368753,0.4966866511925421,0.45129319525099476,0.49605458179282835,True,True,False
166,4,turn 4,3,0.3561385078368753,0,0.5083637693294691,0.30696699168502795,0.5056682251488601,0.45904707916767373,0.5051155004351576,True,True,False
166,5,turn 5,4,0.30696699168502795,0,0.51124758673357,0.278407332650471,0.508713084290271,0.464617642426453,0.5082270513853916,True,True,False
166,6,turn 6,5,0.278407332650471,1,0.512241342057137,0.26330907881496735,0.5097958164673988,0.4688037723175419,0.5093483504208598,True,True,False
166,7,turn 7,6,0.31858401892359245,1,0.509999634604424,0.27809761615631656,0.5099995667578154,0.5098983172654917,0.5099995347726666,True,True,False
166,8,turn 8,7,0.4099039525551818,1,0.5099999998759487,0.3499341823349563,0.5099999998479194,0.509999894762925,0.5099999998343561,True,True,False
168,1,turn 1,1,0.5740325537875275,0,0.5476148330838667,0.4719119282706325,0.543366896001628,0.5256328404043198,0.5459885770765326,True,False,True
168,2,turn 2,2,0.4719119282706325,1,0.5483491303624087,0.4361878349433379,0.5439130767698486,0.526034248216798,0.5466272841917426,True,True,False
168,3,turn 3,3,0.5368402939454026,0,0.548351609780474,0.4827865295043861,0.5439143240334636,0.5260351035817464,0.5466290403756496,True,True,False
168,4,turn 4,4,0.46325559627464363,1,0.5483516097881829,0.4357574478958648,0.5439143240358283,0.5260351035833583,0.546629040379833,True,True,False
168,5,turn 5,5,0.5243182079602557,1,0.5483516097882143,0.481129663640348,0.5439143240358337,0.5260351035833617,0.5466290403798455,True,True,False
168,6,turn 6,6,0.6040699074437458,1,0.5483516097882143,0.5503486184900228,0.5439143240358337,0.5260351035833617,0.5466290403798455,True,True,False
168,7,turn 7,7,0.6870276346722827,1,0.5483516097882143,0.6358428580901277,0.5439143240358337,0.5260351035833617,0.5466290403798455,True,True,False
169,1,turn 1,1,0.42921207124028954,0,0.3545887588477723,0.3806744351931793,0.4089463029699106,0.37912191469658596,0.4135528235216599,True,False,True
169,2,turn 2,2,0.3806744351931793,0,0.4205438829571846,0.34134645755669507,0.4637126797871156,0.40912260287027086,0.4647532247640414,True,True,False
169,3,turn 3,3,0.34134645755669507,1,0.44578256786108056,0.31468040680512405,0.48483293881773387,0.42449046243447164,0.483823614262616,True,True,False
169,4,turn 4,4,0.46796308472476617,1,0.5789502289434771,0.439570399315774,0.5133529136138362,0.509880594020371,0.5099785828651674,True,True,False
169,5,turn 5,5,0.5196458376224082,1,0.5906528038510579,0.4865209123573095,0.5133748079490464,0.5099998685744278,0.5099999839439077,True,True,False
170,1,turn 1,1,0.5536525903192294,1,0.5140944628198516,0.44643101251385653,0.5103968262916027,0.5096370919671118,0.5122073914024963,True,False,True
170,2,turn 2,2,0.6411170661509407,0,0.5146078199631098,0.5189126368758927,0.5108939102480268,0.509999999287909,0.5127124433949445,True,True,False
170,3,turn 3,3,0.518121987684508,1,0.5146078209596224,0.4251892338387731,0.5108939112199561,0.5099999999985483,0.5127124443789554,True,True,False
170,4,turn 4,4,0.606224761121591,0,0.5146078209616776,0.48738795521585326,0.5108939112219453,0.51,0.5127124443809767,True,True,False
170,5,turn 5,5,0.48570392440665644,0,0.5146078209616776,0.40840519138726583,0.5108939112219453,0.51,0.5127124443809767,True,True,False
170,6,turn 6,6,0.407566491410246,1,0.5146078209616776,0.3742089966623434,0.5108939112219453,0.51,0.5127124443809767,True,True,False
170,7,turn 7,7,0.458740291528678,0,0.5146078209616776,0.3971266075136296,0.5108939112219453,0.51,0.5127124443809767,True,True,False
170,8,turn 8,8,0.39484851218765715,1,0.5146078209616776,0.3700569452952695,0.5108939112219453,0.51,0.5127124443809767,True,True,False
170,9,turn 9,9,0.43647719443238375,1,0.5146078209616776,0.38868011542535014,0.5108939112219453,0.51,0.5127124443809767,True,True,False
170,10,turn 10,10,0.5045223241628944,0,0.5146078209616776,0.42515460088505247,0.5108939112219453,0.51,0.5127124443809767,True,True,False
170,12,turn 12,11,0.4172627458479925,1,0.5146078209616776,0.3806756964848512,0.5108939112219453,0.51,0.5127124443809767,True,True,False
172,2,turn 2,1,0.47651049835422593,0,0.4320305559525084,0.41098676685158464,0.431403463212533,0.3888432096015796,0.4315001256202657,True,False,True
172,3,turn 3,2,0.41098676685158464,1,0.48871882025472546,0.34981067973921937,0.4878509439427612,0.4215250335878685,0.4878523748529894,True,True,False
173,1,turn 1,1,0.4835349681568623,0,0.44214825243859673,0.41639478118942574,0.44163730440023613,0.4080823069874376,0.44202074249394036,True,False,True
173,2,turn 2,2,0.41639478118942574,0,0.4937944355834495,0.35657682065660923,0.49314848946418754,0.45046183713076515,0.49359430378674296,True,True,False
173,3,turn 3,3,0.35657682065660923,1,0.5057346058551875,0.3137983871402421,0.5054239143595385,0.4725368113571498,0.5056375306715106,True,True,False
175,2,turn 2,1,0.4686591493969998,0,0.441169947413191,0.4246303044728356,0.4435728149356924,0.43416404165529127,0.4425024822841194,True,False,True
175,3,turn 3,2,0.4246303044728356,1,0.4878957630987258,0.3869431560056121,0.4879266650121508,0.4713825126648832,0.48803125310408313,True,True,False
175,4,turn 4,3,0.5374275718293505,0,0.522839948013377,0.49646016780682256,0.51552078809056,0.50997310806089,0.5188746604555682,True,True,False
175,5,turn 5,4,0.4600075228422853,1,0.5228470518243061,0.42136672952276516,0.5155273651027105,0.5099825520680352,0.518881594916128,True,True,False
176,1,turn 1,1,0.5329558757453583,0,0.49930462325853425,0.44454094713005965,0.49660353491341874,0.475787398342779,0.4980729166423468,True,False,True
176,2,turn 2,2,0.44454094713005965,0,0.5170593134998538,0.38896935052746023,0.5141309035257637,0.49015345668740656,0.5157092841783695,True,True,False
176,3,turn 3,3,0.38896935052746023,0,0.5210413686240826,0.3604139492732508,0.518223504115325,0.4975122694553769,0.5197249775595553,True,True,False
176,4,turn 4,4,0.4232901766441066,1,0.5238469767401163,0.3867475868088664,0.5205746497351468,0.5017187867149072,0.5211015923088964,True,True,False
178,1,turn 1,1,0.4948490674504046,1,0.4746352098529024,0.4338282169286991,0.4743748670185114,0.45741884957528944,0.4745672715235497,True,False,True
178,2,turn 2,2,0.5585311786859335,0,0.5099897505587996,0.5080318911578143,0.5099893200733587,0.5099567420061464,0.5099896178411871,True,True,False
178,3,turn 3,3,0.5077163410160535,0,0.5099972173655639,0.4475752541428131,0.5099970046776241,0.5099695028558817,0.50999715142193,True,True,False
178,4,turn 4,4,0.44723388015335686,0,0.5099992434295065,0.3900842118551263,0.5099991586999106,0.5099784818285344,0.5099992172320815,True,True,False
178,5,turn 5,5,0.3897953301233121,0,0.5099997942817948,0.346050042620904,0.5099997636866467,0.5099848162877436,0.5099997848850921,True,True,False
178,6,turn 6,6,0.3458518471653502,0,0.5099999440631309,0.3175803885163798,0.509999933621449,0.5099892857413424,0.5099999408832854,True,True,False
178,7,turn 7,7,0.31746288262436095,0,0.5099999847901864,0.30112593133104926,0.5099999813547753,0.5099924394355271,0.509999983753852,True,True,False
178,8,turn 8,8,0.30106210301582526,0,0.5099999958642936,0.2922206935953411,0.5099999947626987,0.5099946647852361,0.5099999955353173,True,True,False
178,9,turn 9,9,0.29218763950677223,0,0.5099999988754583,0.28756983392440155,0.5099999985288819,0.5099962350992153,0.5099999987730388,True,True,False
178,10,turn 10,10,0.2875531334689681,0,0.5099999996942255,0.28518509345192966,0.5099999995867741,0.5099973432055886,0.5099999996628128,True,True,False
179,1,turn 1,1,0.472841962677468,0,0.43559981334132664,0.40351323679681206,0.434012024479348,0.42574878845304537,0.43398268465945267,True,False,True
179,2,turn 2,2,0.40351323679681206,0,0.47745597097076126,0.3591556677074455,0.47487209897050736,0.4440315499119463,0.47344386829891894,True,True,False
179,3,turn 3,3,0.35248999578808526,1,0.5076844829358984,0.32264417098011533,0.5043546445064659,0.4673569760850492,0.5029873508072757,True,True,False
181,2,turn 2,1,0.4835349681568623,0,0.44214825243859673,0.41639478118942574,0.44163730440023613,0.4080823069874376,0.44202074249394036,True,False,True
181,3,turn 3,2,0.41639478118942574,0,0.4937944355834495,0.35657682065660923,0.49314848946418754,0.45046183713076515,0.49359430378674296,True,True,False
181,4,turn 4,3,0.35657682065660923,0,0.5057346058551875,0.3137983871402421,0.5054239143595385,0.4725368113571498,0.5056375306715106,True,True,False
181,5,turn 5,4,0.3137983871402421,0,0.5088502037558256,0.2877796876528999,0.5087265054723793,0.4854404870298898,0.5088117079352531,True,True,False
181,6,turn 6,5,0.2877796876528999,0,0.5096880903299909,0.27348322349754073,0.509643212359046,0.4934959205559008,0.5096742296954774,True,True,False
181,7,turn 7,6,0.3184819299079135,0,0.37989110502965745,0.18880630850612373,0.37988728227949015,0.3532887684436872,0.35768356784679267,True,True,False
182,1,turn 1,1,0.5536525903192294,1,0.5140944628198516,0.44643101251385653,0.5103968262916027,0.5096370919671118,0.5122073914024963,True,False,True
182,2,turn 2,2,0.6411170661509407,1,0.5146078199631098,0.5189126368758927,0.5108939102480268,0.509999999287909,0.5127124433949445,True,True,False
182,3,turn 3,3,0.5506600130667384,1,0.5236327629567817,0.46189985116248883,0.5204470553711725,0.4917812454110951,0.5225930274403473,True,True,False
182,4,turn 4,4,0.710532088825009,1,0.5146078209616757,0.6070531876678076,0.5108939112219434,0.5099999999999986,0.5127124443809749,True,True,False
183,2,turn 2,1,0.5230116713496439,1,0.5136645961050191,0.4364500097482123,0.5115016910833643,0.5015787186644225,0.5129540498764003,True,False,True
183,4,turn 4,2,0.6395827473726294,0,0.5239182773627294,0.5287046639162883,0.520261562316084,0.5099992860334048,0.5225376011600484,True,True,False
183,5,turn 5,3,0.5497075963446125,0,0.5343118794629658,0.4763784042836948,0.5322691896922191,0.5092746811684985,0.5326224243587692,True,True,False
183,6,turn 6,4,0.4897266094004457,1,0.5239187581933371,0.4393574794506945,0.5202620157061049,0.5099999375449635,0.5225380649680188,True,True,False
183,7,turn 7,5,0.45109599536972633,0,0.440295200733995,0.34822298230348636,0.43703568091926975,0.4062392874572967,0.43591649879661504,True,True,False
183,8,turn 8,6,0.34822298230348636,1,0.48332618140788053,0.29391421266945966,0.47867701529434054,0.41751585016241033,0.47540418753782243,True,True,False
183,9,turn 9,7,0.46159363722755686,0,0.5384933505517228,0.4240043631816951,0.5364251748317991,0.5135639193762255,0.5367183159564732,True,True,False
183,10,turn 10,8,0.4236707034310838,1,0.5386170563025567,0.3978535744942149,0.5365509891795015,0.5139691567206053,0.5368534408541086,True,True,False
183,11,turn 11,9,0.47493851020226485,1,0.5386211790739934,0.45061905206507713,0.5365552754265852,0.5140144594065454,0.5368584788800217,True,True,False
183,12,turn 12,10,0.5216559571491296,1,0.5098929743994525,0.36194754591056044,0.5098822209159976,0.5096150060311608,0.509866119064084,True,True,False
184,2,turn 2,1,0.5197419375704957,1,0.4810286377662294,0.4481730266052393,0.4781410280267072,0.45889909005264706,0.4778444210753101,True,False,True
184,3,turn 3,2,0.5751703595412588,1,0.5462431898833343,0.4908564624664738,0.5432275116656432,0.5257249945085065,0.545245869858358,True,True,False
184,4,turn 4,3,0.6506258263109029,1,0.5468156659490417,0.5539183996399101,0.5436163509897618,0.5260350834988722,0.5457248892906493,True,True,False
184,5,turn 5,4,0.6482526450739494,1,0.5398193549815075,0.582578845506955,0.5369712599230388,0.5125532851967082,0.5379966793751009,True,True,False
185,1,turn 1,1,0.5113027630114341,0,0.4786065333815948,0.4523275997563527,0.4781299788238835,0.469004365002313,0.4773438731641808,True,False,True
185,2,turn 2,2,0.4945988431771251,0,0.5299271567898733,0.44087791104554186,0.526981425523998,0.5071252420780816,0.5290414439738945,True,True,False
185,3,turn 3,3,0.44087791104554186,0,0.5422640352847277,0.43357898550899776,0.5376683512923642,0.5163736470806228,0.5405496115553395,True,True,False
185,4,turn 4,4,0.43357898550899776,1,0.5486757157603549,0.43095810872278445,0.5427808815785798,0.5207949588316197,0.5462971939720338,True,True,False
185,5,turn 5,5,0.5265711042404119,1,0.5596707474197484,0.5220295053159115,0.5491486280877926,0.5260321163061339,0.55461267474564,True,True,False
186,1,turn 1,1,0.5842225355216766,0,0.5643750182158742,0.4846523861490204,0.5598519308566408,0.5336307146229238,0.5628791699135508,True,False,True
186,2,turn 2,2,0.4618613618627437,0,0.501560016033547,0.441781169151775,0.5009383480412134,0.48525263660204065,0.5018477821162578,True,True,False
186,3,turn 3,3,0.441781169151775,0,0.5301242772607236,0.4338680716616609,0.5271715397102742,0.507287709190705,0.5292363777188809,True,True,False
186,4,turn 4,4,0.4491774802247377,1,0.5652235041474862,0.4453717621497588,0.5604245304350215,0.5340526553707217,0.5635873383588372,True,True,False
186,5,turn 5,5,0.46369874834969077,1,0.5422645156194735,0.45896358556889155,0.5376688055766933,0.5163740139188954,0.5405500826169993,True,True,False
187,1,turn 1,1,0.4835349681568623,0,0.44214825243859673,0.41639478118942574,0.44163730440023613,0.4080823069874376,0.44202074249394036,True,False,True
187,2,turn 2,2,0.5536525903192294,0,0.5140944628198516,0.44643101251385653,0.5103968262916027,0.5096370919671118,0.5122073914024963,True,True,False
187,3,turn 3,3,0.41639478118942574,1,0.4937944355834495,0.35657682065660923,0.49314848946418754,0.45046183713076515,0.49359430378674296,True,True,False
187,4,turn 4,4,0.5068595578802542,1,0.49475699766114817,0.41968275713673703,0.4947490883610015,0.4935925326457355,0.49476598282114465,True,True,False
187,5,turn 5,5,0.5391637848190336,0,0.5325721945488902,0.45321726235968757,0.5282542938057272,0.5095649046831094,0.5311421169316559,True,True,False
187,6,turn 6,6,0.44643101251385653,1,0.5146067655203532,0.38945447693579716,0.5108928969559599,0.5099992606595668,0.512711410031713,True,True,False
188,1,turn 1,1,0.4761645949869748,0,0.43412559692897557,0.4218108142069329,0.435529893517273,0.43735496175601263,0.4291464206445026,True,False,True
188,2,turn 2,2,0.49095592067518706,0,0.449373807217361,0.4149435888698439,0.45398751001022414,0.4308121068184514,0.45986283548878226,True,True,False
188,3,turn 3,3,0.4149435888698439,1,0.49310929546118987,0.3662153306309298,0.49554649426840625,0.44752531678943336,0.49856540591637694,True,True,False
189,1,turn 1,1,0.5115693094354095,0,0.46800366114313585,0.4260048825138001,0.4657832241582162,0.43962060209141673,0.46659345007454367,True,False,True
189,2,turn 2,2,0.4260048825138001,0,0.49912498522317733,0.36624950787881333,0.49672314768864734,0.4512937453522694,0.4974109279754745,True,True,False
189,3,turn 3,3,0.3430445388218295,0,0.501170906831694,0.29363099760843997,0.5005136002275329,0.40809416521714337,0.5002310038922813,True,True,False
189,4,turn 4,4,0.3415427372721186,0,0.5107731472084203,0.3140467689633564,0.5087486086917796,0.464617641685652,0.5095832725191709,True,True,False
189,5,turn 5,5,0.3140467689633564,1,0.5117669034032541,0.30057641414245345,0.5098313418846844,0.4688037723160534,0.5107045726091829,True,True,False
189,6,turn 6,6,0.31858401892359245,1,0.509999634604424,0.27809761615631656,0.5099995667578154,0.5098983172654917,0.5099995347726666,True,True,False
190,2,turn 2,1,0.47651049835422593,0,0.4320305559525084,0.41098676685158464,0.431403463212533,0.3888432096015796,0.4315001256202657,True,False,True
190,3,turn 3,2,0.41098676685158464,0,0.48871882025472546,0.34981067973921937,0.4878509439427612,0.4215250335878685,0.4878523748529894,True,True,False
190,4,turn 4,3,0.34981067973921937,1,0.5034527563434408,0.303714692374341,0.5029687572935357,0.4403154882871466,0.5029342672818959,True,True,False
190,6,turn 6,4,0.43877005646113515,1,0.5099979124426275,0.3757395376024408,0.5099976797384941,0.509920390023431,0.5099976454369554,True,True,False
190,7,turn 7,5,0.5228405687147339,1,0.5099999993351373,0.4670398767919157,0.5099999992359633,0.5099999224909719,0.5099999992150042,True,True,False
190,8,turn 8,6,0.5764769435048018,1,0.5099999999997857,0.5427019217539344,0.5099999999997454,0.5099999999231135,0.5099999999997347,True,True,False
191,1,turn 1,1,0.5536525903192294,1,0.5140944628198516,0.44643101251385653,0.5103968262916027,0.5096370919671118,0.5122073914024963,True,False,True
191,2,turn 2,2,0.5230116713496439,1,0.5136645961050191,0.4364500097482123,0.5115016910833643,0.5015787186644225,0.5129540498764003,True,True,False
192,2,turn 2,1,0.56783328744143,0,0.5488884029185029,0.479282474371792,0.5465848176622028,0.5082829324660426,0.5323610689817304,True,False,True
192,3,turn 3,2,0.479282474371792,0,0.5506051031615882,0.3920269457734278,0.5482974557872401,0.5099637469097547,0.534020555171865,True,True,False
192,4,turn 4,3,0.3920269457734278,0,0.5506221287715395,0.33512618718312986,0.5483149732807653,0.5099991928902192,0.5340383766646153,True,True,False
193,2,turn 2,1,0.4602264095394402,0,0.42571291394284716,0.4046846592767811,0.42535662264978935,0.4037754272122336,0.42545882588500394,True,False,True
193,3,turn 3,2,0.4046846592767811,1,0.4785197658888767,0.3632507828967898,0.47752180966014524,0.44407951782730065,0.47799647370457554,True,True,False
194,2,turn 2,1,0.47651049835422593,1,0.4320305559525084,0.41098676685158464,0.431403463212533,0.3888432096015796,0.4315001256202657,True,False,True
194,3,turn 3,2,0.5496857156226325,1,0.5099716920521047,0.5007625056431053,0.5099704572773545,0.5098565482943018,0.509970435853895,True,True,False
195,2,turn 2,1,0.47651049835422593,1,0.4320305559525084,0.41098676685158464,0.431403463212533,0.3888432096015796,0.4315001256202657,True,False,True
195,3,turn 3,2,0.5496857156226325,0,0.5099716920521047,0.5007625056431053,0.5099704572773545,0.5098565482943018,0.509970435853895,True,True,False
198,1,turn 1,1,0.5414961778747888,0,0.5187790584240548,0.45681035894822886,0.5157234380208657,0.5043170672791265,0.5161415661694762,True,False,True
198,2,turn 2,2,0.45681035894822886,1,0.5241002773521645,0.4034966526414418,0.5208565169763326,0.5095363726798418,0.5213588768002017,True,True,False
199,1,turn 1,1,0.5536525903192294,1,0.5140944628198516,0.44643101251385653,0.5103968262916027,0.5096370919671118,0.5122073914024963,True,False,True
199,2,turn 2,2,0.6411170661509407,1,0.5146078199631098,0.5189126368758927,0.5108939102480268,0.509999999287909,0.5127124433949445,True,True,False
199,3,turn 3,3,0.5970335284909356,1,0.47837803670013623,0.5117239844286167,0.47626560781108973,0.4590411534937181,0.4773665934374576,True,True,False
200,1,turn 1,1,0.5146151646225026,0,0.47401689241991807,0.41304346997863606,0.47147431780633886,0.45565921650715324,0.47139238543079964,True,False,True
200,2,turn 2,2,0.41304346997863606,1,0.4977505422945188,0.35248999578808526,0.49449636852921897,0.4635322773306275,0.49330954992079445,True,True,False
200,3,turn 3,3,0.5293426684681193,0,0.5254357864555506,0.43939215517622965,0.5234716687513187,0.5119109615400128,0.5240738779618955,True,True,False
200,4,turn 4,4,0.437832718415841,1,0.5254414636889717,0.3761398313216097,0.5234770408425586,0.5118832392635149,0.5240785858519698,True,True,False
200,5,turn 5,5,0.46360153049640185,1,0.44668653907196765,0.4062495920382329,0.44785887948208547,0.44938243411989093,0.4425401377360285,True,True,False
201,1,turn 1,1,0.5740325537875275,1,0.5476148330838667,0.4719119282706325,0.543366896001628,0.5256328404043198,0.5459885770765326,True,False,True
201,2,turn 2,2,0.663961730869333,0,0.5483516077208975,0.5368402939454026,0.5439143229929683,0.5260351028214415,0.5466290389153882,True,True,False
201,3,turn 3,3,0.46720065048734916,0,0.44442362174669536,0.4157118566999408,0.44643131099500527,0.44882721290692157,0.44554267409210707,True,True,False
201,4,turn 4,4,0.48903152550559814,0,0.5483516097811263,0.44842233772447954,0.54391432403412,0.5260351035822267,0.5466290403763097,True,True,False
201,5,turn 5,5,0.39337306472746847,1,0.4872668350104724,0.3837629489341958,0.4857797379859657,0.4818789103951485,0.48662345689475495,True,True,False
202,2,turn 2,1,0.7125720268968025,1,0.647367135685647,0.48634112358834836,0.6415183337460115,0.5746095748572079,0.6345233303811214,True,False,True
202,3,turn 3,2,0.555948906984129,1,0.519909023093862,0.4799512720210528,0.5146447516531784,0.5097158731178565,0.5136680996566799,True,True,False
202,4,turn 4,3,0.6169107319993289,1,0.520428200814893,0.5526546070110888,0.5151460904613688,0.5099999994425779,0.5141661282137991,True,True,False
202,5,turn 5,4,0.6570109963725176,1,0.5204282018134865,0.6144918150964633,0.5151460914355142,0.5099999999999989,0.5141661291833524,True,True,False
202,6,turn 6,5,0.6793312309221586,1,0.5204282018134884,0.6555714389162893,0.515146091435516,0.51,0.5141661291833542,True,True,False
202,7,turn 7,6,0.5536525903192294,1,0.5140944628198516,0.44643101251385653,0.5103968262916027,0.5096370919671118,0.5122073914024963,True,True,False
204,2,turn 2,1,0.4499071407235263,0,0.4081938374861825,0.41131463037526717,0.4118030075851453,0.39786836640136625,0.4101968231495996,True,False,True
204,3,turn 3,2,0.45876061702325455,1,0.48927158248752284,0.402085695901991,0.48807029350192543,0.471285583296058,0.4887787215325908,True,True,False
205,2,turn 2,1,0.7198127618891565,1,0.6926496721118771,0.543962969687761,0.6863875935035002,0.5552316846800757,0.6227950484366487,True,False,True
205,3,turn 3,2,0.5803152201995405,1,0.5403854121477317,0.47161506388587665,0.5364789569873334,0.5136484737985314,0.5376862300808994,True,True,False
205,4,turn 4,3,0.44839972911870596,0,0.4218540033527563,0.41007409884241164,0.42144207200718387,0.4133337591126026,0.4213736322524212,True,True,False
205,5,turn 5,4,0.46261064625989257,0,0.38869579571908497,0.3927115718316845,0.402648431742078,0.3714103948879872,0.41569266759858514,True,True,False
206,2,turn 2,1,0.5185937792380458,1,0.47812135762922414,0.43141289685164114,0.47601706534591937,0.4588596994772747,0.47711406694821834,True,False,True
206,3,turn 3,2,0.5990915368656821,1,0.5122936765906821,0.5110886259886367,0.5104362917658376,0.5099567767837904,0.5113458565714584,True,True,False
206,4,turn 4,3,0.6558207206503298,0,0.512303907804609,0.5886000708136114,0.5104469527301754,0.5099999706600996,0.5113562194508514,True,True,False
206,5,turn 5,4,0.5877541604957501,1,0.5123039097531443,0.5037845379287857,0.5104469548017789,0.5099999792952659,0.5113562214375956,True,True,False
207,2,turn 2,1,0.5842225355216766,1,0.5643750182158742,0.4846523861490204,0.5598519308566408,0.5336307146229238,0.5628791699135508,True,False,True
207,3,turn 3,2,0.6753840632285291,1,0.5652235015997915,0.5458041224801575,0.5604245293654391,0.5340526545882078,0.5635873366756099,True,True,False
207,4,turn 4,3,0.4835349681568623,1,0.44214825243859673,0.41639478118942574,0.44163730440023613,0.4080823069874376,0.44202074249394036,True,True,False
208,2,turn 2,1,0.569202951954129,1,0.5537740769935463,0.4741740115525761,0.5493193851730028,0.525608777976319,0.5523001522529192,True,False,True
208,3,turn 3,2,0.6305563919173052,1,0.5407603696692795,0.5131607367527992,0.5365305547944348,0.5179244602420737,0.539254197326028,True,True,False
208,4,turn 4,3,0.5384213634509891,1,0.45305645948089174,0.48860413612415526,0.45398623575263314,0.43524557760091037,0.4537395385555491,True,True,False
208,5,turn 5,4,0.6560008625099778,1,0.5486940227364788,0.567425579282623,0.5396585621615748,0.5259766449965411,0.5442939010127574,True,True,False
209,2,turn 2,1,0.49519726301855826,0,0.46845262504987245,0.41803876916308136,0.46819319638061885,0.45083741981658654,0.4683933626575425,True,False,True
209,3,turn 3,2,0.41803876916308136,0,0.5014457033833223,0.36645589985981597,0.5011108283506354,0.4795361309168179,0.5013418446580261,True,True,False
209,4,turn 4,3,0.4577493819410281,0,0.521258567205281,0.4062545040623876,0.5190981623042881,0.5097218112810633,0.5205430483555,True,True,False
209,5,turn 5,4,0.39036999278281426,1,0.3413087727341019,0.3755483819086662,0.34106135900535933,0.34955385384563964,0.3411969107107796,True,True,False
209,6,turn 6,5,0.40988013450500704,0,0.5078180153108909,0.37650290122229596,0.5076610939340533,0.491179106071318,0.5077670728305637,True,True,False
209,7,turn 7,6,0.39164220784591586,0,0.46538153161112283,0.34667922008332175,0.46494806374860453,0.42752229962280575,0.46489560834092203,True,True,False
209,8,turn 8,7,0.34667922008332175,0,0.49666564762799614,0.3082638811596851,0.4960983053901904,0.4430420753004364,0.49589233780735664,True,True,False
209,9,turn 9,8,0.3082638811596851,1,0.5055430746482554,0.279847333710989,0.5052067271073372,0.453413488816079,0.5050707684252361,True,True,False
210,2,turn 2,1,0.5226075184584227,0,0.49190970347787555,0.44359591443816127,0.4897068892243268,0.4588625515306126,0.4910056792622721,True,False,True
210,3,turn 3,2,0.5388874488833741,1,0.5547265504356852,0.4588379346239355,0.550456205920104,0.5138295639509194,0.5519936037379776,True,True,False
210,4,turn 4,3,0.5807494355179126,1,0.5649302926830825,0.49195360528590487,0.5601400398748421,0.5338093165853165,0.5632963465778882,True,True,False
210,5,turn 5,4,0.5297889644056786,0,0.5182880695268878,0.4644480503152116,0.5157505907758994,0.4802309185653826,0.5172096365770991,True,True,False
210,6,turn 6,5,0.44688519222966555,0,0.5242581546627568,0.3959132842776686,0.5218883032235748,0.4912684056785749,0.5232312500194829,True,True,False
210,7,turn 7,6,0.38460793501500523,0,0.5258159536130759,0.3559959093350325,0.5235395987799952,0.4977202435149449,0.5248183386513541,True,True,False
210,8,turn 8,7,0.3509285571727643,0,0.5262348969001585,0.3374404494840213,0.5239979522233286,0.5017479602779504,0.5252495995314663,True,True,False
210,9,turn 9,8,0.5278888998828354,1,0.4963377027755853,0.46690791950626387,0.4937442615618993,0.4704486113638702,0.49353684962575917,True,True,False
210,10,turn 10,9,0.3355266950901705,0,0.5263484729675715,0.3295138332714769,0.5241262730373764,0.5043664062075073,0.5253677511628231,True,True,False
211,2,turn 2,1,0.5803152201995405,0,0.5403854121477317,0.47161506388587665,0.5364789569873334,0.5136484737985314,0.5376862300808994,True,False,True
211,3,turn 3,2,0.47855582346037556,0,0.5279317388349246,0.4296240253396548,0.5253264949821862,0.5096389768522339,0.5261689619933382,True,True,False
211,4,turn 4,3,0.4296240253396548,0,0.5305315056268929,0.40232878580251846,0.5279147519815297,0.5123759452202331,0.5287163570944667,True,True,False
211,5,turn 5,4,0.40232878580251846,0,0.5306139778517889,0.3843501618714549,0.5279986298567186,0.5126461044782845,0.5288064420260764,True,True,False
211,6,turn 6,5,0.3843501618714549,1,0.5306166377589399,0.37132082973111435,0.5280013932526458,0.512673266766584,0.5288096800302896,True,True,False
211,7,turn 7,6,0.421130404493859,1,0.5306167264524414,0.40841739399303983,0.5280014874459816,0.5126763089033463,0.5288098008256781,True,True,False
212,2,turn 2,1,0.5185937792380458,0,0.47812135762922414,0.43141289685164114,0.47601706534591937,0.4588596994772747,0.47711406694821834,True,False,True
212,3,turn 3,2,0.49614999761803125,1,0.4973187108038423,0.3579549662962811,0.4951749871974063,0.490044650297832,0.5104060852083657,True,True,False
213,2,turn 2,1,0.45771545114452783,1,0.4032682800550141,0.38402216353362,0.412298602541669,0.40177240866996394,0.42049169110044393,True,False,True
213,3,turn 3,2,0.39036999278281426,1,0.3413087727341019,0.3755483819086662,0.34106135900535933,0.34955385384563964,0.3411969107107796,True,True,False
213,4,turn 4,3,0.4890921897120907,0,0.5098229289950496,0.4767837337794928,0.5098179105954374,0.5097510263385614,0.5098125975510464,True,True,False
213,5,turn 5,4,0.45928435571682974,0,0.44878281225390665,0.40774890675881953,0.44960173147125887,0.4488546196826868,0.4492855664498132,True,True,False
213,6,turn 6,5,0.4032140217304923,0,0.4775172675715121,0.3937766962770697,0.47718797194917056,0.47364171996555343,0.4752928383500439,True,True,False
213,7,turn 7,6,0.369163435960531,0,0.42316325141675365,0.3944948659727789,0.42285441813802477,0.42268660736304775,0.4229028309609109,True,True,False
213,8,turn 8,7,0.40703664208337165,0,0.5099422911899523,0.39575324644850013,0.5099342844212131,0.5095952300533263,0.5099221640403846,True,True,False
214,2,turn 2,1,0.49111263019777024,0,0.4504444197494368,0.4288116922064265,0.45369086974782746,0.4559237937691865,0.45430546071406663,True,False,True
214,3,turn 3,2,0.4288116922064265,0,0.49175169682293546,0.3857522443192343,0.4902422428474477,0.47910570659687174,0.48643224737177476,True,True,False
214,4,turn 4,3,0.42525555606032217,1,0.3829732028358219,0.3913305493904808,0.38252004891895985,0.3567134346078806,0.38252428911246533,True,True,False
215,1,turn 1,1,0.49519726301855826,1,0.46845262504987245,0.41803876916308136,0.46819319638061885,0.45083741981658654,0.4683933626575425,True,False,True
215,2,turn 2,2,0.5858168094968869,1,0.509989305063663,0.5096609990099064,0.5099888629149784,0.509956063600169,0.509989169468161,True,True,False
215,3,turn 3,3,0.6493960417986093,1,0.509999997296656,0.5965835666959862,0.5099999970906537,0.5099999706000349,0.5099999972327766,True,True,False
216,2,turn 2,1,0.7125720268968025,1,0.647367135685647,0.48634112358834836,0.6415183337460115,0.5746095748572079,0.6345233303811214,True,False,True
216,3,turn 3,2,0.6800884783548238,0,0.583961471793148,0.48408954278644933,0.5783961840163158,0.5423772496049349,0.574399888324967,True,True,False
216,4,turn 4,3,0.48356517809846744,1,0.5842205214831201,0.44941737157372363,0.5786463384462068,0.5425190239508547,0.5746483920520098,True,True,False
217,2,turn 2,1,0.4767509876452043,1,0.4419238258912033,0.38094578495181514,0.4371717122180511,0.42249366185975784,0.43643444787730123,True,False,True
217,3,turn 3,2,0.47516897994568313,0,0.42643301863300176,0.418283954540004,0.4302778320031592,0.4190141329564109,0.4340127641048652,True,True,False
217,4,turn 4,3,0.41813646316337433,0,0.47543016331926197,0.3673731755034633,0.47768578347046786,0.4449936930203605,0.47924354849171,True,True,False
217,5,turn 5,4,0.3672472520540513,0,0.49329445961026874,0.33045145648014124,0.49478150089269474,0.45726363661973524,0.495034991053627,True,True,False
218,2,turn 2,1,0.5068595578802542,1,0.49475699766114817,0.41968275713673703,0.4947490883610015,0.4935925326457355,0.49476598282114465,True,False,True
218,3,turn 3,2,0.5391637848190336,1,0.5325721945488902,0.45321726235968757,0.5282542938057272,0.5095649046831094,0.5311421169316559,True,True,False
218,4,turn 4,3,0.4835349681568623,0,0.44214825243859673,0.41639478118942574,0.44163730440023613,0.4080823069874376,0.44202074249394036,True,True,False
219,2,turn 2,1,0.5339828876330425,0,0.45669250051710747,0.39638735393486296,0.4557982047763168,0.4131047989703242,0.45137605066183784,True,False,True
219,3,turn 3,2,0.38473965233392593,0,0.46936782669259425,0.2628167135268574,0.46806784139356483,0.3777965961606488,0.4598531510299563,True,True,False
219,5,turn 5,3,0.6399770905160109,0,0.6099738289180321,0.5330961137891239,0.6043526720398952,0.5335607992469411,0.5742597813251831,True,True,False
220,2,turn 2,1,0.47651049835422593,1,0.4320305559525084,0.41098676685158464,0.431403463212533,0.3888432096015796,0.4315001256202657,True,False,True
220,3,turn 3,2,0.525295269112211,1,0.5043535747877871,0.4344402758938709,0.5023614876125264,0.5015501601538901,0.5021106185230774,True,True,False
222,3,turn 3,1,0.6069778500798516,1,0.5666763614756118,0.4967991152578968,0.5625610876830642,0.5176598556299511,0.5631650687593026,True,False,True
222,4,turn 4,2,0.5536525903192294,0,0.5140944628198516,0.44643101251385653,0.5103968262916027,0.5096370919671118,0.5122073914024963,True,True,False
222,5,turn 5,3,0.44643101251385653,1,0.5146067655203532,0.38945447693579716,0.5108928969559599,0.5099992606595668,0.512711410031713,True,True,False
222,6,turn 6,4,0.5189126368758927,0,0.5146078209596266,0.4265956911373304,0.51089391121996,0.5099999999985503,0.5127124443789594,True,True,False
222,7,turn 7,5,0.4251892338387731,1,0.5146078209616733,0.3812497307065112,0.5108939112219412,0.509999999999997,0.5127124443809726,True,True,False
222,8,turn 8,6,0.48738795521585326,1,0.5146078209616776,0.41102903426120074,0.5108939112219453,0.51,0.5127124443809767,True,True,False
222,9,turn 9,7,0.5719393646140725,0,0.5146078209616776,0.46456294080284616,0.5108939112219453,0.51,0.5127124443809767,True,True,False
222,10,turn 10,8,0.45899760146012475,0,0.5146078209616776,0.3974864534475396,0.5108939112219453,0.51,0.5127124443809767,True,True,False
223,2,turn 2,1,0.5536525903192294,0,0.5140944628198516,0.44643101251385653,0.5103968262916027,0.5096370919671118,0.5122073914024963,True,False,True
223,3,turn 3,2,0.44643101251385653,0,0.5146067655203532,0.38945447693579716,0.5108928969559599,0.5099992606595668,0.512711410031713,True,True,False
223,4,turn 4,3,0.38945447693579716,0,0.5146078187894473,0.3673202248715616,0.5108939091503096,0.5099999984926531,0.5127124422604369,True,True,False
223,5,turn 5,4,0.3673202248715616,0,0.5146078209572068,0.3597966982132132,0.510893911217714,0.5099999999969268,0.5127124443766294,True,True,False
223,6,turn 6,5,0.3597966982132132,0,0.5146078209616683,0.3573578868024065,0.5108939112219366,0.5099999999999937,0.5127124443809679,True,True,False
223,7,turn 7,6,0.3573578868024065,0,0.5146078209616776,0.3565795819428675,0.5108939112219453,0.51,0.5127124443809767,True,True,False
223,8,turn 8,7,0.3565795819428675,1,0.5146078209616776,0.3563324412061589,0.5108939112219453,0.51,0.5127124443809767,True,True,False
224,1,turn 1,1,0.4835349681568623,0,0.44214825243859673,0.41639478118942574,0.44163730440023613,0.4080823069874376,0.44202074249394036,True,False,True
224,2,turn 2,2,0.4736667843572688,1,0.49801994573108727,0.4815770721485418,0.49658324996788156,0.4897206368752653,0.4975832615567147,True,True,False
224,3,turn 3,3,0.4318063555995496,0,0.4317360792746041,0.6146833431334262,0.42847535442089735,0.416865946178372,0.42073099627057664,True,True,False
224,4,turn 4,4,0.5836751967189193,1,0.647447035436772,0.5488132558098934,0.6450647321313537,0.6473559400454457,0.6523432176208751,True,True,False
225,1,turn 1,1,0.5803152201995405,1,0.5403854121477317,0.47161506388587665,0.5364789569873334,0.5136484737985314,0.5376862300808994,True,False,True
225,2,turn 2,2,0.5623260171539015,0,0.4783780362008533,0.46765370903265924,0.4762656073241315,0.45904115313767324,0.4773665929444424,True,True,False
225,3,turn 3,3,0.4672583844369669,0,0.504201128271536,0.3908830272476912,0.5020212003420719,0.4802309185646567,0.5031533740828491,True,True,False
225,4,turn 4,4,0.39065912864084107,1,0.5101712134084304,0.3472439226642614,0.5081589127907398,0.49126840567857344,0.5091749875262417,True,True,False
225,5,turn 5,5,0.4624767326666048,0,0.5123033480580179,0.3932613139404101,0.510446331906404,0.509986279157605,0.5113556407116634,True,True,False
225,6,turn 6,6,0.39127370766653513,0,0.5123037575525675,0.3509887707605997,0.5104467804175521,0.509990317945088,0.5113560623918418,True,True,False
225,7,turn 7,7,0.3499147567999519,0,0.5123038688980752,0.32892223815172184,0.5104469064005093,0.5099931677859213,0.5113561782754732,True,True,False
226,1,turn 1,1,0.4835349681568623,0,0.44214825243859673,0.41639478118942574,0.44163730440023613,0.4080823069874376,0.44202074249394036,True,False,True
226,2,turn 2,2,0.46162716953483995,0,0.49427571662229886,0.38812978889667316,0.4939487889125945,0.47202718488825035,0.4941801433039438,True,True,False
226,3,turn 3,3,0.35657682065660923,0,0.5057346058551875,0.3137983871402421,0.5054239143595385,0.4725368113571498,0.5056375306715106,True,True,False
226,4,turn 4,4,0.36674057213848954,0,0.5089735874695103,0.3320573333579613,0.5088998363547312,0.49702545586638025,0.5089505467322812,True,True,False
226,5,turn 5,5,0.2877796876528999,0,0.5096880903299909,0.27348322349754073,0.509643212359046,0.4934959205559008,0.5096742296954774,True,True,False
226,6,turn 6,6,0.45149331581822694,0,0.5502849405173073,0.3866834829445748,0.54797852983738,0.5042716425919793,0.5337594351842463,True,True,False
226,7,turn 7,7,0.32119932443828036,0,0.5099609486954597,0.31080938075887743,0.5099569531490412,0.5060531744058026,0.509959698697281,True,True,False
226,8,turn 8,8,0.3848151559141394,0,0.5506184682382844,0.32176205592709195,0.5483105356231319,0.5073002045054066,0.5340346844804282,True,True,False
226,9,turn 9,9,0.32176205592709195,0,0.550621467246422,0.2833704214560249,0.5483140658784437,0.5081156926031523,0.5340376620745744,True,True,False
228,2,turn 2,1,0.5351683228294181,0,0.5057246205148447,0.46387263097005055,0.5040793310341285,0.4911579320447498,0.5044498358222601,True,False,True
228,3,turn 3,2,0.5038320287493321,1,0.5394424544442278,0.44800226184766023,0.5359624288800786,0.517815230329918,0.5382696355740788,True,True,False
228,4,turn 4,3,0.5497509173956194,1,0.5244026339460608,0.47157836458347546,0.521165601388633,0.509999331328002,0.5216630482340904,True,True,False
229,1,turn 1,1,0.5803152201995405,1,0.5403854121477317,0.47161506388587665,0.5364789569873334,0.5136484737985314,0.5376862300808994,True,False,True
229,2,turn 2,2,0.6599065236422226,1,0.5409250886841068,0.5352101416719194,0.5370022301981338,0.5140144630846804,0.5382147002617796,True,True,False
230,2,turn 2,1,0.45482066585381853,1,0.40767134045134945,0.4076104825142207,0.4072286331476209,0.388126439880609,0.40742628876368603,True,False,True
230,3,turn 3,2,0.5582316611081786,1,0.5238532369430903,0.4846709782697767,0.5207999663284147,0.509757407823772,0.521212661811752,True,True,False
230,4,turn 4,3,0.6224461678419012,1,0.524403298242754,0.5591784765743197,0.5211662585368207,0.5099999800206293,0.5216636965627274,True,True,False
231,2,turn 2,1,0.5509294483275525,0,0.5381360247082109,0.45713591470252285,0.5349769232771976,0.5202586901669682,0.5372252745164328,True,False,True
231,3,turn 3,2,0.6574138466865049,1,0.6072692808134408,0.5097347098569722,0.6015680835583352,0.522104852799922,0.5832461005674743,True,True,False
231,4,turn 4,3,0.4849659518047098,0,0.4441669426768099,0.42633274603748256,0.44618276853082856,0.44864575889120334,0.44529014760387753,True,True,False
231,5,turn 5,4,0.42633274603748256,0,0.48726630728981024,0.3963518657356523,0.485779230852973,0.48187854072493197,0.48662293972012305,True,True,False
231,6,turn 6,5,0.736169121382367,1,0.6078759186134388,0.5363073195835928,0.6021569626335729,0.5224462930902951,0.5837779108631412,True,True,False
231,7,turn 7,6,0.3963518657356523,1,0.5054771786224515,0.3848508358431819,0.5015256324974167,0.4955083647496271,0.5035940066764375,True,True,False
232,2,turn 2,1,0.5282414614445144,1,0.5009964863218389,0.4585130839530498,0.500557524161112,0.4849719516870475,0.5013770812107868,True,False,True
232,3,turn 3,2,0.5815693988015016,1,0.5341731265762034,0.5380851025967377,0.5205726980281558,0.5098134715388621,0.5251104127779385,True,True,False
232,4,turn 4,3,0.6818018870626932,1,0.5345068699345673,0.6468751807534984,0.520876739718887,0.5099999751499387,0.5254220026256804,True,True,False
232,5,turn 5,4,0.8035234498266636,1,0.5485856251927769,0.801655244592836,0.5266074461596294,0.5099999999728485,0.5366779468487226,True,True,False
232,6,turn 6,5,0.7390145127053291,1,0.5345069135281397,0.717487084319463,0.5208767688128852,0.509999999999992,0.5254220380355038,True,True,False
233,1,turn 1,1,0.4587055447326939,0,0.42716305409664623,0.3861110497256173,0.4263842830828403,0.4160502742248196,0.4255346234253762,True,False,True
233,2,turn 2,2,0.5302560740997417,1,0.5044257302404999,0.4330568848252968,0.502572957326302,0.5016148123064237,0.5034866871118204,True,True,False
233,3,turn 3,3,0.6411170661509407,1,0.5146078199631098,0.5189126368758927,0.5108939102480268,0.509999999287909,0.5127124433949445,True,True,False
233,4,turn 4,4,0.6587549694524303,1,0.5406420912186438,0.5519261514628522,0.5367274994525038,0.5138299278149748,0.5379387565701388,True,True,False
233,5,turn 5,5,0.7160774531123417,1,0.5409250891833908,0.6186917587077057,0.537002230685093,0.514014463440726,0.5382147007547958,True,True,False
234,2,turn 2,1,0.6069778500798516,1,0.5666763614756118,0.4967991152578968,0.5625610876830642,0.5176598556299511,0.5631650687593026,True,False,True
234,3,turn 3,2,0.4835349681568623,1,0.44214825243859673,0.41639478118942574,0.44163730440023613,0.4080823069874376,0.44202074249394036,True,True,False
235,2,turn 2,1,0.5282414614445144,1,0.5009964863218389,0.4585130839530498,0.500557524161112,0.4849719516870475,0.5013770812107868,True,False,True
235,3,turn 3,2,0.6526526723586441,1,0.5596280777527093,0.5626090593775792,0.5491165677113371,0.5260054597120946,0.5545757997501389,True,True,False
235,4,turn 4,3,0.7552965134542026,1,0.5596775158190631,0.6623573638973018,0.5491521499539856,0.5260350872024605,0.5546175179320376,True,True,False
235,5,turn 5,4,0.8151105698862858,1,0.559677544531914,0.7365061131851833,0.5491521690150618,0.5260351035743112,0.5546175412024276,True,True,False
235,6,turn 6,5,0.8455334952567904,1,0.5596775445485861,0.7906565437588026,0.5491521690252708,0.5260351035833567,0.554617541215405,True,True,False
236,2,turn 2,1,0.49519726301855826,0,0.46845262504987245,0.41803876916308136,0.46819319638061885,0.45083741981658654,0.4683933626575425,True,False,True
236,3,turn 3,2,0.41639478118942574,0,0.4937944355834495,0.35657682065660923,0.49314848946418754,0.45046183713076515,0.49359430378674296,True,True,False
236,4,turn 4,3,0.35657682065660923,1,0.5057346058551875,0.3137983871402421,0.5054239143595385,0.4725368113571498,0.5056375306715106,True,True,False
236,5,turn 5,4,0.4321851904782156,1,0.44159665180923025,0.38770362133194064,0.4414093572429342,0.43907156554449517,0.44141533603789085,True,True,False
237,2,turn 2,1,0.4877646406756222,0,0.4431457145741835,0.42055065918076595,0.44161803086228146,0.42862999057610995,0.4423533229766228,True,False,True
237,3,turn 3,2,0.42055065918076595,0,0.48658969334138086,0.37278859468802894,0.4845439044847666,0.4554981327984085,0.48496934055927604,True,True,False
237,4,turn 4,3,0.37278859468802894,1,0.5005444533259439,0.34331034378425257,0.4986682907863817,0.4704889525721477,0.4990304503645151,True,True,False
237,5,turn 5,4,0.42580719221632984,0,0.5115302186292846,0.38170013923891705,0.5102917310077686,0.5099616439216591,0.5108976445115514,True,True,False
237,6,turn 6,5,0.3803687063829517,0,0.5115329071804753,0.3508408213471583,0.5102945712419286,0.509965941521736,0.5109005378275168,True,True,False
237,7,turn 7,6,0.35011640812389283,1,0.5115343056409806,0.3311226978838205,0.5102960875204191,0.5099693580328434,0.5109021115490849,True,True,False
237,8,turn 8,7,0.39047392642682927,0,0.511535939466009,0.3610050933427229,0.51029796939553,0.5099999731902067,0.51090414701323,True,True,False
237,9,turn 9,8,0.3587072162460676,1,0.5115359398540661,0.33822881884911143,0.5102979698395255,0.5099999753994081,0.5109041474912129,True,True,False
238,2,turn 2,1,0.5452564091183569,1,0.5044123069571043,0.45659694822366126,0.5020991960416502,0.46287108130869437,0.5025929056266215,True,False,True
238,3,turn 3,2,0.6178809943569639,0,0.5386109453116792,0.5273861307846632,0.5365446117159446,0.5139712405805619,0.5368481134382936,True,True,False
238,4,turn 4,3,0.5321962806265765,0,0.5258327948092444,0.4539219220890911,0.5238852418984111,0.5097909016788851,0.5249924596450821,True,True,False
238,5,turn 5,4,0.45362181100717897,0,0.5263876131295205,0.3971669365525733,0.5241748207808149,0.5099781179820674,0.5254102865929442,True,True,False
238,6,turn 6,5,0.48985703141289666,1,0.5485392352391165,0.4117753267818936,0.5459634575191062,0.5337941328741671,0.547883646783372,True,True,False
238,7,turn 7,6,0.50465090853575,0,0.5386211791470026,0.4305185649193737,0.5365552754975231,0.5140144534908199,0.5368584789963191,True,True,False
238,8,turn 8,7,0.42926279864463046,0,0.5386211791873219,0.38627618372205963,0.5365552755445447,0.5140144565246612,0.5368584790386692,True,True,False
238,9,turn 9,8,0.3853914650566531,1,0.538621179197975,0.36259141479344625,0.5365552755574423,0.5140144586650792,0.5368584790500026,True,True,False
238,10,turn 10,9,0.4306019399128175,0,0.5386211792019515,0.392941792979847,0.536555275562478,0.5140144637937238,0.5368584790542954,True,True,False
239,2,turn 2,1,0.4835349681568623,1,0.44214825243859673,0.41639478118942574,0.44163730440023613,0.4080823069874376,0.44202074249394036,True,False,True
239,3,turn 3,2,0.5570660075804235,0,0.5099795332182545,0.5032646151013805,0.5099786732836484,0.5099135542796718,0.5099792697479724,True,True,False
239,4,turn 4,3,0.5027124924931701,0,0.5099944351013345,0.43704679649128547,0.5099940097484048,0.5099390072839824,0.5099943032595605,True,True,False
239,5,turn 5,4,0.43644657432746115,0,0.5099984868632825,0.3734571191151724,0.509998317404486,0.509956963692247,0.5099984344692359,True,True,False
239,6,turn 6,5,0.5137980438619255,1,0.5462498749984624,0.431449233750228,0.5432344630288767,0.5257436872740406,0.5452526365324493,True,True,False
241,2,turn 2,1,0.569202951954129,0,0.5537740769935463,0.4741740115525761,0.5493193851730028,0.525608777976319,0.5523001522529192,True,False,True
241,3,turn 3,2,0.4741740115525761,0,0.5560559250321813,0.45381112310862465,0.5504497703226798,0.526034199238706,0.5540614424009362,True,True,False
241,4,turn 4,3,0.47532286192482354,0,0.5417346601280173,0.4393459058620708,0.5385327142472794,0.5205659464758511,0.5406468821897514,True,True,False
241,5,turn 5,4,0.4393459058620708,1,0.5465146598260558,0.42235950112084675,0.5433074093690421,0.5255719118147714,0.545421354082328,True,True,False
241,6,turn 6,5,0.5013014578106656,0,0.5468156517524675,0.4748648649753475,0.5436163349755866,0.5260350644857056,0.5457248742282194,True,True,False
241,7,turn 7,6,0.44529351029088377,1,0.5468156683855211,0.4316969779429032,0.5436163524596554,0.5260351001612421,0.5457248911419327,True,True,False
241,8,turn 8,7,0.5038140025882296,1,0.5016129930009283,0.4530868370687123,0.4982115827136752,0.47593272670176473,0.4988379371726918,True,True,False
243,2,turn 2,1,0.4835349681568623,0,0.44214825243859673,0.41639478118942574,0.44163730440023613,0.4080823069874376,0.44202074249394036,True,False,True
243,3,turn 3,2,0.5230116713496439,0,0.5136645961050191,0.4364500097482123,0.5115016910833643,0.5015787186644225,0.5129540498764003,True,True,False
243,4,turn 4,3,0.4364500097482123,0,0.523412060356433,0.4093296602473401,0.5197880724257684,0.5093047692140806,0.5220516350943016,True,True,False
245,2,turn 2,1,0.4866268515295687,0,0.4529393698553883,0.41388543027996877,0.4525186715953558,0.4237596506162982,0.4525887446872254,True,False,True
245,3,turn 3,2,0.4548084314898381,0,0.5084374568860289,0.39086559341484656,0.5066269531547151,0.47025451981031735,0.5074473161267337,True,True,False
246,2,turn 2,1,0.48238173949611024,0,0.4607040800120774,0.42637852489125844,0.45992918965922935,0.45604886157937685,0.4598748694403731,True,False,True
246,3,turn 3,2,0.5167750369159776,0,0.5132210744523493,0.4488759564402991,0.5105344900545136,0.4761190198651563,0.511941561820328,True,True,False
246,4,turn 4,3,0.42414810008321935,1,0.44490594762030256,0.37086041548254706,0.5029705968509541,0.4528398124288019,0.5010623111547285,True,True,False
247,1,turn 1,1,0.4211809066284171,0,0.3528295567406809,0.38007575370551905,0.3981003317771072,0.37323872174716155,0.4019721978477732,True,False,True
247,2,turn 2,2,0.4205475210320146,0,0.4099579821695434,0.3775788779046051,0.40893635572233933,0.38513755189659354,0.4093204031997084,True,True,False
247,3,turn 3,3,0.3775788779046051,0,0.4627829956005028,0.35602856963673435,0.4611239792621742,0.42491644761983804,0.4606914451072712,True,True,False
248,2,turn 2,1,0.569202951954129,1,0.5537740769935463,0.4741740115525761,0.5493193851730028,0.525608777976319,0.5523001522529192,True,False,True
248,3,turn 3,2,0.4499071407235263,0,0.4081938374861825,0.41131463037526717,0.4118030075851453,0.39786836640136625,0.4101968231495996,True,True,False
248,4,turn 4,3,0.532856600120075,0,0.5182880674246382,0.45565534470453223,0.5157505901874369,0.4802309182149372,0.517209635370199,True,True,False
248,5,turn 5,4,0.4500087772110871,0,0.5242581546533371,0.3900303898834859,0.5218883032221762,0.49126840567786045,0.5232312500153808,True,True,False
248,6,turn 6,5,0.6084106883302424,0,0.556094828406795,0.49901918767759373,0.550457710664552,0.5260351030078158,0.5540836029655798,True,True,False
248,7,turn 7,6,0.36001643335067535,0,0.4843880264075464,0.34551447109420363,0.4846960351111827,0.46959915391009344,0.48467308867189307,True,True,False
248,8,turn 8,7,0.46458449472277746,0,0.5560948603914061,0.4504039775508635,0.550457717222114,0.5260351035821237,0.5540836213537466,True,True,False
248,9,turn 9,8,0.44721340978793706,0,0.5560948610635869,0.444276517702654,0.5504577172811455,0.526035103583359,0.5540836216429437,True,True,False
248,10,turn 10,9,0.44384667551019424,0,0.5560948610778292,0.4430583265261889,0.5504577172816918,0.5260351035833617,0.5540836216475516,True,True,False
249,1,turn 1,1,0.4217147303187083,0,0.3854102358831744,0.3764074793455248,0.38483278886564315,0.38279455476238233,0.38442923365545156,True,False,True
249,2,turn 2,2,0.5536525903192294,0,0.5140944628198516,0.44643101251385653,0.5103968262916027,0.5096370919671118,0.5122073914024963,True,True,False
249,3,turn 3,3,0.44643101251385653,0,0.5146067655203532,0.38945447693579716,0.5108928969559599,0.5099992606595668,0.512711410031713,True,True,False
249,4,turn 4,4,0.38945447693579716,1,0.5146078187894473,0.3673202248715616,0.5108939091503096,0.5099999984926531,0.5127124422604369,True,True,False
249,5,turn 5,5,0.49651041150889164,1,0.530342841712277,0.4314163938462348,0.5277315991478834,0.5122529222626627,0.5285323956482113,True,True,False
250,2,turn 2,1,0.45482066585381853,1,0.40767134045134945,0.4076104825142207,0.4072286331476209,0.388126439880609,0.40742628876368603,True,False,True
250,3,turn 3,2,0.5101247279669141,0,0.5099404789924243,0.4712360152028652,0.5099384733961083,0.5098674775325789,0.5099379423687945,True,True,False
250,4,turn 4,3,0.4709303489392046,0,0.5099702016750989,0.4247557387031016,0.5099683416110805,0.5098851268597395,0.5099675427073909,True,True,False
250,5,turn 5,4,0.4244240915113146,0,0.5099844339536834,0.3793641974206772,0.5099830044620266,0.5098987549066138,0.5099822560272944,True,True,False
250,6,turn 6,5,0.558814487872056,1,0.5307900888055082,0.4753741598539748,0.526210612850798,0.5096793345958222,0.5268293578436418,True,True,False
250,7,turn 7,6,0.37907956347373073,1,0.5099916756641878,0.3425443422002168,0.5099906589033547,0.509909481518166,0.5099900683071203,True,True,False
250,8,turn 8,7,0.44204860871262375,1,0.5099999956654031,0.3966190947040764,0.509999995000364,0.5099999211903594,0.509999994589162,True,True,False
251,2,turn 2,1,0.6720823949774435,1,0.659567535595678,0.6297588494089303,0.6535407137316674,0.518529085585977,0.5624745408831104,True,False,True
251,3,turn 3,2,0.6461628900651768,1,0.5991551713523606,0.5631608721525007,0.5951073353921861,0.5161815481643774,0.5495861487584678,True,True,False
251,4,turn 4,3,0.6972385306014469,1,0.5994238581379353,0.6214373059506716,0.5953687489292588,0.5163431142948636,0.5498188508887143,True,True,False
251,5,turn 5,4,0.6587968512476478,0,0.5263965852847403,0.5864830946762731,0.5250292809421097,0.5096394781004858,0.5252655793556085,True,True,False
251,6,turn 6,5,0.704525618879039,1,0.607590145081786,0.5788008997940031,0.6018803152137582,0.5222463691525765,0.5835244569689851,True,True,False
251,7,turn 7,6,0.7685017997083244,1,0.6078759191129812,0.5936251428692798,0.6021569631239108,0.5224462933587962,0.583777911315752,True,True,False
251,8,turn 8,7,0.8229322824851296,1,0.6078759196123922,0.6048924746643595,0.6021569636123707,0.5224462937453853,0.5837779117753326,True,True,False
252,1,turn 1,1,0.41714436008408856,0,0.3843770412365381,0.39080625922104667,0.3840623000433602,0.38586821771423474,0.38410308363099,True,False,True
252,2,turn 2,2,0.45927299864767646,0,0.41416945818261286,0.4149640690959149,0.4169188951805784,0.41931675527950457,0.40906921224937565,True,True,False
252,3,turn 3,3,0.4149640690959149,0,0.47798424090933156,0.37481155199973043,0.4771649940154946,0.4210078737320481,0.4627205724618797,True,True,False
252,4,turn 4,4,0.37481155199973043,0,0.49968037183368663,0.337465573815579,0.497530489349566,0.4118704291904546,0.4837582064890126,True,True,False
252,5,turn 5,5,0.337465573815579,1,0.5094604953946302,0.3053120492479825,0.5064709089052387,0.40071255493681335,0.49427774267296504,True,True,False
252,6,turn 6,6,0.39080625922104667,0,0.4503965425390846,0.3680432302665924,0.4487064062255586,0.41803058002037136,0.44695629280308485,True,True,False
253,1,turn 1,1,0.47651049835422593,1,0.4320305559525084,0.41098676685158464,0.431403463212533,0.3888432096015796,0.4315001256202657,True,False,True
253,2,turn 2,2,0.5245824907725478,1,0.5023604242735514,0.4589715766607835,0.502355664816031,0.5016960374773337,0.5023637923904812,True,True,False
253,3,turn 3,3,0.5684527174873873,0,0.5099897604724091,0.5308562767720457,0.5099893300141334,0.5099566733873724,0.5099896280376783,True,True,False
253,4,turn 4,4,0.44891510904546467,0,0.4076483726921044,0.35447187607139546,0.4064696786253443,0.3976699592157751,0.40509854078069985,True,True,False
253,5,turn 5,5,0.35447187607139546,0,0.4545771750618106,0.2885228002214346,0.4519916404358455,0.4130508427364271,0.44840554683069933,True,True,False
253,6,turn 6,6,0.5305295760724931,1,0.5099972153843928,0.479906875737387,0.5099970024551541,0.5099693920140865,0.5099971490989033,True,True,False
253,7,turn 7,7,0.5782933388863563,1,0.5099999992716218,0.5461844726230782,0.5099999991900166,0.5099999791844418,0.5099999992462603,True,True,False
254,2,turn 2,1,0.49557246622074747,0,0.4540872899890555,0.41821079306137127,0.45269688200759417,0.41057435983169244,0.45700018096120687,True,False,True
254,3,turn 3,2,0.4395283686798378,1,0.42070748590081597,0.38575928191406955,0.4273911959737572,0.3981181064576075,0.4338158842186644,True,True,False
254,4,turn 4,3,0.46455161489691443,0,0.5217774610389265,0.4076419948988032,0.5194169160357613,0.5025450719476435,0.5167563951912322,True,True,False
254,5,turn 5,4,0.4687416128866587,1,0.49848917322607356,0.4450814400149929,0.4639920106557214,0.46509086561232726,0.459850383011264,True,True,False
255,2,turn 2,1,0.405397189386818,1,0.47420946543176123,0.6147928549661802,0.47256463764153045,0.4640241589225677,0.46493849371534557,True,False,True
255,3,turn 3,2,0.5216589038899054,1,0.9980020009999981,0.43084283360899894,0.9980020525761247,0.9850085718073369,0.9957743312456127,True,True,False
255,4,turn 4,3,0.6340241978193959,0,0.6608103268761084,0.7167869317848915,0.6424206684368081,0.5946682410132264,0.5990063135859365,True,True,False
255,5,turn 5,4,0.6762555941110057,0,0.6608264510971402,0.7218611371534888,0.6424444171963343,0.5946884859913631,0.5990273343831128,True,True,False
255,6,turn 6,5,0.6961506432843767,0,0.6608379062165162,0.7255455338105529,0.6424620892602341,0.5947026773008196,0.5990417930330733,True,True,False
255,7,turn 7,6,0.7077232795610557,1,0.6608458134667774,0.7283271232363476,0.6424753022684854,0.5947131668327331,0.5990523639296014,True,True,False
255,8,turn 8,7,0.7379269272667771,0,0.6609218876512526,0.7420534763521746,0.6425186806608841,0.5947454772291756,0.5990847543340067,True,True,False
255,9,turn 9,8,0.7386431268334902,0,0.6609218902055988,0.7422820505000028,0.6425186849308854,0.5947454808119483,0.5990847579231979,True,True,False
256,3,turn 3,1,0.6127020440342734,1,0.5902030708981051,0.47912993529145553,0.5853022415832521,0.5443555624982395,0.5821665016280722,True,False,True
256,4,turn 4,2,0.6546108723953258,1,0.5386534811631236,0.47862627609986486,0.5359592519019022,0.5081331811006522,0.55169528120419,True,True,False
257,2,turn 2,1,0.45757613597784236,1,0.4270074722048615,0.41692217242004515,0.4271427696457481,0.4221020250840191,0.4254034698301367,True,False,True
257,3,turn 3,2,0.6676251962027107,1,0.5788359906557232,0.44803495150201317,0.5766604692864309,0.5459033584197016,0.5930742799686267,True,True,False
257,4,turn 4,3,0.5841937303037166,0,0.5190085412029757,0.5095767173399937,0.5131456315902703,0.5097526561283299,0.5112687116958461,True,True,False
257,5,turn 5,4,0.4848845675364935,0,0.5198091758508442,0.4246818691432115,0.5135701992990653,0.5099989415392864,0.5115416774968953,True,True,False
257,6,turn 6,5,0.4103902369375032,0,0.5198146933999079,0.3762443964074833,0.5135718611559887,0.5099999810183855,0.5115424494151385,True,True,False
257,7,turn 7,6,0.37026290231857556,0,0.519814787887306,0.3544223770470477,0.5135718891575703,0.5099999982457233,0.5115424650978535,True,True,False
257,9,turn 9,7,0.669175113075609,0,0.6583883687793721,0.4751495128386378,0.6536376623302936,0.537920620955388,0.5740837791945073,True,True,False
258,2,turn 2,1,0.5185937792380458,0,0.47812135762922414,0.43141289685164114,0.47601706534591937,0.4588596994772747,0.47711406694821834,True,False,True
258,3,turn 3,2,0.42591194399770615,0,0.4139780567271212,0.3212202678845476,0.41092748125263723,0.4022248361920356,0.41041435581743857,True,True,False
258,4,turn 4,3,0.5497075963446125,1,0.5343118794629658,0.4763784042836948,0.5322691896922191,0.5092746811684985,0.5326224243587692,True,True,False
258,5,turn 5,4,0.6106840056563332,0,0.5386210517388077,0.5384010399237273,0.5365551458691199,0.5140140140471137,0.5368583394232721,True,True,False
259,2,turn 2,1,0.4499071407235263,0,0.4081938374861825,0.41131463037526717,0.4118030075851453,0.39786836640136625,0.4101968231495996,True,False,True
259,3,turn 3,2,0.5536171034356602,1,0.5390198071604467,0.4605511979486163,0.5356768109700025,0.5176047166436731,0.5379166098949756,True,True,False
260,1,turn 1,1,0.45550518768929926,1,0.40527489953592066,0.40139283533704806,0.4120452518746309,0.3923720770002949,0.41853314992550317,True,False,True
260,2,turn 2,2,0.4748782957863016,1,0.4431268181081351,0.44304052633909824,0.44308605317985944,0.4502399864574061,0.44317220997916623,True,True,False
260,3,turn 3,3,0.5672727361816597,0,0.5288069274752268,0.5232023686517477,0.527432874036663,0.5124467666722202,0.5276312117330543,True,True,False
260,4,turn 4,4,0.5194741462312539,0,0.5290119109365619,0.48956719203084925,0.5276309932419746,0.5125479729331035,0.5278279518379428,True,True,False
262,2,turn 2,1,0.5396006763799006,0,0.5196454962160767,0.45171991459677824,0.5168689096560493,0.495700234712426,0.5187374364147684,True,False,True
262,3,turn 3,2,0.45171991459677824,1,0.5342118363726376,0.4188690338091011,0.5307141935338621,0.5074349719099507,0.5329736033037722,True,True,False
263,2,turn 2,1,0.5087217172067096,1,0.48636599296680455,0.4354173436718493,0.48475839389771963,0.4711168969225142,0.48361273809236227,True,False,True
263,3,turn 3,2,0.5989985836981172,1,0.5209151031035182,0.5336141362025694,0.5194381758141922,0.5099418612287844,0.5202581207574747,True,True,False
263,4,turn 4,3,0.6501814609458499,1,0.5209272304925929,0.6011548899328046,0.5194508930169891,0.5099999196262366,0.5202749826252225,True,True,False
264,1,turn 1,1,0.5729643935512018,1,0.5598255382317422,0.47586249348541576,0.5550908407352956,0.5335917689275846,0.5584549203640768,True,False,True
264,2,turn 2,2,0.6830237953691213,1,0.5627513908750716,0.5391131605610022,0.5565102199530259,0.534052654511725,0.5607129197646561,True,True,False
264,3,turn 3,3,0.5185937792380458,1,0.47812135762922414,0.43141289685164114,0.47601706534591937,0.4588596994772747,0.47711406694821834,True,True,False
266,1,turn 1,1,0.5230116713496439,1,0.5136645961050191,0.4364500097482123,0.5115016910833643,0.5015787186644225,0.5129540498764003,True,False,True
266,2,turn 2,2,0.5842225355216766,1,0.5643750182158742,0.4846523861490204,0.5598519308566408,0.5336307146229238,0.5628791699135508,True,True,False
266,3,turn 3,3,0.6395827473726294,1,0.5239182773627294,0.5287046639162883,0.520261562316084,0.5099992860334048,0.5225376011600484,True,True,False
266,4,turn 4,4,0.4835349681568623,1,0.44214825243859673,0.41639478118942574,0.44163730440023613,0.4080823069874376,0.44202074249394036,True,True,False
267,2,turn 2,1,0.5163637498735145,1,0.4995541566713986,0.44268295094010524,0.49841630731127484,0.4987639640461511,0.498376106628325,True,False,True
267,3,turn 3,2,0.6298492033098506,0,0.5198118094974555,0.5700877867297844,0.5135701169280678,0.5099987614109771,0.5115410839653558,True,True,False
267,4,turn 4,3,0.5431703881679082,1,0.5198143330758425,0.4790227801377999,0.513571677503865,0.5099998613074617,0.5115423186622285,True,True,False
267,5,turn 5,4,0.6495448648536448,1,0.5198147994193337,0.6044701646039694,0.5135718923011985,0.5099999999850537,0.511542466787949,True,True,False
267,6,turn 6,5,0.7109064254572618,1,0.5198147994855624,0.6892044310380887,0.5135718923255888,0.5099999999999985,0.5115424668030296,True,True,False
268,1,turn 1,1,0.5185937792380458,0,0.47812135762922414,0.43141289685164114,0.47601706534591937,0.4588596994772747,0.47711406694821834,True,False,True
268,2,turn 2,2,0.4899345479277113,1,0.5250258541931382,0.4142768042834344,0.5222008247010705,0.4927069844734277,0.5231569275259195,True,True,False
268,3,turn 3,3,0.534333831163651,1,0.46506650876620653,0.4103631321461915,0.4616555089725051,0.4408264462015022,0.46151556770357943,True,True,False
268,4,turn 4,4,0.6586756118991604,1,0.5305358660101146,0.5440808298355361,0.5279159030844526,0.5125220043043291,0.5287177109633386,True,True,False
268,5,turn 5,5,0.720253132807021,0,0.5306166651406704,0.645271769163478,0.528001420100117,0.5126761176976767,0.5288097246522937,True,True,False
268,6,turn 6,6,0.5367580173586247,1,0.5123017219916393,0.4495603566367004,0.5104446016367779,0.5099771256317147,0.5113539821011162,True,True,False
268,7,turn 7,7,0.613037268117402,1,0.5123039099085247,0.5306319928446754,0.5104469549750474,0.5099999844740004,0.5113562215984229,True,True,False
268,8,turn 8,8,0.6641038863549731,1,0.5123039104806891,0.6044837737399376,0.5104469556108009,0.5099999999894627,0.5113562221903319,True,True,False
268,9,turn 9,9,0.7249870960905602,1,0.5409250896827913,0.6321557531808755,0.5370022311734519,0.514014463797207,0.5382147012447849,True,True,False
268,10,turn 10,10,0.763603789569048,0,0.5409250896827913,0.6912558650638876,0.5370022311734519,0.514014463797207,0.5382147012447849,True,True,False
270,1,turn 1,1,0.5060048923560606,0,0.3873227855444128,0.3397973874319479,0.3866973133909668,0.3985121747455914,0.39919066941362413,True,False,True
270,2,turn 2,2,0.3397973874319479,1,0.38757893756992756,0.3111011267092292,0.3846462017189023,0.3895294401091519,0.3905497311149214,True,True,False
271,1,turn 1,1,0.5083890524595565,0,0.46489834200454455,0.43832784965958366,0.46424810671072025,0.4506584330291818,0.47656903121726507,True,False,True
271,2,turn 2,2,0.43832784965958366,0,0.4971317393575247,0.3847288605267037,0.49534801359066666,0.46322140426079966,0.5042745485723547,True,True,False
271,3,turn 3,3,0.3847288605267037,0,0.506859966726957,0.34959315322559487,0.5045730390697841,0.46711219305901414,0.5124605097632607,True,True,False
271,4,turn 4,4,0.34959315322559487,0,0.5110711572733021,0.3282623000899435,0.50833143062814,0.4686672421034759,0.5159157522362866,True,True,False
271,5,turn 5,5,0.3282623000899435,0,0.5132708430223869,0.31594768956692076,0.5101087179112148,0.46932340780041276,0.5176762073746625,True,True,False
271,6,turn 6,6,0.31594768956692076,0,0.5145559570076327,0.3091669028055317,0.5110214761903512,0.4695898648490288,0.5186716557103932,True,True,False
271,7,turn 7,7,0.3091669028055317,0,0.5153608837074116,0.3055757182429544,0.5115149336998676,0.469685644574513,0.5192676672963824,True,True,False
271,8,turn 8,8,0.3055757182429544,1,0.5158873868558463,0.30372148527620446,0.5117908420471813,0.4697115197521242,0.5196359427914675,True,True,False
271,9,turn 9,9,0.44390498546352947,0,0.5752749391335026,0.43909461811669753,0.566867150044267,0.5099287760539768,0.5202778138357803,True,True,False
272,1,turn 1,1,0.5838919130584476,0,0.530087358027464,0.4627706320933041,0.5274872410936049,0.5123399181081237,0.5283311800916878,True,False,True
272,2,turn 2,2,0.44808707686826194,1,0.44330117030152066,0.36613274302619603,0.4412774180688828,0.435113059697039,0.4409694971977043,True,True,False
272,3,turn 3,3,0.5252482091706291,1,0.49412370312673043,0.45525191697221257,0.49172557539311307,0.4646555814472414,0.49227126444401564,True,True,False
273,1,turn 1,1,0.43228002586295855,1,0.3930908993219102,0.39673856372832184,0.39275389010666306,0.37595253199373857,0.39304490598614,True,False,True
273,2,turn 2,2,0.49293156469613264,1,0.502299811423023,0.44497479968033893,0.5022936680913282,0.5017147478530909,0.5023039798662753,True,True,False
273,3,turn 3,3,0.5858168094968869,0,0.509989305063663,0.5096609990099064,0.5099888629149784,0.509956063600169,0.509989169468161,True,True,False
273,4,turn 4,4,0.5015158461390278,0,0.5099971893571675,0.43110693603955286,0.5099969751887443,0.5099694411878252,0.5099971229452593,True,True,False
274,1,turn 1,1,0.5337213146336581,0,0.5012428100165377,0.45571436696579176,0.49801951003394396,0.4758136587263606,0.49855981939374133,True,False,True
274,2,turn 2,2,0.45571436696579176,1,0.5189994321522493,0.39691059983930393,0.515548291052034,0.4901535101558066,0.5161938495526796,True,True,False
274,3,turn 3,3,0.5368843636216415,1,0.5244018427615281,0.4668284354096743,0.5211646918566478,0.5099847504202891,0.521662206120633,True,True,False
275,1,turn 1,1,0.5536171034356602,0,0.5390198071604467,0.4605511979486163,0.5356768109700025,0.5176047166436731,0.5379166098949756,True,False,True
275,2,turn 2,2,0.4605511979486163,0,0.5443161865699346,0.43444208709722415,0.5401056195512807,0.5216782556047471,0.5428184281830295,True,True,False
275,3,turn 3,3,0.4499071407235263,1,0.4081938374861825,0.41131463037526717,0.4118030075851453,0.39786836640136625,0.4101968231495996,True,True,False
275,4,turn 4,4,0.5821279490996488,1,0.5292083816383997,0.5497417741369015,0.5182396588433907,0.5099123121197697,0.5232659978235846,True,True,False
275,5,turn 5,5,0.5084857722643255,1,0.41099779923709756,0.44829780429025967,0.41125719465075417,0.4205615043463614,0.41410712208296285,True,True,False
276,1,turn 1,1,0.5337213146336581,0,0.5012428100165377,0.45571436696579176,0.49801951003394396,0.4758136587263606,0.49855981939374133,True,False,True
276,2,turn 2,2,0.45571436696579176,1,0.5189994321522493,0.39691059983930393,0.515548291052034,0.4901535101558066,0.5161938495526796,True,True,False
279,2,turn 2,1,0.5802087963012996,1,0.5505866723672229,0.47246936856250027,0.5461621069782333,0.5336278625695858,0.548987557599497,True,False,True
279,3,turn 3,2,0.6315648880831586,0,0.5646682292254552,0.5038357119473783,0.5601364209343047,0.5338740529755471,0.5631701612140843,True,True,False
279,4,turn 4,3,0.48485472690652665,1,0.5652210221629888,0.4595959581742013,0.5604238464763744,0.5340522915099999,0.5635859230526788,True,True,False
279,5,turn 5,4,0.5461782220658494,1,0.5652235041921049,0.510958707481094,0.5604245304413824,0.534052655374329,0.5635873383751917,True,True,False
279,6,turn 6,5,0.6421501068864361,1,0.5286947617167179,0.5456159584248533,0.524623301167819,0.5099999996439545,0.5267687063811999,True,True,False
280,2,turn 2,1,0.47651049835422593,1,0.4320305559525084,0.41098676685158464,0.431403463212533,0.3888432096015796,0.4315001256202657,True,False,True
280,4,turn 4,2,0.5496857156226325,1,0.5099716920521047,0.5007625056431053,0.5099704572773545,0.5098565482943018,0.509970435853895,True,True,False
280,6,turn 6,3,0.5904743899350009,0,0.509999991187053,0.564297446201063,0.5099999904915128,0.5099998669076368,0.509999990424056,True,True,False
280,7,turn 7,4,0.5640004135021119,0,0.509999997106031,0.5219645733504134,0.509999996771758,0.5099998676673612,0.5099999967162303,True,True,False
280,8,turn 8,5,0.5215267607190869,1,0.5099999990374328,0.46388529907608367,0.5099999988897724,0.5099998652878386,0.5099999988561352,True,True,False
281,2,turn 2,1,0.5803152201995405,0,0.5403854121477317,0.47161506388587665,0.5364789569873334,0.5136484737985314,0.5376862300808994,True,False,True
281,3,turn 3,2,0.4587055447326939,0,0.42716305409664623,0.3861110497256173,0.4263842830828403,0.4160502742248196,0.4255346234253762,True,True,False
281,4,turn 4,3,0.42610636355077475,0,0.37319442846410217,0.3988261838390157,0.37281996189500566,0.3681705727737804,0.3728318350334317,True,True,False
281,5,turn 5,4,0.37672990292693476,0,0.3803954979622207,0.3623025332249986,0.37944654157493274,0.3684852177611963,0.3790821471237498,True,True,False
281,6,turn 6,5,0.3515853327918718,1,0.4274302769757568,0.3264165319912614,0.4248687303817949,0.39365480319676444,0.4210370143952068,True,True,False
281,7,turn 7,6,0.5842225355216766,1,0.5643750182158742,0.4846523861490204,0.5598519308566408,0.5336307146229238,0.5628791699135508,True,True,False
281,8,turn 8,7,0.432385914540527,1,0.4916191663917583,0.4023850563252235,0.49083217027533543,0.4649097772868429,0.4904105790599167,True,True,False
282,2,turn 2,1,0.5536171034356602,0,0.5390198071604467,0.4605511979486163,0.5356768109700025,0.5176047166436731,0.5379166098949756,True,False,True
282,3,turn 3,2,0.4605511979486163,0,0.5443161865699346,0.43444208709722415,0.5401056195512807,0.5216782556047471,0.5428184281830295,True,True,False
282,4,turn 4,3,0.43444208709722415,0,0.5445567889393229,0.424707551540215,0.5403287447022779,0.5219960057134808,0.543048459200181,True,True,False
282,6,turn 6,4,0.44969858010493124,1,0.37707192813262486,0.3714217179052649,0.3770758497316685,0.3696026871799799,0.3801174960695691,True,True,False
282,7,turn 7,5,0.5940610840470344,0,0.5662129946799812,0.5669883678942393,0.5581055227420021,0.5097722741290712,0.5098211619717777,True,True,False
282,8,turn 8,6,0.424707551540215,1,0.5445702926204035,0.4212581271073389,0.5403423794614327,0.5220236744607385,0.5430618491716415,True,True,False
283,2,turn 2,1,0.6093675968203747,0,0.5772446514764276,0.4688013881281604,0.5743153816913991,0.5406824835101747,0.5708185654671403,True,False,True
283,3,turn 3,2,0.4195291788496898,1,0.46297725484093816,0.5294817256382612,0.46281665025370505,0.4488063738010944,0.4629955700548058,True,True,False
284,2,turn 2,1,0.5536525903192294,0,0.5140944628198516,0.44643101251385653,0.5103968262916027,0.5096370919671118,0.5122073914024963,True,False,True
284,3,turn 3,2,0.44643101251385653,0,0.5146067655203532,0.38945447693579716,0.5108928969559599,0.5099992606595668,0.512711410031713,True,True,False
286,2,turn 2,1,0.5185937792380458,0,0.47812135762922414,0.43141289685164114,0.47601706534591937,0.4588596994772747,0.47711406694821834,True,False,True
286,3,turn 3,2,0.43141289685164114,0,0.5042006005519013,0.3730156487962032,0.5020206932100737,0.480230548895166,0.5031528569092281,True,True,False
286,4,turn 4,3,0.3730156487962032,1,0.5101712123223174,0.34055930600590184,0.5081589117549241,0.4912684049249014,0.5091749864659738,True,True,False
287,1,turn 1,1,0.5536525903192294,0,0.5140944628198516,0.44643101251385653,0.5103968262916027,0.5096370919671118,0.5122073914024963,True,False,True
287,2,turn 2,2,0.44643101251385653,0,0.5146067655203532,0.38945447693579716,0.5108928969559599,0.5099992606595668,0.512711410031713,True,True,False
288,1,turn 1,1,0.5803152201995405,0,0.5403854121477317,0.47161506388587665,0.5364789569873334,0.5136484737985314,0.5376862300808994,True,False,True
288,2,turn 2,2,0.43893264160480383,0,0.44699578855281363,0.40106663207452237,0.4452378186750531,0.437126415398472,0.4457472713829498,True,True,False
288,3,turn 3,3,0.4164571913547359,0,0.5409250870905664,0.3962723517937918,0.5370022287029722,0.5140144622513297,0.5382146987395209,True,True,False
288,4,turn 4,4,0.3929926962501447,1,0.4866079613942825,0.37673858635728136,0.4840247362025575,0.4564241335298342,0.48345965617757186,True,True,False
288,5,turn 5,5,0.40828774250212707,1,0.5409250896827913,0.3949473681387641,0.5370022311734519,0.514014463797207,0.5382147012447849,True,True,False
288,6,turn 6,6,0.4591797637994263,1,0.5223400706513541,0.43343212974429857,0.5207690759478854,0.5115283066240491,0.52125174935153,True,True,False
288,7,turn 7,7,0.47381961200798217,0,0.5409250896827913,0.42700223323016595,0.5370022311734519,0.514014463797207,0.5382147012447849,True,True,False
288,8,turn 8,8,0.4778844786724551,0,0.5223700145319674,0.4567994484992677,0.5208008692189261,0.5116057024459568,0.5212858546545492,True,True,False
288,9,turn 9,9,0.39710294081782016,1,0.5409250896827913,0.3911069507154987,0.5370022311734519,0.514014463797207,0.5382147012447849,True,True,False
288,10,turn 10,10,0.4601268063624443,0,0.5223700196781034,0.4402098203690718,0.5208008743675834,0.5116056913517878,0.521285859627436,True,True,False
289,1,turn 1,1,0.46156943558522223,0,0.4344982100974582,0.4129586183489228,0.438358899565528,0.44062347923051515,0.4365694433132017,True,False,True
289,2,turn 2,2,0.4129586183489228,0,0.4845114101212312,0.389792116799265,0.4848693659935347,0.48118412274658384,0.4848119274689212,True,True,False
289,3,turn 3,3,0.4979879849357116,1,0.5238417058242293,0.4366800218243457,0.5207877521681482,0.5097457956902205,0.521200898488876,True,True,False
289,4,turn 4,4,0.5721048120280744,0,0.5244032989485593,0.5090584621135386,0.5211662592926829,0.5099999961766075,0.5216636972821497,True,True,False
289,5,turn 5,5,0.49529539973660136,0,0.5244033016884274,0.4397442843651936,0.5211662610997916,0.5099999997012051,0.5216636994453089,True,True,False
289,6,turn 6,6,0.43334519319013487,0,0.5244033017572182,0.3963055482668884,0.5211662611697988,0.5099999999739203,0.5216636995127207,True,True,False
289,7,turn 7,7,0.39380102244252296,1,0.5244033017610256,0.37337349168421324,0.5211662611740892,0.5099999999977175,0.5216636995166772,True,True,False
289,8,turn 8,8,0.407468140985354,0,0.5031732692277278,0.40534169894175653,0.5010786779222618,0.49550836550330035,0.502237785546219,True,True,False
289,9,turn 9,9,0.387691901337248,1,0.5127900712075564,0.386874696492053,0.5087467935555736,0.502139784116197,0.5108584542899769,True,True,False
290,1,turn 1,1,0.558814487872056,1,0.5307900888055082,0.4753741598539748,0.526210612850798,0.5096793345958222,0.5268293578436418,True,False,True
290,2,turn 2,2,0.5230116713496439,0,0.5136645961050191,0.4364500097482123,0.5115016910833643,0.5015787186644225,0.5129540498764003,True,True,False
290,3,turn 3,3,0.4364500097482123,0,0.523412060356433,0.4093296602473401,0.5197880724257684,0.5093047692140806,0.5220516350943016,True,True,False
290,4,turn 4,4,0.6014855046849767,1,0.5284380810428392,0.5005824406331558,0.5243747586011445,0.5098185456331106,0.5265161791780757,True,True,False
290,5,turn 5,5,0.4093296602473401,0,0.523890086517194,0.4002376228556923,0.5202329622141375,0.5099393580360527,0.5225095865263072,True,True,False
290,6,turn 6,6,0.4002376228556923,0,0.5239170810933208,0.3971444920649189,0.5202602284878439,0.5099946935507553,0.5225363599844455,True,True,False
290,7,turn 7,7,0.3971444920649189,0,0.5239186841757915,0.39609644016206996,0.5202619316701965,0.5099995355499454,0.5225379875766156,True,True,False
290,8,turn 8,8,0.6661802704526218,1,0.5316049521426016,0.5979188773165102,0.5267493912744887,0.5099999997212883,0.5274955487906237,True,True,False
290,9,turn 9,9,0.7058188923176043,0,0.5316049526419063,0.6629493219969307,0.5267493917615627,0.5099999999999995,0.5274955492754038,True,True,False
290,10,turn 10,10,0.39609644016206996,0,0.5239187811303087,0.3957424883279133,0.5202620383484923,0.5099999593479222,0.5225380875330339,True,True,False
290,11,turn 11,11,0.3957424883279133,0,0.5239187870322244,0.39562313182335307,0.520262045032899,0.5099999964418256,0.5225380936879904,True,True,False
290,12,turn 12,12,0.39562313182335307,0,0.5239187873923075,0.3955829082718964,0.520262045451765,0.5099999996885618,0.5225380940672508,True,True,False
290,13,turn 13,13,0.3955829082718964,0,0.523918787414294,0.39556935600825144,0.5202620454780127,0.5099999999727406,0.5225380940906243,True,True,False
292,1,turn 1,1,0.39361640099997025,1,0.3280808903119498,0.3660179479766186,0.3348771176804914,0.3362177301786452,0.34147041709768616,True,False,True
292,3,turn 3,2,0.5444532797988834,0,0.5675745300714563,0.5179641929176271,0.49841745578860064,0.4841358119559195,0.48993112446746867,True,True,False
292,4,turn 4,3,0.5171686010413031,1,0.5843475680859447,0.4934477414598478,0.5153770737302132,0.5027883291687192,0.5069069197392883,True,True,False
292,5,turn 5,4,0.5507180712460447,0,0.5875201486693253,0.5259934841800795,0.5184365586907322,0.5099977075987203,0.5099994960315937,True,True,False
292,6,turn 6,5,0.5255272893070699,0,0.5875204459177381,0.5047382100574791,0.5184369697721283,0.5099991426974304,0.5099999147527815,True,True,False
292,7,turn 7,6,0.5043320884960291,0,0.5875203975920321,0.4893195329273168,0.518437040026898,0.5099995371514614,0.5099999851827501,True,True,False
292,8,turn 8,7,0.4889376751157349,0,0.5875202573136109,0.4789423712081531,0.5184370532000981,0.5099996054635784,0.5099999972499245,True,True,False
292,9,turn 9,8,0.5702807205635029,0,0.5756509111843637,0.5233417833001598,0.5055491276740542,0.4807718835081536,0.501510426384504,True,True,False
292,10,turn 10,9,0.5226351463609846,0,0.5993019403347286,0.49209943400255046,0.5278590647720178,0.5026234584086702,0.5167616473463948,True,True,False
292,11,turn 11,10,0.4906768144136118,1,0.6042484560745198,0.47183110045029397,0.5323658580657701,0.509764560702151,0.5198670458509215,True,True,False
293,2,turn 2,1,0.4898794769350021,0,0.4436444456419769,0.4226285981764361,0.44160839409330416,0.4389038323704461,0.44251961321796396,True,False,True
293,3,turn 3,2,0.5197419375704957,0,0.4810286377662294,0.4481730266052393,0.4781410280267072,0.45889909005264706,0.4778444210753101,True,True,False
293,4,turn 4,3,0.4934054149506535,0,0.5075920595693441,0.4164804910040327,0.5049470739478861,0.5017959768552512,0.5044655444878939,True,True,False
293,5,turn 5,4,0.4164804910040327,1,0.5147625853731159,0.37267202266555066,0.5121096282732303,0.5093052117612765,0.5116277563045283,True,True,False
293,6,turn 6,5,0.4964395928905664,0,0.5152140743339608,0.430709056706483,0.5125730177383581,0.5099999413535148,0.5120830375547243,True,True,False
294,2,turn 2,1,0.4835349681568623,0,0.44214825243859673,0.41639478118942574,0.44163730440023613,0.4080823069874376,0.44202074249394036,True,False,True
294,3,turn 3,2,0.4888761012268769,0,0.42981184484334767,0.34768903849530736,0.4281451030629944,0.39646330328234125,0.42167144720895233,True,True,False
294,4,turn 4,3,0.34768903849530736,1,0.4672356476960252,0.2695646189585154,0.4657803038723686,0.41911836668322977,0.45767230996862185,True,True,False
295,2,turn 2,1,0.5329558757453583,0,0.49930462325853425,0.44454094713005965,0.49660353491341874,0.475787398342779,0.4980729166423468,True,False,True
295,3,turn 3,2,0.44454094713005965,0,0.5170593134998538,0.38896935052746023,0.5141309035257637,0.49015345668740656,0.5157092841783695,True,True,False
295,4,turn 4,3,0.38896935052746023,0,0.5210413686240826,0.3604139492732508,0.518223504115325,0.4975122694553769,0.5197249775595553,True,True,False
295,5,turn 5,4,0.3604139492732508,1,0.5220799093612313,0.34669606220625315,0.519324369589992,0.5018134956745973,0.5207830405488796,True,True,False
295,6,turn 6,5,0.4036910226143833,0,0.5224630743569275,0.3784043366219782,0.5197487528058096,0.5099941628053011,0.5211790329822809,True,True,False
295,7,turn 7,6,0.3682212070074607,0,0.5224631474962665,0.3546226173428904,0.5197488354773503,0.5099958809245624,0.5211791090787768,True,True,False
297,2,turn 2,1,0.44969858010493124,0,0.37707192813262486,0.3714217179052649,0.3770758497316685,0.3696026871799799,0.3801174960695691,True,False,True
297,3,turn 3,2,0.5230116713496439,1,0.5136645961050191,0.4364500097482123,0.5115016910833643,0.5015787186644225,0.5129540498764003,True,True,False
297,4,turn 4,3,0.3714217179052649,0,0.4454588430037503,0.3069096753051565,0.44395888375916287,0.3889852698011901,0.4232433427887234,True,True,False
297,5,turn 5,4,0.3069096753051565,1,0.47076164515356056,0.26445727185508583,0.4693500070039941,0.39867937582058255,0.4400203465927506,True,True,False
299,1,turn 1,1,0.5971988986636239,0,0.5444744490577459,0.44549622316411697,0.5405964935948502,0.5097059584593795,0.5152519811920206,True,False,True
299,2,turn 2,2,0.44549622316411697,0,0.5450170179781174,0.34544807055672966,0.5411227588785248,0.5099994008945312,0.5156762648978971,True,True,False
299,3,turn 3,3,0.34544807055672966,1,0.5450182176297838,0.30753330735716133,0.5411239125721431,0.50999999877856,0.5156771382898919,True,True,False
299,4,turn 4,4,0.45364989959879326,1,0.5450182203032071,0.37482811790050646,0.5411239151207619,0.5099999999999976,0.5156771400931852,True,True,False
299,5,turn 5,5,0.49519726301855826,1,0.46845262504987245,0.41803876916308136,0.46819319638061885,0.45083741981658654,0.4683933626575425,True,True,False
299,6,turn 6,6,0.5858168094968869,1,0.509989305063663,0.5096609990099064,0.5099888629149784,0.509956063600169,0.509989169468161,True,True,False
300,1,turn 1,1,0.5185937792380458,0,0.47812135762922414,0.43141289685164114,0.47601706534591937,0.4588596994772747,0.47711406694821834,True,False,True
300,2,turn 2,2,0.43141289685164114,1,0.5042006005519013,0.3730156487962032,0.5020206932100737,0.480230548895166,0.5031528569092281,True,True,False
300,3,turn 3,3,0.5110886259886367,1,0.5123017219906139,0.43242985427149344,0.5104446016357852,0.50997712563099,0.5113539821001074,True,True,False
300,4,turn 4,4,0.5886000708136114,0,0.5123039099085247,0.5060857979159584,0.5104469549750474,0.5099999844740004,0.5113562215984229,True,True,False
300,5,turn 5,5,0.41586219205300023,0,0.311995603826653,0.326448654621104,0.31251439506310097,0.33112306737252223,0.31821424964519784,True,True,False
300,6,turn 6,6,0.326448654621104,0,0.39712325042405117,0.2572425299537038,0.3947692780541382,0.32750870247161507,0.3528923817907038,True,True,False
300,7,turn 7,7,0.2572425299537038,0,0.43578868445193364,0.2151161565699296,0.4332760996484497,0.32482194028401534,0.3744031625139906,True,True,False
300,8,turn 8,8,0.2151161565699296,0,0.45720400470122485,0.1931107734897292,0.45514393208107873,0.32284335690441457,0.38894468986759767,True,True,False
301,1,turn 1,1,0.4632141793274164,0,0.41299615510658017,0.4005832024977165,0.42709571178934413,0.4158568115058388,0.44016062796099503,True,False,True
301,2,turn 2,2,0.49111263019777024,1,0.4504444197494368,0.4288116922064265,0.45369086974782746,0.4559237937691865,0.45430546071406663,True,True,False
303,1,turn 1,1,0.558434876307869,0,0.541169011364299,0.4629958431449259,0.5381509833580943,0.520284653963861,0.5401747742160821,True,False,True
303,2,turn 2,2,0.602857498014341,1,0.5509976649563657,0.4600722823298751,0.5464418933948835,0.5148153850201337,0.5422876423099976,True,True,False
303,3,turn 3,3,0.4862341091047267,1,0.5398616549609825,0.44384881974457296,0.5361410630609619,0.5216074454528885,0.537481981932376,True,True,False
303,4,turn 4,4,0.6943063297286884,1,0.551547965334746,0.5031639304951082,0.5469751741421853,0.5151926606817128,0.542808925328429,True,True,False
304,1,turn 1,1,0.7483562109320926,1,0.6146929023499808,0.44642160091903343,0.611434489111253,0.5654773415479817,0.6360545196763605,True,False,True
304,2,turn 2,2,0.5310560368640379,0,0.513515595180535,0.46560646234451264,0.5108785906449825,0.5082356326404989,0.5103909501049195,True,True,False
304,3,turn 3,3,0.520815670390518,0,0.5310491379973471,0.44203763627911263,0.526460766791594,0.5098211085692773,0.5270778610926234,True,True,False
304,4,turn 4,4,0.44203763627911263,0,0.5316024694793976,0.39494291012902644,0.5267487067332606,0.5099996355457851,0.5274941328981999,True,True,False
304,5,turn 5,5,0.39494291012902644,0,0.5316049415182067,0.3724533898503677,0.5267493901336311,0.5099999992569608,0.5274955444628735,True,True,False
304,6,turn 6,6,0.3724533898503677,0,0.53160495259207,0.3627121020941347,0.5267493917576949,0.5099999999984852,0.5274955492590508,True,True,False
304,7,turn 7,7,0.3627121020941347,1,0.531604952641684,0.35863031235441567,0.5267493917615544,0.5099999999999969,0.5274955492753491,True,True,False
304,8,turn 8,8,0.3915944874075,1,0.5316049526419073,0.38350704502182825,0.5267493917615635,0.51,0.5274955492754048,True,True,False
305,1,turn 1,1,0.5536525903192294,1,0.5140944628198516,0.44643101251385653,0.5103968262916027,0.5096370919671118,0.5122073914024963,True,False,True
305,2,turn 2,2,0.5842225355216766,0,0.5643750182158742,0.4846523861490204,0.5598519308566408,0.5336307146229238,0.5628791699135508,True,True,False
305,3,turn 3,3,0.4835349681568623,0,0.44214825243859673,0.41639478118942574,0.44163730440023613,0.4080823069874376,0.44202074249394036,True,True,False
305,4,turn 4,4,0.41639478118942574,1,0.4937944355834495,0.35657682065660923,0.49314848946418754,0.45046183713076515,0.49359430378674296,True,True,False
306,1,turn 1,1,0.4576255249798913,1,0.42266982672211123,0.41577222619191406,0.42174961928374005,0.41011536204801946,0.4160816154253384,True,False,True
306,2,turn 2,2,0.49111263019777024,1,0.4504444197494368,0.4288116922064265,0.45369086974782746,0.4559237937691865,0.45430546071406663,True,True,False
306,3,turn 3,3,0.6049035604627572,0,0.5354532233070691,0.5552745367207385,0.5203173898594453,0.509947911636217,0.5109862873194086,True,True,False
306,4,turn 4,4,0.5176277322327119,1,0.46873477883562575,0.4417465256774208,0.46599624119908917,0.439802056104545,0.46548975437183915,True,True,False
307,1,turn 1,1,0.5729643935512018,1,0.5598255382317422,0.47586249348541576,0.5550908407352956,0.5335917689275846,0.5584549203640768,True,False,True
307,2,turn 2,2,0.6830237953691213,1,0.5627513908750716,0.5391131605610022,0.5565102199530259,0.534052654511725,0.5607129197646561,True,True,False
307,3,turn 3,3,0.7955029145822796,1,0.5627514398811578,0.635009006418963,0.5565102298786608,0.5340526553750409,0.5607129477873287,True,True,False
307,4,turn 4,4,0.8782947987209262,1,0.5627514398820437,0.7428956147767415,0.5565102298787399,0.5340526553750425,0.560712947787712,True,True,False
307,5,turn 5,5,0.7302474399828369,1,0.5404827579855974,0.6400262559112356,0.5363865055417246,0.517835159867402,0.5390456236067931,True,True,False
307,6,turn 6,6,0.7911422722085533,1,0.5445709139847464,0.7166534779351613,0.5403430508036186,0.5220259707424652,0.5430624829293571,True,True,False
308,2,turn 2,1,0.5270058754453072,0,0.4996213569276903,0.4467064645085281,0.49720190461570835,0.48025837720620435,0.49761136025059216,True,False,True
308,3,turn 3,2,0.44352250567374796,1,0.34719174921771767,0.35937965826914264,0.34572499918931304,0.33363071469884437,0.33889595106515014,True,True,False
309,1,turn 1,1,0.5803152201995405,0,0.5403854121477317,0.47161506388587665,0.5364789569873334,0.5136484737985314,0.5376862300808994,True,False,True
309,2,turn 2,2,0.47161506388587665,0,0.540923909527227,0.4164571913547359,0.5370010966225924,0.5140137119248279,0.5382135530108896,True,True,False
309,3,turn 3,3,0.5019635712205474,0,0.5783738235138617,0.4539792719693115,0.5733829046008901,0.5258302224555301,0.5539279637900351,True,True,False
310,2,turn 2,1,0.5048605630142837,0,0.47454497004890583,0.43861206751904425,0.4741552658465776,0.46173758692802236,0.4737636689615255,True,False,True
310,3,turn 3,2,0.43861206751904425,0,0.505204223339842,0.3940632066232884,0.5032767210286343,0.48656575519211753,0.5036410807191762,True,True,False
310,4,turn 4,3,0.3940632066232884,0,0.5150471929925928,0.3689207763592319,0.512204415830483,0.4966864515157557,0.5130096336739517,True,True,False
311,2,turn 2,1,0.5163637498735145,0,0.4995541566713986,0.44268295094010524,0.49841630731127484,0.4987639640461511,0.498376106628325,True,False,True
311,3,turn 3,2,0.47651049835422593,0,0.4320305559525084,0.41098676685158464,0.431403463212533,0.3888432096015796,0.4315001256202657,True,True,False
311,4,turn 4,3,0.44268295094010524,0,0.516999458295258,0.3917601177180515,0.5118889826471869,0.5088204795342973,0.510229413096283,True,True,False
311,5,turn 5,4,0.3917601177180515,0,0.5193808358487033,0.36334215676158343,0.5133696812784281,0.5098685615529296,0.5114025609120565,True,True,False
311,6,turn 6,5,0.41098676685158464,1,0.48871882025472546,0.34981067973921937,0.4878509439427612,0.4215250335878685,0.4878523748529894,True,True,False
312,2,turn 2,1,0.4446820267591689,0,0.40269821937008016,0.3996852933234624,0.40222580074605196,0.37383639206773295,0.40235644023962364,True,False,True
312,3,turn 3,2,0.5230116713496439,1,0.5136645961050191,0.4364500097482123,0.5115016910833643,0.5015787186644225,0.5129540498764003,True,True,False
312,4,turn 4,3,0.6395827473726294,1,0.5239182773627294,0.5287046639162883,0.520261562316084,0.5099992860334048,0.5225376011600484,True,True,False
312,5,turn 5,4,0.41098676685158464,0,0.48871882025472546,0.34981067973921937,0.4878509439427612,0.4215250335878685,0.4878523748529894,True,True,False
312,6,turn 6,5,0.34981067973921937,0,0.5034527563434408,0.303714692374341,0.5029687572935357,0.4403154882871466,0.5029342672818959,True,True,False
312,7,turn 7,6,0.303714692374341,0,0.5078943396916094,0.2742765003540256,0.5076649068528145,0.4523378859542704,0.5076329053565789,True,True,False
312,8,turn 8,7,0.2742765003540256,0,0.5093070380896463,0.2574196767846172,0.5092059924553504,0.46055173259554044,0.5091854652686069,True,True,False
313,1,turn 1,1,0.5185937792380458,0,0.47812135762922414,0.43141289685164114,0.47601706534591937,0.4588596994772747,0.47711406694821834,True,False,True
313,2,turn 2,2,0.43141289685164114,0,0.5042006005519013,0.3730156487962032,0.5020206932100737,0.480230548895166,0.5031528569092281,True,True,False
313,3,turn 3,3,0.3730156487962032,0,0.5101712123223174,0.34055930600590184,0.5081589117549241,0.4912684049249014,0.5091749864659738,True,True,False
313,4,turn 4,4,0.34055930600590184,0,0.5117290123565161,0.32378819293305655,0.5098102083450466,0.49772024351340827,0.5107620761559413,True,True,False
313,5,turn 5,5,0.32378819293305655,0,0.5121479556458296,0.3154205551499736,0.5102685617904913,0.5017479602779472,0.5111933370382227,True,True,False
313,6,turn 6,6,0.3154205551499736,0,0.5122615317132472,0.3113216258782028,0.5103968826045433,0.5043664062075073,0.5113114886695839,True,True,False
313,7,turn 7,7,0.3113216258782028,0,0.5122923892454626,0.3093297284794131,0.5104328933585894,0.5061138154662939,0.5113439309980973,True,True,False
313,8,turn 8,8,0.3093297284794131,0,0.5123007778842652,0.3083638514932866,0.510443005858004,0.5073003976324455,0.5113528445575384,True,True,False
313,9,turn 9,9,0.3083638514932866,1,0.5123030587060973,0.3078952629750754,0.5104458461733095,0.5081156929968946,0.5113552939795357,True,True,False
314,2,turn 2,1,0.5022245290092271,1,0.4593851915749561,0.4228015154056753,0.4577345842388895,0.429107837056757,0.4584025475476759,True,False,True
314,3,turn 3,2,0.5801628324654019,1,0.5115170680224397,0.5068125493873678,0.5102782749342453,0.5099043652921709,0.5108844383675782,True,True,False
314,4,turn 4,3,0.5808762828766617,1,0.52055704563042,0.5331306466963409,0.5192588183438144,0.5098808432963537,0.5199968656262386,True,True,False
314,5,turn 5,4,0.6223842209218041,1,0.5209272330867535,0.5831075301355333,0.5194508969681589,0.5099999996815228,0.5202749889824463,True,True,False
314,6,turn 6,5,0.6494632984208503,1,0.5209272344901028,0.6222166058324402,0.5194508973625355,0.5099999999999164,0.5202749897891487,True,True,False
314,7,turn 7,6,0.6645018976696672,1,0.5209272344901087,0.6488525156999249,0.519450897362537,0.5099999999999999,0.5202749897891518,True,True,False
314,8,turn 8,7,0.5990425166172976,0,0.513303007697954,0.5732271605005171,0.5115482505510595,0.5099052910392855,0.5112226998855599,True,True,False
314,9,turn 9,8,0.5732193140309504,1,0.5134757071591799,0.5500236274772031,0.5117150198449235,0.509999807021589,0.5113883687182144,True,True,False
314,10,turn 10,9,0.5980499380368514,1,0.5134760672704708,0.5723946212553472,0.511715363811171,0.5099999999996215,0.5113887097271216,True,True,False
315,1,turn 1,1,0.5536525903192294,0,0.5140944628198516,0.44643101251385653,0.5103968262916027,0.5096370919671118,0.5122073914024963,True,False,True
315,2,turn 2,2,0.558814487872056,0,0.5307900888055082,0.4753741598539748,0.526210612850798,0.5096793345958222,0.5268293578436418,True,True,False
315,3,turn 3,3,0.5433581371522114,1,0.553753001696067,0.45589297474123625,0.5485362235998172,0.5338090271184135,0.5499664149755705,True,True,False
315,4,turn 4,4,0.5117258273489929,0,0.5316024706035856,0.4488492784263375,0.5267487077953283,0.5099996361353762,0.5274941339490086,True,True,False
315,5,turn 5,5,0.4487341090867927,0,0.5316049415205485,0.4055356007992248,0.5267493901358195,0.5099999992581628,0.5274955444650342,True,True,False
315,6,turn 6,6,0.4602575637452148,1,0.45323763678875717,0.3835400285107273,0.4493259676982828,0.44108181045626615,0.4866885572892097,True,True,False
315,7,turn 7,7,0.5763105016610598,0,0.6700421878925625,0.5439427885391044,0.6580178105368311,0.5098760955013535,0.5120752941829403,True,True,False
315,8,turn 8,8,0.40431351379133795,0,0.5316049525920749,0.37952839575644026,0.5267493917576993,0.5099999999984877,0.5274955492590553,True,True,False
315,9,turn 9,9,0.5224671273755234,0,0.6694649130562345,0.5107484219181796,0.6575442453492686,0.5098310632890342,0.5120808386394463,True,True,False
315,10,turn 10,10,0.5105261833490511,1,0.6677861367403457,0.5040622562975265,0.6563001763689502,0.5097697067457898,0.5120824269192417,True,True,False
316,1,turn 1,1,0.4444639218192091,0,0.3777488001862429,0.33469042001136196,0.3762996849747754,0.35126635935597095,0.3750690220485522,True,False,True
316,2,turn 2,2,0.33469042001136196,0,0.4466022215037625,0.2595903836397533,0.4436959858986169,0.3837323057227897,0.44034286182189153,True,True,False
316,3,turn 3,3,0.2595903836397533,1,0.47231530460821985,0.21917156142269245,0.4694233038727067,0.40201320267394536,0.4655838064109738,True,True,False
317,1,turn 1,1,0.5185937792380458,1,0.47812135762922414,0.43141289685164114,0.47601706534591937,0.4588596994772747,0.47711406694821834,True,False,True
317,2,turn 2,2,0.5990915368656821,0,0.5122936765906821,0.5110886259886367,0.5104362917658376,0.5099567767837904,0.5113458565714584,True,True,False
317,3,turn 3,3,0.510417240088839,1,0.5123011280304784,0.4311180151650293,0.5104439604841804,0.5099695036412654,0.5113533738192579,True,True,False
318,2,turn 2,1,0.49519726301855826,0,0.46845262504987245,0.41803876916308136,0.46819319638061885,0.45083741981658654,0.4683933626575425,True,False,True
318,3,turn 3,2,0.4905200892005326,1,0.43746311264322046,0.35756811769851404,0.4361074419494423,0.425537597068394,0.4294189880802355,True,True,False
318,4,turn 4,3,0.6524424486024659,0,0.6000756843347752,0.40225579264252337,0.5928328168150981,0.4138648109260796,0.5645754165885885,True,True,False
318,5,turn 5,4,0.4662260820539289,1,0.5018971912189435,0.4033310528453897,0.5015742167526958,0.48023085991889847,0.5017971248564206,True,True,False
318,6,turn 6,5,0.5032646151013805,0,0.509995623021601,0.43826401740565646,0.5099952920516104,0.5099542512634295,0.5099955198212556,True,True,False
318,7,turn 7,6,0.43704679649128547,0,0.5099988098646208,0.37449077031153866,0.5099986775858335,0.5099677188018398,0.5099987687915324,True,True,False
318,8,turn 8,7,0.3734571191151724,1,0.5099996763905819,0.3257511986058997,0.5099996285449275,0.5099772211328201,0.5099996616464592,True,True,False
319,2,turn 2,1,0.49519726301855826,0,0.46845262504987245,0.41803876916308136,0.46819319638061885,0.45083741981658654,0.4683933626575425,True,False,True
319,3,turn 3,2,0.4794232709778853,0,0.5208345828660426,0.4147761207113551,0.5186637305214052,0.50908766469299,0.5201157512304826,True,True,False
319,4,turn 4,3,0.4147761207113551,0,0.5238360446956712,0.4008080435983726,0.5202225042086511,0.5099389158021539,0.5224789322193191,True,True,False
319,5,turn 5,4,0.4008080435983726,0,0.5239159350981544,0.39720294708825127,0.520260130743014,0.5099946926491414,0.5225358704737245,True,True,False
319,6,turn 6,5,0.44612022312059063,1,0.3966685106046931,0.5193860337903291,0.3946160077573194,0.3849459178389951,0.38859909269820353,True,True,False
319,7,turn 7,6,0.38480858770981563,1,0.5018971150785473,0.353857532357924,0.5015741309311428,0.4802304541153318,0.5017970455047134,True,True,False
319,8,turn 8,7,0.42473734775693234,1,0.5239187625754903,0.4226593092241604,0.5202620445506846,0.509999999959061,0.5225380861410498,True,True,False
320,1,turn 1,1,0.4835349681568623,0,0.44214825243859673,0.41639478118942574,0.44163730440023613,0.4080823069874376,0.44202074249394036,True,False,True
320,2,turn 2,2,0.41639478118942574,1,0.4937944355834495,0.35657682065660923,0.49314848946418754,0.45046183713076515,0.49359430378674296,True,True,False
320,3,turn 3,3,0.5032646151013805,1,0.509995623021601,0.43826401740565646,0.5099952920516104,0.5099542512634295,0.5099955198212556,True,True,False
321,2,turn 2,1,0.4878245976477682,1,0.4645175133668141,0.428420202590858,0.46414102583080824,0.4381797521894315,0.46404665464987505,True,False,True
321,3,turn 3,2,0.5511508867281425,0,0.5099819093926498,0.5055297816995391,0.5099811040670649,0.5098997360207764,0.5099807839471099,True,True,False
321,4,turn 4,3,0.5054198457623523,1,0.5099936199285777,0.4485198140307938,0.5099931095339141,0.5098922064433052,0.5099928926587197,True,True,False
321,5,turn 5,4,0.5616654932670535,0,0.5099999978339825,0.5210742362502896,0.5099999975812496,0.509999888414368,0.5099999974694388,True,True,False
321,6,turn 6,5,0.5208993283890129,0,0.5099999992353919,0.46780896352420165,0.5099999991171784,0.5099998799443637,0.509999999063159,True,True,False
321,7,turn 7,6,0.46759291731596375,0,0.5099999997300918,0.40971875431022287,0.509999999677778,0.5099998708314218,0.5099999996531711,True,True,False
321,8,turn 8,7,0.4094996487339687,1,0.5099999999047218,0.3576973979876352,0.5099999998823919,0.509999861026758,0.5099999998716,True,True,False
321,9,turn 9,8,0.48544532722620926,1,0.5099999999999676,0.42975926934232234,0.5099999999999587,0.5099999998561975,0.5099999999999543,True,True,False
321,10,turn 10,9,0.7483562109320926,1,0.6146929023499808,0.44642160091903343,0.611434489111253,0.5654773415479817,0.6360545196763605,True,True,False
322,2,turn 2,1,0.5536171034356602,1,0.5390198071604467,0.4605511979486163,0.5356768109700025,0.5176047166436731,0.5379166098949756,True,False,True
322,3,turn 3,2,0.44779619605118215,1,0.39755364396526116,0.4022024681763796,0.3969947919599177,0.368887342494751,0.39690567189001136,True,True,False
322,4,turn 4,3,0.6059037488700939,1,0.5330248055962651,0.5144142307136786,0.5302054496904458,0.5179541373896073,0.5320180154367918,True,True,False
323,2,turn 2,1,0.6676251962027107,0,0.5788359906557232,0.44803495150201317,0.5766604692864309,0.5459033584197016,0.5930742799686267,True,False,True
323,3,turn 3,2,0.5270058754453072,0,0.4996213569276903,0.4467064645085281,0.49720190461570835,0.48025837720620435,0.49761136025059216,True,True,False
323,4,turn 4,3,0.4467064645085281,0,0.5165238169099857,0.39176669464523367,0.5139295100982963,0.49476773879257263,0.514417733546837,True,True,False
323,5,turn 5,4,0.5154572934567913,1,0.47181159847586834,0.37813858221163343,0.47087304600639346,0.46306828179749093,0.4852856788900685,True,True,False
324,1,turn 1,1,0.5631063884006965,1,0.5372904228856191,0.46833198708581353,0.5345221538720027,0.508734318966399,0.525643176455319,True,False,True
324,2,turn 2,2,0.6376398993590319,1,0.5386174761416581,0.5618565437690987,0.5358414100360639,0.5099999762162567,0.5269298638176455,True,True,False
324,3,turn 3,3,0.6824810992709036,1,0.5386174875075781,0.6309455008197576,0.5358414217322109,0.5099999999994952,0.5269298757816596,True,True,False
325,1,turn 1,1,0.48086014465254917,1,0.4231973543974458,0.37193728417886013,0.42099873208038446,0.4040566035596846,0.42078181183320024,True,False,True
325,2,turn 2,2,0.6092863844409857,1,0.5114482572820425,0.514611069708801,0.5102052768127102,0.5098168796287185,0.5108051478477883,True,True,False
325,3,turn 3,3,0.668394835508748,0,0.5115358772218822,0.6156129645005639,0.5102979011379326,0.5099997889396051,0.5109040701230048,True,True,False
325,4,turn 4,4,0.6150113145498084,1,0.5115358915158228,0.5382999396344258,0.5102979147887746,0.5099997393061919,0.5109040821393807,True,True,False
325,5,turn 5,5,0.6642936279520605,1,0.5115359402838101,0.6137419272381425,0.5102979703638478,0.5099999996845054,0.5109041480727186,True,True,False
325,7,turn 7,6,0.6896718001487502,0,0.5115359403205314,0.657674163502859,0.510297970407281,0.509999999999614,0.5109041481269475,True,True,False
326,1,turn 1,1,0.5803152201995405,0,0.5403854121477317,0.47161506388587665,0.5364789569873334,0.5136484737985314,0.5376862300808994,True,False,True
326,2,turn 2,2,0.47161506388587665,0,0.540923909527227,0.4164571913547359,0.5370010966225924,0.5140137119248279,0.5382135530108896,True,True,False
326,3,turn 3,3,0.4164571913547359,1,0.5409250870905664,0.3962723517937918,0.5370022287029722,0.5140144622513297,0.5382146987395209,True,True,False
326,4,turn 4,4,0.5536171034356602,0,0.5390198071604467,0.4605511979486163,0.5356768109700025,0.5176047166436731,0.5379166098949756,True,True,False
326,5,turn 5,5,0.4605511979486163,0,0.5443161865699346,0.43444208709722415,0.5401056195512807,0.5216782556047471,0.5428184281830295,True,True,False
326,6,turn 6,6,0.4835349681568623,0,0.44214825243859673,0.41639478118942574,0.44163730440023613,0.4080823069874376,0.44202074249394036,True,True,False
326,7,turn 7,7,0.44691263614147564,0,0.5409250896827865,0.40828774250212707,0.5370022311734473,0.5140144637972041,0.5382147012447802,True,True,False
326,8,turn 8,8,0.43444208709722415,0,0.5445567889393229,0.424707551540215,0.5403287447022779,0.5219960057134808,0.543048459200181,True,True,False
327,1,turn 1,1,0.5536525903192294,0,0.5140944628198516,0.44643101251385653,0.5103968262916027,0.5096370919671118,0.5122073914024963,True,False,True
327,2,turn 2,2,0.44643101251385653,1,0.5146067655203532,0.38945447693579716,0.5108928969559599,0.5099992606595668,0.512711410031713,True,True,False
327,3,turn 3,3,0.5189126368758927,1,0.5146078209596266,0.4265956911373304,0.51089391121996,0.5099999999985503,0.5127124443789594,True,True,False
327,4,turn 4,4,0.6070531876678076,1,0.5146078209616776,0.48957231550794983,0.5108939112219453,0.51,0.5127124443809767,True,True,False
328,2,turn 2,1,0.5436063420634138,0,0.5234922501810122,0.5217558395565756,0.5259352269389593,0.49495484227875874,0.5391148677832801,True,False,True
328,3,turn 3,2,0.5090155490900045,0,0.524105278183393,0.4481187454033307,0.5245071220343062,0.46399875012756087,0.5244920508651412,True,True,False
328,4,turn 4,3,0.4639807275102832,1,0.5818494956118594,0.4112439984177705,0.5818650863519617,0.48604341295836884,0.572582759914596,True,True,False
328,5,turn 5,4,0.575535537296299,0,0.5799271645314388,0.530179928780434,0.5699900766574397,0.518168631632412,0.5483261593512769,True,True,False
328,6,turn 6,5,0.5081964234830827,1,0.5839069684264544,0.4548940570373053,0.5740831263339123,0.5254979815786189,0.5523408271618625,True,True,False
329,2,turn 2,1,0.48897969102508665,0,0.4579552885254613,0.4385157636240027,0.45987259240923595,0.4486486109445413,0.4591817599179313,True,False,True
329,3,turn 3,2,0.4385157636240027,0,0.5013512942275129,0.4120630042627408,0.49950844445356496,0.4818785465310924,0.5006783040625928,True,True,False
329,4,turn 4,3,0.4120630042627408,0,0.5195641098415343,0.40125234131137555,0.5152550223403254,0.49550836476146454,0.5176502654195783,True,True,False
329,5,turn 5,4,0.40125234131137555,0,0.529180922892887,0.3973213007634133,0.522923139595515,0.5021397841146846,0.526270938957355,True,True,False
329,6,turn 6,5,0.4336019227569245,1,0.5256027125047856,0.41439027158012715,0.5203791483180885,0.5060016874029913,0.5231106495587633,True,True,False
330,2,turn 2,1,0.6256241991508116,1,0.4835549313077242,0.32783360129643696,0.48148357517207163,0.509672853103164,0.5249125418066412,True,False,True
330,3,turn 3,2,0.5842225355216766,1,0.5643750182158742,0.4846523861490204,0.5598519308566408,0.5336307146229238,0.5628791699135508,True,True,False
330,4,turn 4,3,0.6753840632285291,0,0.5652235015997915,0.5458041224801575,0.5604245293654391,0.5340526545882078,0.5635873366756099,True,True,False
330,5,turn 5,4,0.4835349681568623,0,0.44214825243859673,0.41639478118942574,0.44163730440023613,0.4080823069874376,0.44202074249394036,True,True,False
330,6,turn 6,5,0.41639478118942574,0,0.4937944355834495,0.35657682065660923,0.49314848946418754,0.45046183713076515,0.49359430378674296,True,True,False
330,7,turn 7,6,0.35657682065660923,0,0.5057346058551875,0.3137983871402421,0.5054239143595385,0.4725368113571498,0.5056375306715106,True,True,False
330,8,turn 8,7,0.3137983871402421,0,0.5088502037558256,0.2877796876528999,0.5087265054723793,0.4854404870298898,0.5088117079352531,True,True,False
330,9,turn 9,8,0.2877796876528999,0,0.5096880903299909,0.27348322349754073,0.509643212359046,0.4934959205559008,0.5096742296954774,True,True,False
330,10,turn 10,9,0.27348322349754073,1,0.5099152424648168,0.2660636698135381,0.5098998539871414,0.49873281241501466,0.509910532958191,True,True,False
331,1,turn 1,1,0.5185937792380458,0,0.47812135762922414,0.43141289685164114,0.47601706534591937,0.4588596994772747,0.47711406694821834,True,False,True
331,2,turn 2,2,0.5497075963446125,1,0.5343118794629658,0.4763784042836948,0.5322691896922191,0.5092746811684985,0.5326224243587692,True,True,False
331,3,turn 3,3,0.6106840056563332,1,0.5386210517388077,0.5384010399237273,0.5365551458691199,0.5140140140471137,0.5368583394232721,True,True,False
331,4,turn 4,4,0.47664528519705535,0,0.5046818815907507,0.4045686170362671,0.5028209926584807,0.5017958966526511,0.5037386964264289,True,True,False
331,5,turn 5,5,0.40292462906261145,0,0.5042011271864484,0.3619485227640854,0.5020211993072485,0.4802309178117091,0.50315337302359,True,True,False
331,6,turn 6,6,0.39350149100414933,0,0.5118523960702009,0.3680658386381179,0.5099835392273986,0.5093052123498987,0.5109009149529693,True,True,False
331,7,turn 7,7,0.3680658386381179,0,0.51227638041167,0.358324816283747,0.5104179710123927,0.5099393589395054,0.5113282120801559,True,True,False
331,8,turn 8,8,0.35696735372950783,0,0.5101712134084325,0.33518898454155477,0.5081589127907419,0.4912684056785749,0.5091749875262437,True,True,False
331,9,turn 9,9,0.33518898454155477,0,0.5117290123587516,0.3220560644295294,0.5098102083471623,0.4977202435149449,0.5107620761581149,True,True,False
332,2,turn 2,1,0.5303665169379512,0,0.49820278708419136,0.4478195765003025,0.4956276970345868,0.46123696211225174,0.4971896477669082,True,False,True
332,3,turn 3,2,0.4478195765003025,1,0.526969566519081,0.40468259684316377,0.5241370553097771,0.47778838779164107,0.5257187980623733,True,True,False
333,2,turn 2,1,0.47651049835422593,1,0.4320305559525084,0.41098676685158464,0.431403463212533,0.3888432096015796,0.4315001256202657,True,False,True
333,3,turn 3,2,0.5245824907725478,0,0.5023604242735514,0.4589715766607835,0.502355664816031,0.5016960374773337,0.5023637923904812,True,True,False
333,5,turn 5,3,0.5275927547830956,1,0.5099833867228083,0.4711002656843137,0.5099824463723166,0.5098489843692506,0.5099825277405561,True,True,False
333,6,turn 6,4,0.5797413961992215,0,0.5099999951577556,0.546498638852142,0.5099999947004554,0.5099998590744852,0.5099999947298052,True,True,False
333,9,turn 9,5,0.5461516172384367,0,0.5099999985076975,0.49589626260193925,0.5099999983079847,0.5099998592396299,0.5099999983102663,True,True,False
333,12,turn 12,6,0.4954022494527007,0,0.5099999995322241,0.4320446533433624,0.5099999994504816,0.509999856220396,0.509999999446265,True,True,False
333,13,turn 13,7,0.4314763180701948,0,0.5099999998509195,0.36768073160759507,0.509999999818546,0.5099998507159721,0.5099999998147392,True,True,False
333,14,turn 14,8,0.3671684699671025,0,0.5099999999517372,0.3159826381931803,0.5099999999391402,0.5099998432016977,0.5099999999368388,True,True,False
333,15,turn 15,9,0.315612796294683,0,0.5099999999841495,0.2815349400933814,0.509999999979295,0.5099998339935751,0.5099999999781077,True,True,False
333,17,turn 17,10,0.2813080359428509,1,0.5099999999947273,0.2613455779610093,0.5099999999928665,0.5099998232936886,0.5099999999923049,True,True,False
333,20,turn 20,11,0.3374286014041083,0,0.5099999999999982,0.29770402824068387,0.5099999999999976,0.5099999998184435,0.5099999999999973,True,True,False
333,23,turn 23,12,0.29519231325151474,0,0.5099999999999993,0.27058852412802525,0.5099999999999991,0.5099999998055725,0.5099999999999991,True,True,False
334,2,turn 2,1,0.5414961778747888,0,0.5187790584240548,0.45681035894822886,0.5157234380208657,0.5043170672791265,0.5161415661694762,True,False,True
334,3,turn 3,2,0.45681035894822886,0,0.5241002773521645,0.4034966526414418,0.5208565169763326,0.5095363726798418,0.5213588768002017,True,True,False
334,4,turn 4,3,0.5074212553884754,0,0.5431986721083853,0.4370055775786397,0.54004123742448,0.5256874185780621,0.5422846068358326,True,True,False
334,5,turn 5,4,0.39781557487546343,0,0.5244021726047473,0.3741182321020777,0.5211650486687021,0.5099964614804017,0.5216625448335481,True,True,False
334,6,turn 6,5,0.3741182321020777,0,0.5244032332510357,0.36281119623489055,0.5211661853030386,0.5099996903648224,0.5216636285788229,True,True,False
334,7,turn 7,6,0.36281119623489055,0,0.524403297578291,0.35773152829995536,0.5211662564202368,0.5099999728986111,0.521663695145497,True,True,False
334,8,turn 8,7,0.35773152829995536,0,0.5244033015057624,0.35551294548088824,0.5211662608764639,0.5099999976278837,0.5216636992475118,True,True,False
334,9,turn 9,8,0.35551294548088824,1,0.5244033017456639,0.3545537531348077,0.5211662611557074,0.5099999997923746,0.5216636995003309,True,True,False
335,2,turn 2,1,0.5230116713496439,1,0.5136645961050191,0.4364500097482123,0.5115016910833643,0.5015787186644225,0.5129540498764003,True,False,True
335,3,turn 3,2,0.6399770905160109,0,0.6099738289180321,0.5330961137891239,0.6043526720398952,0.5335607992469411,0.5742597813251831,True,True,False
335,4,turn 4,3,0.5330961137891239,0,0.6105815834953675,0.4799344694126563,0.6049428715970786,0.5339345569227021,0.5747716835320645,True,True,False
335,5,turn 5,4,0.4799344694126563,0,0.6105831719911097,0.46165302359803617,0.6049443899709384,0.5339353587496491,0.5747728831545634,True,True,False
335,6,turn 6,5,0.46165302359803617,0,0.6105831762001546,0.45620462979944565,0.6049443939262121,0.5339353604732069,0.574772885971131,True,True,False
335,7,turn 7,6,0.45620462979944565,0,0.6105831762114359,0.45465197933174595,0.6049443939366235,0.5339353604769159,0.5747728859777483,True,True,False
335,8,turn 8,7,0.45465197933174595,0,0.6105831762114664,0.45421518881682327,0.604944393936651,0.533935360476924,0.5747728859777639,True,True,False
335,9,turn 9,8,0.45421518881682327,0,0.6105831762114665,0.4540927518481651,0.6049443939366511,0.533935360476924,0.5747728859777641,True,True,False
335,10,turn 10,9,0.4540927518481651,0,0.6105831762114665,0.45405846424878477,0.6049443939366511,0.533935360476924,0.5747728859777641,True,True,False
335,11,turn 11,10,0.45405846424878477,0,0.6105831762114665,0.4540488643185481,0.6049443939366511,0.533935360476924,0.5747728859777641,True,True,False
336,2,turn 2,1,0.558434876307869,1,0.541169011364299,0.4629958431449259,0.5381509833580943,0.520284653963861,0.5401747742160821,True,False,True
336,4,turn 4,2,0.6551119126234695,1,0.5468153600362182,0.5358885426262491,0.5436160370923955,0.5260346273656941,0.5457245808465232,True,True,False
336,5,turn 5,3,0.4835349681568623,1,0.44214825243859673,0.41639478118942574,0.44163730440023613,0.4080823069874376,0.44202074249394036,True,True,False
336,6,turn 6,4,0.7389597431193727,1,0.5468156694495725,0.6229988388761849,0.5436163536094839,0.5260351035433172,0.5457248922344587,True,True,False
337,2,turn 2,1,0.49217068559522487,0,0.4330875489099696,0.4251334846950369,0.437106940742492,0.4398756204386511,0.43780971155528003,True,False,True
337,3,turn 3,2,0.4690971570269329,0,0.500352272591603,0.40270029204056346,0.49883931586112384,0.4990091504436376,0.49864783834903037,True,True,False
337,4,turn 4,3,0.40270029204056346,0,0.5170045823314626,0.3672953721728989,0.511890455700406,0.5088213958648906,0.5102300527520895,True,True,False
337,5,turn 5,4,0.3948945071566027,0,0.46873477865308344,0.35081005237976715,0.46599624118606103,0.4398020560949883,0.4654897543697347,True,True,False
337,6,turn 6,5,0.34855526349242993,0,0.47840643607163147,0.32949926253992046,0.4788858118155561,0.46483808036096214,0.4744189579613708,True,True,False
337,7,turn 7,6,0.34542039003599234,0,0.4995999515968565,0.31187608106835607,0.49668812940230134,0.45129411502248584,0.4960552229596179,True,True,False
337,8,turn 8,7,0.3272220604182413,0,0.4986029496828255,0.31784238312137914,0.4967518247126601,0.4783258549442343,0.49011668919591617,True,True,False
337,9,turn 9,8,0.3109344445509991,0,0.5083638025497117,0.28584177747382167,0.5056682303054005,0.4590470826085717,0.5051155019461406,True,True,False
337,10,turn 10,9,0.31745648665089654,0,0.5100538831761835,0.3124471267089233,0.506237501534469,0.48670250387857117,0.49823037929320313,True,True,False
338,2,turn 2,1,0.5230116713496439,1,0.5136645961050191,0.4364500097482123,0.5115016910833643,0.5015787186644225,0.5129540498764003,True,False,True
338,3,turn 3,2,0.6395827473726294,0,0.5239182773627294,0.5287046639162883,0.520261562316084,0.5099992860334048,0.5225376011600484,True,True,False
338,4,turn 4,3,0.4897266094004457,1,0.5239187581933371,0.4393574794506945,0.5202620157061049,0.5099999375449635,0.5225380649680188,True,True,False
339,2,turn 2,1,0.5536525903192294,1,0.5140944628198516,0.44643101251385653,0.5103968262916027,0.5096370919671118,0.5122073914024963,True,False,True
339,3,turn 3,2,0.555948906984129,1,0.519909023093862,0.4799512720210528,0.5146447516531784,0.5097158731178565,0.5136680996566799,True,True,False
339,4,turn 4,3,0.6067650022833699,1,0.5870788819145942,0.498507724611144,0.581927387664864,0.55761863317206,0.5857677237964978,True,True,False
339,5,turn 5,4,0.6411170661509407,0,0.5146078199631098,0.5189126368758927,0.5108939102480268,0.509999999287909,0.5127124433949445,True,True,False
339,6,turn 6,5,0.6069778500798516,0,0.5666763614756118,0.4967991152578968,0.5625610876830642,0.5176598556299511,0.5631650687593026,True,True,False
339,7,turn 7,6,0.6668856397290679,1,0.642316391053248,0.5824827004960723,0.6367684009066873,0.527060498136506,0.6150017343667548,True,True,False
340,2,turn 2,1,0.49519726301855826,0,0.46845262504987245,0.41803876916308136,0.46819319638061885,0.45083741981658654,0.4683933626575425,True,False,True
340,3,turn 3,2,0.47777928300422967,0,0.5131833150661698,0.4048970415081484,0.5107013916349574,0.4800133709069373,0.5123682103591994,True,True,False
340,4,turn 4,3,0.38812978889667316,1,0.5074157885191912,0.34506668310163235,0.5072485407983109,0.4905736180300102,0.50736345810041,True,True,False
341,2,turn 2,1,0.46261064625989257,1,0.38869579571908497,0.3927115718316845,0.402648431742078,0.3714103948879872,0.41569266759858514,True,False,True
341,3,turn 3,2,0.5802594442879855,1,0.5872996663937284,0.5564333840871383,0.5183664853644498,0.509787110384673,0.5099542107116721,True,True,False
341,4,turn 4,3,0.6013989129685213,0,0.5875206430584252,0.5906641133749597,0.5184370246585599,0.5099997603770723,0.5099999817367473,True,True,False
341,5,turn 5,4,0.5559996249855228,1,0.5120472292436513,0.48459898374867255,0.510198410726753,0.5098184343556512,0.5111036931703712,True,True,False
342,2,turn 2,1,0.4093001095119336,1,0.4436276498113493,0.5157040423988133,0.4432160731081899,0.4265916856512062,0.4435537249200995,True,False,True
342,3,turn 3,2,0.5862136506169214,0,0.568201656924874,0.6100269657362687,0.5632949428719649,0.5681149451450191,0.5681863869424718,True,True,False
342,5,turn 5,3,0.5315263368826054,0,0.5375183589226292,0.6452549110677914,0.5325219509556989,0.5374587430085985,0.5375013811795961,True,True,False
342,6,turn 6,4,0.44780927512166613,1,0.48927563528364754,0.6357907627337616,0.48613089395997855,0.4829037759397673,0.48346594059909154,True,True,False
342,7,turn 7,5,0.6904633519996277,1,0.6460539172607438,0.7375144668696625,0.6283680654857692,0.600810020372649,0.6043080711933138,True,True,False
343,2,turn 2,1,0.5105373241231342,0,0.4766683466235914,0.44115417992062067,0.4767140037033582,0.4689781046187315,0.4768569704127863,True,False,True
343,3,turn 3,2,0.5267044312968541,1,0.5406415634979825,0.44312679609684696,0.536726992319512,0.513829558144759,0.5379382393955079,True,True,False
343,4,turn 4,3,0.5988043090046986,1,0.5409250891823654,0.48905166880263823,0.5370022306841004,0.514014463440001,0.5382147007537872,True,True,False
344,2,turn 2,1,0.5536525903192294,0,0.5140944628198516,0.44643101251385653,0.5103968262916027,0.5096370919671118,0.5122073914024963,True,False,True
344,3,turn 3,2,0.44643101251385653,0,0.5146067655203532,0.38945447693579716,0.5108928969559599,0.5099992606595668,0.512711410031713,True,True,False
344,4,turn 4,3,0.38945447693579716,1,0.5146078187894473,0.3673202248715616,0.5108939091503096,0.5099999984926531,0.5127124422604369,True,True,False
344,5,turn 5,4,0.4265956911373304,1,0.5146078209616733,0.38300841246083583,0.5108939112219412,0.509999999999997,0.5127124443809726,True,True,False
344,6,turn 6,5,0.48957231550794983,0,0.5146078209616776,0.4144218935238866,0.5108939112219453,0.51,0.5127124443809767,True,True,False
344,7,turn 7,6,0.40950131582562665,0,0.5146078209616776,0.3764893804352334,0.5108939112219453,0.51,0.5127124443809767,True,True,False
344,8,turn 8,7,0.3746209757651571,0,0.5146078209616776,0.362848526893725,0.5108939112219453,0.51,0.5127124443809767,True,True,False
344,9,turn 9,8,0.3622193939974372,0,0.5146078209616776,0.3583402185144782,0.5108939112219453,0.51,0.5127124443809767,True,True,False
345,3,turn 3,1,0.4364121791647627,0,0.3785034792079921,0.3748631347222213,0.3777621729706621,0.37088708788599734,0.3769928262063867,True,False,True
345,4,turn 4,2,0.5230116713496439,0,0.5136645961050191,0.4364500097482123,0.5115016910833643,0.5015787186644225,0.5129540498764003,True,True,False
345,5,turn 5,3,0.4629229619403419,0,0.5081095692252016,0.41379831586549753,0.508092798436935,0.507682908433006,0.5081015930412341,True,True,False
346,2,turn 2,1,0.4866268515295687,1,0.4529393698553883,0.41388543027996877,0.4525186715953558,0.4237596506162982,0.4525887446872254,True,False,True
346,3,turn 3,2,0.5713130142195384,1,0.5099808203377604,0.5058607980682143,0.5099799890336724,0.5099038898364233,0.5099799802987133,True,True,False
347,2,turn 2,1,0.41714436008408856,0,0.3843770412365381,0.39080625922104667,0.3840623000433602,0.38586821771423474,0.38410308363099,True,False,True
347,4,turn 4,2,0.3755483819086662,0,0.4234859704415067,0.3614694903844952,0.42108923360029177,0.379116393402077,0.4185156405361313,True,True,False
347,5,turn 5,3,0.558434876307869,0,0.541169011364299,0.4629958431449259,0.5381509833580943,0.520284653963861,0.5401747742160821,True,True,False
347,6,turn 6,4,0.4629958431449259,0,0.5465125322500226,0.43181466898574633,0.5433065001968898,0.5255713028978993,0.5454199426909413,True,True,False
348,2,turn 2,1,0.5475445525094367,1,0.4376602519450872,0.38473965233392593,0.4363227629839745,0.3728609321326185,0.42968108458218446,True,False,True
348,3,turn 3,2,0.556812280081812,0,0.5409179397878712,0.4590952408739405,0.5383382380129327,0.5256055829088977,0.5402668533088212,True,True,False
348,4,turn 4,3,0.4590952408739405,0,0.5483804286771548,0.4372836264836324,0.5457840882167627,0.533357318210905,0.5477188446780856,True,True,False
349,2,turn 2,1,0.47651049835422593,0,0.4320305559525084,0.41098676685158464,0.431403463212533,0.3888432096015796,0.4315001256202657,True,False,True
349,3,turn 3,2,0.41098676685158464,0,0.48871882025472546,0.34981067973921937,0.4878509439427612,0.4215250335878685,0.4878523748529894,True,True,False
349,4,turn 4,3,0.5230116713496439,1,0.5136645961050191,0.4364500097482123,0.5115016910833643,0.5015787186644225,0.5129540498764003,True,True,False
349,5,turn 5,4,0.48557221603497974,0,0.5078668413821296,0.4149278850293371,0.5077114834529234,0.491267692138908,0.5078182999299301,True,True,False
349,6,turn 6,5,0.4070587934625638,1,0.509425073684413,0.3564733816203601,0.5093632230507316,0.49772018106077887,0.5094058252831057,True,True,False
349,7,turn 7,6,0.35981279882334755,0,0.5055853027352366,0.31186320495830566,0.5052566276677025,0.45903832681652323,0.505115344545346,True,True,False
349,8,turn 8,7,0.3104108315244036,0,0.5084691968420947,0.2790366740342241,0.508301605677872,0.464611463826169,0.5082270081329019,True,True,False
349,9,turn 9,8,0.27817134259892606,0,0.5094629817840474,0.2599738341775212,0.5093843726697531,0.46879941227090494,0.5093483385334645,True,True,False
350,1,turn 1,1,0.525295269112211,0,0.5043535747877871,0.4344402758938709,0.5023614876125264,0.5015501601538901,0.5021106185230774,True,False,True
350,2,turn 2,2,0.4344402758938709,0,0.512321677469015,0.3727837279574719,0.5099465356004163,0.5093042925799441,0.5095440515978651,True,True,False
350,3,turn 3,3,0.3727837279574719,1,0.512750785844458,0.33979736576335173,0.510382440436518,0.5099393554986107,0.5099719883786891,True,True,False
350,4,turn 4,4,0.4865041792705367,0,0.4788524753529617,0.4182891626535477,0.47623008239173503,0.45904115349370644,0.47601037124696677,True,True,False
350,5,turn 5,5,0.4080377402944193,0,0.5046755669255881,0.35324793896920215,0.5019856749237279,0.4802309185653825,0.5017971518933715,True,True,False
350,6,turn 6,6,0.34698691582118946,1,0.5106456520614584,0.31204427606774265,0.5081233873714034,0.4912684056785749,0.5078187653357553,True,True,False
350,7,turn 7,7,0.44246938902124866,1,0.5127777867110439,0.3899459001933576,0.5104108064870655,0.509986279157605,0.509999418521175,True,True,False
351,2,turn 2,1,0.4948490674504046,0,0.4746352098529024,0.4338282169286991,0.4743748670185114,0.45741884957528944,0.4745672715235497,True,False,True
351,3,turn 3,2,0.45126165266797247,0,0.5099670046534607,0.40100339282471975,0.509965940822279,0.5099278800735872,0.5099649861169733,True,True,False
351,4,turn 4,3,0.46162716953483995,0,0.49427571662229886,0.38812978889667316,0.4939487889125945,0.47202718488825035,0.4941801433039438,True,True,False
351,5,turn 5,4,0.35657682065660923,0,0.5057346058551875,0.3137983871402421,0.5054239143595385,0.4725368113571498,0.5056375306715106,True,True,False
351,6,turn 6,5,0.3137983871402421,0,0.5088502037558256,0.2877796876528999,0.5087265054723793,0.4854404870298898,0.5088117079352531,True,True,False
352,3,turn 3,1,0.5803152201995405,0,0.5403854121477317,0.47161506388587665,0.5364789569873334,0.5136484737985314,0.5376862300808994,True,False,True
352,4,turn 4,2,0.47161506388587665,0,0.540923909527227,0.4164571913547359,0.5370010966225924,0.5140137119248279,0.5382135530108896,True,True,False
352,5,turn 5,3,0.5266674645627489,0,0.4427857592537614,0.3449863890255852,0.43866491587964895,0.4057998095939212,0.42980388418567894,True,True,False
352,6,turn 6,4,0.3449863890255852,0,0.48610119615322933,0.2994853533008307,0.4805816353287851,0.417275501845476,0.4695438335794565,True,True,False
352,7,turn 7,5,0.2994853533008307,0,0.5058448599374297,0.2804551788274719,0.5001718767263666,0.42451932446334306,0.4887637280068015,True,True,False
353,1,turn 1,1,0.5803152201995405,0,0.5403854121477317,0.47161506388587665,0.5364789569873334,0.5136484737985314,0.5376862300808994,True,False,True
353,2,turn 2,2,0.4451196187174249,0,0.4233681219642797,0.3529451056528403,0.42116408896850355,0.4041773264571696,0.4209498180429392,True,True,False
353,3,turn 3,3,0.43421612446103985,1,0.5252144359689992,0.38911898376728177,0.5223838983012407,0.4928299996045024,0.5233408140124153,True,True,False
354,2,turn 2,1,0.558814487872056,1,0.5307900888055082,0.4753741598539748,0.526210612850798,0.5096793345958222,0.5268293578436418,True,False,True
354,3,turn 3,2,0.6331145755250265,1,0.5316049500403599,0.553694237881772,0.5267493906860274,0.5099999993708435,0.5274955475837271,True,True,False
354,4,turn 4,3,0.6862304026392162,1,0.5316049526418984,0.6288374813591975,0.5267493917615614,0.5099999999999988,0.5274955492754003,True,True,False
354,5,turn 5,4,0.7169790095924248,1,0.5316049526419073,0.6834891339068436,0.5267493917615635,0.51,0.5274955492754048,True,True,False
354,6,turn 6,5,0.41627931329019024,1,0.37423942253376824,0.4062344795611086,0.38196871077005445,0.38765442581529486,0.3783729038052588,True,True,False
355,2,turn 2,1,0.4021207659783585,0,0.35261590540632737,0.36976979892249434,0.3521743944675318,0.35413351692238326,0.35190417706981014,True,False,True
355,3,turn 3,2,0.5232117597487255,1,0.5379152649805651,0.4132771153138446,0.535260027993319,0.505491695738206,0.5317607288372678,True,True,False
355,4,turn 4,3,0.4299482733390308,0,0.4693435415540536,0.38244578632834897,0.46844890219368746,0.4643650898267559,0.46902451021621383,True,True,False
355,5,turn 5,4,0.38217391245764615,0,0.4924206916635188,0.353210643008851,0.4915453135769973,0.488610273567282,0.4921654679327412,True,True,False
355,6,turn 6,5,0.358972263465091,1,0.4809565004407214,0.3438979523557597,0.47967075925467234,0.46493637670151816,0.4799208303271166,True,True,False
356,2,turn 2,1,0.5007378427662061,1,0.4736737242697391,0.4303148847979847,0.47266741221579317,0.4557106801026746,0.47257724066774703,True,False,True
356,3,turn 3,2,0.600667943428181,1,0.5165291566269553,0.5461453232147996,0.5123674917090654,0.5099323550436287,0.5110145899635098,True,True,False
357,2,turn 2,1,0.4835349681568623,1,0.44214825243859673,0.41639478118942574,0.44163730440023613,0.4080823069874376,0.44202074249394036,True,False,True
357,3,turn 3,2,0.41427003516046146,0,0.35229972169446705,0.38012202621669783,0.40089494984066326,0.37324313058454334,0.40028547212721194,True,True,False
357,4,turn 4,3,0.45907140175508226,0,0.4885216996242783,0.41892993720128263,0.4878365839312977,0.47060193604717515,0.48747305831477883,True,True,False
357,5,turn 5,4,0.41874589633187914,1,0.500127018813779,0.37971577601907064,0.4995663127783179,0.4815662143224146,0.4992411776516095,True,True,False
357,6,turn 6,5,0.47055338188395224,1,0.5099946068162281,0.43184020822001495,0.5099941241004927,0.5099703683365329,0.5099938294637623,True,True,False
357,7,turn 7,6,0.4167903792389898,0,0.43944737861729943,0.3830201695682683,0.4888254789190795,0.46505294883702386,0.48926749629269317,True,True,False
357,8,turn 8,7,0.38236399827620426,0,0.4519159420642393,0.35668447318210716,0.4976776572790674,0.4808125503634653,0.4981685919559017,True,True,False
357,9,turn 9,8,0.35615487233095056,1,0.4577516940438101,0.33788047922931347,0.5023575150916783,0.4898159669806966,0.5027925934972727,True,True,False
357,10,turn 10,9,0.41474164639707667,0,0.5578921521392448,0.38750481927975405,0.5099946628732539,0.5099833819802303,0.5099950918503563,True,True,False
358,2,turn 2,1,0.49519726301855826,0,0.46845262504987245,0.41803876916308136,0.46819319638061885,0.45083741981658654,0.4683933626575425,True,False,True
358,3,turn 3,2,0.41803876916308136,1,0.5014457033833223,0.36645589985981597,0.5011108283506354,0.4795361309168179,0.5013418446580261,True,True,False
358,4,turn 4,3,0.5096609990099064,0,0.5099977849380193,0.44417465121991334,0.5099976180464072,0.5099770669852306,0.5099977328736769,True,True,False
358,5,turn 5,4,0.43110693603955286,1,0.5099994033091094,0.38219117635946,0.5099993370396221,0.5099838542677406,0.5099993827293854,True,True,False
358,6,turn 6,5,0.5225097186598671,1,0.5099999998442889,0.46610105514147826,0.5099999998212708,0.50999998904441,0.5099999998371954,True,True,False
360,1,turn 1,1,0.47651049835422593,1,0.4320305559525084,0.41098676685158464,0.431403463212533,0.3888432096015796,0.4315001256202657,True,False,True
360,3,turn 3,2,0.5363486934861381,0,0.5118181440785619,0.4686062576956588,0.5107360741803595,0.5057176334793622,0.5114622428651476,True,True,False
361,2,turn 2,1,0.5270058754453072,0,0.4996213569276903,0.4467064645085281,0.49720190461570835,0.48025837720620435,0.49761136025059216,True,False,True
361,3,turn 3,2,0.4467064645085281,1,0.5165238169099857,0.39176669464523367,0.5139295100982963,0.49476773879257263,0.514417733546837,True,True,False
362,3,turn 3,1,0.4835349681568623,1,0.44214825243859673,0.41639478118942574,0.44163730440023613,0.4080823069874376,0.44202074249394036,True,False,True
362,4,turn 4,2,0.5570660075804235,1,0.5099795332182545,0.5032646151013805,0.5099786732836484,0.5099135542796718,0.5099792697479724,True,True,False
362,5,turn 5,3,0.6011093524756507,1,0.5099999946475422,0.5701469539594153,0.5099999942384074,0.5099999413202007,0.5099999945207279,True,True,False
363,2,turn 2,1,0.5194455525253087,1,0.4921617469543453,0.4409369788179239,0.48970525571556506,0.4667004209539414,0.4904278444467693,True,False,True
363,3,turn 3,2,0.5914001455738295,1,0.5207883210462323,0.5272283717624386,0.518359923981691,0.5099282738325727,0.518732991718811,True,True,False
364,2,turn 2,1,0.5497075963446125,1,0.5343118794629658,0.4763784042836948,0.5322691896922191,0.5092746811684985,0.5326224243587692,True,False,True
364,3,turn 3,2,0.5391526228418847,1,0.5114488533561082,0.46820429556647486,0.508421665724072,0.48351333960050935,0.509021438427374,True,True,False
364,4,turn 4,3,0.3554844271834187,0,0.3067599582575961,0.3458751609359516,0.30722591709633834,0.306568319825149,0.30703797695796803,True,True,False
366,2,turn 2,1,0.49519726301855826,0,0.46845262504987245,0.41803876916308136,0.46819319638061885,0.45083741981658654,0.4683933626575425,True,False,True
366,3,turn 3,2,0.41803876916308136,0,0.5014457033833223,0.36645589985981597,0.5011108283506354,0.4795361309168179,0.5013418446580261,True,True,False
367,2,turn 2,1,0.4835349681568623,0,0.44214825243859673,0.41639478118942574,0.44163730440023613,0.4080823069874376,0.44202074249394036,True,False,True
367,3,turn 3,2,0.41639478118942574,1,0.4937944355834495,0.35657682065660923,0.49314848946418754,0.45046183713076515,0.49359430378674296,True,True,False
367,4,turn 4,3,0.486375321826485,0,0.4659542412440105,0.4219213849597,0.4655824570382201,0.4397791817395756,0.4654875142839233,True,True,False
368,2,turn 2,1,0.5163637498735145,1,0.4995541566713986,0.44268295094010524,0.49841630731127484,0.4987639640461511,0.498376106628325,True,False,True
368,3,turn 3,2,0.47651049835422593,1,0.4320305559525084,0.41098676685158464,0.431403463212533,0.3888432096015796,0.4315001256202657,True,True,False
369,2,turn 2,1,0.4541431061670416,1,0.41175878991197656,0.3993507962460866,0.40984979120365783,0.42028711344230535,0.41088468889531193,True,False,True
369,3,turn 3,2,0.5559050804187889,1,0.4925606991022601,0.47011732536085016,0.4904790461836944,0.48424847236966695,0.4913139364331776,True,True,False
369,4,turn 4,3,0.5683192261878919,0,0.4439011247128889,0.5029396857534116,0.4418569365584745,0.4390852863868895,0.4427721397072033,True,True,False
369,5,turn 5,4,0.5023401687390542,1,0.48298784994100874,0.429370685305957,0.4802421191280488,0.45801665030244687,0.4806573761201744,True,True,False
370,2,turn 2,1,0.4835349681568623,0,0.44214825243859673,0.41639478118942574,0.44163730440023613,0.4080823069874376,0.44202074249394036,True,False,True
370,3,turn 3,2,0.5729643935512018,1,0.5598255382317422,0.47586249348541576,0.5550908407352956,0.5335917689275846,0.5584549203640768,True,True,False
370,4,turn 4,3,0.5342698133201187,0,0.5182140760891513,0.4452399024118169,0.5162627812047095,0.5016176643597616,0.5173782994258742,True,True,False
370,5,turn 5,4,0.41639478118942574,0,0.4937944355834495,0.35657682065660923,0.49314848946418754,0.45046183713076515,0.49359430378674296,True,True,False
370,6,turn 6,5,0.4733110221913762,0,0.45391399407524113,0.42597016671055987,0.4543041735211193,0.44906775123913845,0.45168928722848917,True,True,False
370,7,turn 7,6,0.42597016671055987,0,0.5012564067721653,0.38980431887060124,0.4979207654267034,0.44874667858953043,0.49254974477029273,True,True,False
371,2,turn 2,1,0.5391526228418847,0,0.5114488533561082,0.46820429556647486,0.508421665724072,0.48351333960050935,0.509021438427374,True,False,True
371,3,turn 3,2,0.4849659518047098,0,0.4441669426768099,0.42633274603748256,0.44618276853082856,0.44864575889120334,0.44529014760387753,True,True,False
371,4,turn 4,3,0.4811844713579226,0,0.4704369608564994,0.4016929194334402,0.4677927032562907,0.4386239295039738,0.49253185722158266,True,True,False
371,5,turn 5,4,0.4016929194334402,0,0.49179762583402997,0.33196906711407576,0.4894918080132231,0.43635942138298445,0.5066709951757856,True,True,False
371,6,turn 6,5,0.3926670841896509,1,0.5082543026379477,0.3583025772695192,0.5060103969552648,0.47784252106985875,0.5063396053485955,True,True,False
372,2,turn 2,1,0.4499071407235263,0,0.4081938374861825,0.41131463037526717,0.4118030075851453,0.39786836640136625,0.4101968231495996,True,False,True
372,3,turn 3,2,0.4727922218476929,1,0.49753710920525485,0.4125764700039376,0.4965849041558982,0.47686374666014636,0.49722134301175613,True,True,False
372,4,turn 4,3,0.5908423946844694,1,0.5278251551452553,0.5254770970706277,0.5212285270293352,0.5099794744886513,0.5243620044799162,True,True,False
373,2,turn 2,1,0.35950771901755585,0,0.3091304150065347,0.35510649160336727,0.30856449353250526,0.3081846462315442,0.30857554499847284,True,False,True
373,3,turn 3,2,0.49990466301914155,0,0.49430804288286057,0.541394285598558,0.4960285862147788,0.4752617298131483,0.504714202592719,True,True,False
373,4,turn 4,3,0.541394285598558,0,0.5517044572609809,0.5029901174735983,0.5515906130093035,0.5029311172242136,0.5521245052611784,True,True,False
373,5,turn 5,4,0.5029901174735983,0,0.5756603644178248,0.46783261506853774,0.5747992611389328,0.511766971575273,0.5694730900685395,True,True,False
373,6,turn 6,5,0.46783261506853774,0,0.5888233089234632,0.44657862364432255,0.5874617864681221,0.5153889280094939,0.5779836136396083,True,True,False
373,7,turn 7,6,0.44657862364432255,1,0.5971418824236946,0.4364283245212432,0.5953704075743361,0.5169945559265278,0.5829574633784299,True,True,False
373,8,turn 8,7,0.636548399802543,1,0.6382186988196934,0.6005645827720719,0.6216942603860027,0.5909420884302078,0.6067046889798401,True,True,False
374,1,turn 1,1,0.49706697635690134,0,0.4536440318270291,0.423316575508937,0.4563209899486618,0.45778125784101253,0.4567951353105682,True,False,True
374,2,turn 2,2,0.4663663814039335,0,0.4788473180967159,0.3928136290206734,0.47622860418199264,0.4590402337222276,0.47600973008018055,True,True,False
374,3,turn 3,3,0.3928136290206734,1,0.5046755337053468,0.33843990320911255,0.5019856697671874,0.4802309151244846,0.5017971503823885,True,True,False
375,2,turn 2,1,0.4664919080740034,0,0.43159143657283966,0.4160914635395835,0.43115130203155266,0.4191569200296206,0.42277304721463593,True,False,True
375,3,turn 3,2,0.4160914635395835,1,0.48858099867125926,0.3671385623247878,0.48606615280883597,0.41423589106278597,0.4735387049609991,True,True,False
377,1,turn 1,1,0.5649415487656273,1,0.5452711089000611,0.4670517148413663,0.5418729643786642,0.519608981532714,0.5437102230771502,True,False,True
377,2,turn 2,2,0.4604550620825972,1,0.4191483326076018,0.3751128444440723,0.4181922205503082,0.40114074180632925,0.41740594135178005,True,True,False
378,2,turn 2,1,0.5230116713496439,1,0.5136645961050191,0.4364500097482123,0.5115016910833643,0.5015787186644225,0.5129540498764003,True,False,True
378,3,turn 3,2,0.6395827473726294,1,0.5239182773627294,0.5287046639162883,0.520261562316084,0.5099992860334048,0.5225376011600484,True,True,False
378,4,turn 4,3,0.4499071407235263,0,0.4081938374861825,0.41131463037526717,0.4118030075851453,0.39786836640136625,0.4101968231495996,True,True,False
378,5,turn 5,4,0.41131463037526717,0,0.4768601423213584,0.3799130375960583,0.4769070271070868,0.4521098289605311,0.47706438659763806,True,True,False
379,2,turn 2,1,0.5105373241231342,1,0.4766683466235914,0.44115417992062067,0.4767140037033582,0.4689781046187315,0.4768569704127863,True,False,True
379,3,turn 3,2,0.6325417919401797,1,0.5352755830958271,0.5566218129335901,0.5252490818539487,0.5099703561822954,0.5300300454159322,True,True,False
380,2,turn 2,1,0.6256241991508116,1,0.4835549313077242,0.32783360129643696,0.48148357517207163,0.509672853103164,0.5249125418066412,True,False,True
380,3,turn 3,2,0.5185937792380458,0,0.47812135762922414,0.43141289685164114,0.47601706534591937,0.4588596994772747,0.47711406694821834,True,True,False
380,4,turn 4,3,0.43141289685164114,1,0.5042006005519013,0.3730156487962032,0.5020206932100737,0.480230548895166,0.5031528569092281,True,True,False
381,2,turn 2,1,0.49519726301855826,0,0.46845262504987245,0.41803876916308136,0.46819319638061885,0.45083741981658654,0.4683933626575425,True,False,True
381,3,turn 3,2,0.41803876916308136,1,0.5014457033833223,0.36645589985981597,0.5011108283506354,0.4795361309168179,0.5013418446580261,True,True,False
381,4,turn 4,3,0.5276105838687328,1,0.5212860707016638,0.4516512736969289,0.5191271189234656,0.5097823936950706,0.5205710314288772,True,True,False
381,5,turn 5,4,0.5631423972669689,0,0.5099978115092394,0.4965049959994177,0.509997646024119,0.509977125626778,0.5099977599090252,True,True,False
381,6,turn 6,5,0.47282198814762955,0,0.509999404932215,0.4126036965289713,0.5099993387928111,0.5099838594004877,0.5099993843956674,True,True,False
381,7,turn 7,6,0.3970801129652075,0,0.509999838195285,0.35797010111439553,0.5099998142724571,0.5099886105663722,0.5099998308232234,True,True,False
381,8,turn 8,7,0.3250429289526432,1,0.5099999120072871,0.29471725634602297,0.5099998956611762,0.5099839260349234,0.5099999070154809,True,True,False
382,2,turn 2,1,0.5803152201995405,0,0.5403854121477317,0.47161506388587665,0.5364789569873334,0.5136484737985314,0.5376862300808994,True,False,True
382,3,turn 3,2,0.47161506388587665,0,0.540923909527227,0.4164571913547359,0.5370010966225924,0.5140137119248279,0.5382135530108896,True,True,False
382,4,turn 4,3,0.4164571913547359,0,0.5409250870905664,0.3962723517937918,0.5370022287029722,0.5140144622513297,0.5382146987395209,True,True,False
382,5,turn 5,4,0.3962723517937918,0,0.5409250896770792,0.38978162049331483,0.5370022311680558,0.5140144637940285,0.5382147012393024,True,True,False
382,6,turn 6,5,0.38978162049331483,0,0.5409250896827786,0.38777877680356043,0.5370022311734401,0.5140144637972004,0.5382147012447728,True,True,False
382,7,turn 7,6,0.38777877680356043,0,0.5409250896827913,0.3871674289511068,0.5370022311734519,0.514014463797207,0.5382147012447848,True,True,False
382,8,turn 8,7,0.3871674289511068,0,0.5409250896827913,0.3869810581267238,0.5370022311734519,0.514014463797207,0.5382147012447849,True,True,False
383,2,turn 2,1,0.4849659518047098,0,0.4441669426768099,0.42633274603748256,0.44618276853082856,0.44864575889120334,0.44529014760387753,True,False,True
383,3,turn 3,2,0.42633274603748256,0,0.48726630728981024,0.3963518657356523,0.485779230852973,0.48187854072493197,0.48662293972012305,True,True,False
383,4,turn 4,3,0.3963518657356523,1,0.5054771786224515,0.3848508358431819,0.5015256324974167,0.4955083647496271,0.5035940066764375,True,True,False
383,5,turn 5,4,0.5097244051716489,1,0.5315799606546908,0.48743685860473035,0.5187408073213062,0.5099915108900048,0.5246824234708252,True,True,False
384,2,turn 2,1,0.6295034081389131,1,0.5906546385697977,0.5073032960756115,0.5860572056876188,0.5098104727689439,0.5576083374103017,True,False,True
384,3,turn 3,2,0.712189154515757,1,0.6193058881240834,0.5700994754027515,0.6140743433715538,0.5423047872427238,0.5963002562523556,True,True,False
385,2,turn 2,1,0.5803152201995405,1,0.5403854121477317,0.47161506388587665,0.5364789569873334,0.5136484737985314,0.5376862300808994,True,False,True
385,3,turn 3,2,0.5536171034356602,1,0.5390198071604467,0.4605511979486163,0.5356768109700025,0.5176047166436731,0.5379166098949756,True,True,False
385,4,turn 4,3,0.6574834053005792,0,0.5445708894812604,0.537254393198223,0.5403430458407615,0.5220259703108063,0.5430624689178292,True,True,False
385,5,turn 5,4,0.4499071407235263,1,0.4081938374861825,0.41131463037526717,0.4118030075851453,0.39786836640136625,0.4101968231495996,True,True,False
386,2,turn 2,1,0.558434876307869,1,0.541169011364299,0.4629958431449259,0.5381509833580943,0.520284653963861,0.5401747742160821,True,False,True
386,3,turn 3,2,0.6319430152320372,1,0.5263903880874492,0.5353956258354436,0.5241758717284972,0.5099992861098877,0.5254120180710024,True,True,False
386,4,turn 4,3,0.6203067461126839,0,0.5601187492413231,0.49504581928377367,0.5553753308129596,0.533835107280208,0.5587459116646103,True,True,False
386,5,turn 5,4,0.6373483153845464,1,0.5468156694487664,0.5881728298043057,0.5436163536087046,0.5260351035426599,0.5457248922336596,True,True,False
386,6,turn 6,5,0.4499071407235263,1,0.4081938374861825,0.41131463037526717,0.4118030075851453,0.39786836640136625,0.4101968231495996,True,True,False
387,2,turn 2,1,0.5282414614445144,0,0.5009964863218389,0.4585130839530498,0.500557524161112,0.4849719516870475,0.5013770812107868,True,False,True
387,3,turn 3,2,0.5099895710779965,1,0.5223219932561249,0.4502190989511078,0.5190556820608432,0.4977832054524981,0.5195474441352921,True,True,False
389,2,turn 2,1,0.5048605630142837,1,0.47454497004890583,0.43861206751904425,0.4741552658465776,0.46173758692802236,0.4737636689615255,True,False,True
389,3,turn 3,2,0.6090105321325402,1,0.5263251480533182,0.5445858813911558,0.519995430321029,0.5099646391803786,0.5223044320005946,True,True,False
390,1,turn 1,1,0.5086333259557038,0,0.47581975111276265,0.42353641476163606,0.47557055685319194,0.4056697009093786,0.4758171605135737,True,False,True
390,2,turn 2,2,0.42353641476163606,0,0.5018966997158876,0.3284396984667677,0.5015737394330593,0.42017755372137655,0.5017967582904612,True,True,False
390,3,turn 3,3,0.3284396984667677,1,0.5078673018713556,0.25209334398756633,0.5077119561495801,0.4251766758987181,0.5078187645332887,True,True,False
390,4,turn 4,4,0.43826401740565646,1,0.5099988751543584,0.3765810588248656,0.5099987525908627,0.5099725583152099,0.50999883704235,True,True,False
391,1,turn 1,1,0.4835349681568623,1,0.44214825243859673,0.41639478118942574,0.44163730440023613,0.4080823069874376,0.44202074249394036,True,False,True
391,2,turn 2,2,0.5729643935512018,1,0.5598255382317422,0.47586249348541576,0.5550908407352956,0.5335917689275846,0.5584549203640768,True,True,False
391,3,turn 3,3,0.5570660075804235,0,0.5099795332182545,0.5032646151013805,0.5099786732836484,0.5099135542796718,0.5099792697479724,True,True,False
391,4,turn 4,4,0.5314042324321916,0,0.5073330103775051,0.4498170145788949,0.5046969200070899,0.501654202881796,0.5042170412389123,True,True,False
391,5,turn 5,5,0.4498170145788949,0,0.5147620463303675,0.39480660196717554,0.512109113385927,0.5093049228838188,0.5116272458419762,True,True,False
391,6,turn 6,6,0.39480660196717554,1,0.5151865697123541,0.3641504060165831,0.5125440600561131,0.5099393583493498,0.5120550534295456,True,True,False
391,7,turn 7,7,0.5027124924931701,1,0.5099944351013345,0.43704679649128547,0.5099940097484048,0.5099390072839824,0.5099943032595605,True,True,False
391,8,turn 8,8,0.5697948559322746,1,0.5099999985447143,0.5215739830953859,0.5099999983817316,0.5099999585998973,0.5099999984943226,True,True,False
392,3,turn 3,1,0.5226075184584227,0,0.49190970347787555,0.44359591443816127,0.4897068892243268,0.4588625515306126,0.4910056792622721,True,False,True
392,4,turn 4,2,0.44359591443816127,0,0.518285587489604,0.38872678732329174,0.5157499068106657,0.4802305547013265,0.5172082212516977,True,True,False
392,5,turn 5,3,0.38872678732329174,0,0.5242581435414002,0.3569608114740954,0.5218883015978327,0.49126840493673885,0.5232312452091145,True,True,False
392,6,turn 6,4,0.3569608114740954,1,0.5258159535632434,0.34014574420277316,0.5235395987761309,0.49772024351343247,0.5248183386350047,True,True,False
392,7,turn 7,5,0.41403232769115694,1,0.5263907010545525,0.3841206651358393,0.5241761735977417,0.5099912442079515,0.525412327282933,True,True,False
392,8,turn 8,6,0.4622995954031115,1,0.5099999999211914,0.40196518834065414,0.5099999999068283,0.5099999881146535,0.5099999999167972,True,True,False
393,1,turn 1,1,0.4499071407235263,0,0.4081938374861825,0.41131463037526717,0.4118030075851453,0.39786836640136625,0.4101968231495996,True,False,True
393,2,turn 2,2,0.41131463037526717,1,0.4768601423213584,0.3799130375960583,0.4769070271070868,0.4521098289605311,0.47706438659763806,True,True,False
393,3,turn 3,3,0.5497417741369015,0,0.5292599222030614,0.5155585683058119,0.5182811823301732,0.509959662867415,0.5233119908888302,True,True,False
393,4,turn 4,4,0.4609594283662576,0,0.5292705777385697,0.4286269860614431,0.5182910476563714,0.5099738281194175,0.5233223923766992,True,True,False
393,5,turn 5,5,0.40159429849512895,0,0.5292773976905172,0.37733370715948983,0.5182963868131567,0.5099828480388404,0.5233285019121541,True,True,False
393,6,turn 6,6,0.3677199917421049,0,0.5292820169416552,0.3524282288645761,0.5182994150164988,0.5099886526425563,0.5233322787815938,True,True,False
393,7,turn 7,7,0.34938665371928757,0,0.529285221818449,0.3407948446619844,0.5183011753529827,0.5099924268892594,0.523334670496366,True,True,False
393,8,turn 8,8,0.3398515002383358,0,0.5292874669845082,0.33533726695553,0.5183022112911566,0.5099949053846307,0.5233362013884523,True,True,False
393,9,turn 9,9,0.33503882882601,0,0.5292890458109705,0.3327509121821858,0.5183028245630148,0.5099965481946488,0.5233371858630416,True,True,False
393,10,turn 10,10,0.3326525003974353,0,0.5292901577051596,0.33151412733263674,0.5183031886507596,0.5099976464815956,0.5233378202225993,True,True,False
394,1,turn 1,1,0.5846149749540468,0,0.5465910526426072,0.47333325210799865,0.5428718510759324,0.509513840355734,0.5217908510528795,True,False,True
394,2,turn 2,2,0.4597451767827101,0,0.5018377977041444,0.35924401287206637,0.49836771133641333,0.4683152959069458,0.4808526985809275,True,True,False
394,3,turn 3,3,0.35924401287206637,1,0.519100186134677,0.3065348933635225,0.5150750616369301,0.47298821682390296,0.49670214794716755,True,True,False
394,4,turn 4,4,0.5432575925858043,1,0.5411984304425372,0.4898238726926739,0.538204525557408,0.5115287849688489,0.5212591042410185,True,True,False
395,1,turn 1,1,0.5185937792380458,0,0.47812135762922414,0.43141289685164114,0.47601706534591937,0.4588596994772747,0.47711406694821834,True,False,True
395,2,turn 2,2,0.43141289685164114,1,0.5042006005519013,0.3730156487962032,0.5020206932100737,0.480230548895166,0.5031528569092281,True,True,False
395,3,turn 3,3,0.5110886259886367,0,0.5123017219906139,0.43242985427149344,0.5104446016357852,0.50997712563099,0.5113539821001074,True,True,False
395,4,turn 4,4,0.4311180151650293,0,0.5123033154131471,0.3778702505090249,0.5104462944038873,0.5099838594009184,0.5113556065862526,True,True,False
395,5,turn 5,5,0.3770732886517265,0,0.5123037486761297,0.3451099061235594,0.5104467698834364,0.50998861056641,0.511356053013718,True,True,False
395,6,turn 6,6,0.3446597861427637,0,0.5123038664844823,0.3267913933504743,0.5104469034415607,0.5099919630174616,0.5113561756982288,True,True,False
397,2,turn 2,1,0.5226075184584227,0,0.49190970347787555,0.44359591443816127,0.4897068892243268,0.4588625515306126,0.4910056792622721,True,False,True
397,3,turn 3,2,0.5308963481673886,1,0.5392962033800978,0.4480711245243857,0.5358205234971841,0.5176938356931982,0.5381244905664877,True,True,False
397,4,turn 4,3,0.4855643249709405,0,0.51828806951751,0.4209881533086375,0.5157505907745039,0.4802309185646691,0.5172096365730108,True,True,False
397,5,turn 5,4,0.41141960664166943,1,0.5242581546627147,0.37075351473265544,0.5218883032235715,0.49126840567857344,0.5232312500194689,True,True,False
397,6,turn 6,5,0.49365637853452415,1,0.5263902893123422,0.4362126466358265,0.5241757223392369,0.509986279157605,0.5254119032049026,True,True,False
397,7,turn 7,6,0.6546653511176093,1,0.5445708905323853,0.5446364971482418,0.5403430461349927,0.5220259704860291,0.5430624695212792,True,True,False
399,3,turn 3,1,0.5504219267895083,0,0.5371216745330223,0.46200715502329215,0.5330153839270724,0.5096038503784486,0.5355663664811299,True,False,True
399,4,turn 4,2,0.4884801072154218,1,0.5249494533314834,0.43606920332897336,0.5227318768969653,0.5083773322175146,0.5239679696349058,True,True,False
399,5,turn 5,3,0.5573651092719494,1,0.5263908356754577,0.499099326587457,0.5241763294739447,0.5099999648655971,0.5254124676468404,True,True,False
400,2,turn 2,1,0.4499071407235263,0,0.4081938374861825,0.41131463037526717,0.4118030075851453,0.39786836640136625,0.4101968231495996,True,False,True
400,3,turn 3,2,0.5064997409222393,0,0.5235023654869307,0.45087848957332566,0.521296476207425,0.5056882269811785,0.5231510966025155,True,True,False
400,4,turn 4,3,0.5990115744280566,1,0.5380838056312702,0.47094044188302797,0.536032448494606,0.5136913311786298,0.5363930744362836,True,True,False
400,5,turn 5,4,0.6855264852090047,0,0.5386211782032793,0.5633271946689035,0.5365552745871851,0.51401446316882,0.5368584781925412,True,True,False
400,6,turn 6,5,0.4098220178624665,0,0.49507048701945255,0.37947913373570574,0.4926529226543556,0.46573928406868315,0.4940349374395906,True,True,False
400,7,turn 7,6,0.37947913373570574,1,0.5106573741351501,0.3579645939572112,0.5064587507353429,0.48340818979477196,0.5086772196257322,True,True,False
401,2,turn 2,1,0.49208847702182246,0,0.46320395678766685,0.428277266393542,0.4640328943949274,0.44974301538056394,0.4637875612877369,True,False,True
401,3,turn 3,2,0.428277266393542,1,0.5013984988054176,0.3892594520612784,0.5003096364021002,0.48070733872395516,0.5010100743603094,True,True,False
401,4,turn 4,3,0.5422467195516721,1,0.5242302244666234,0.47181201433862957,0.5209991292597342,0.5099052519411538,0.5214976716473523,True,True,False
401,5,turn 5,4,0.6277046863512726,1,0.5244033014273656,0.5599066205260272,0.5211662608485358,0.5099999998109014,0.5216636991926831,True,True,False
402,2,turn 2,1,0.49519726301855826,0,0.46845262504987245,0.41803876916308136,0.46819319638061885,0.45083741981658654,0.4683933626575425,True,False,True
402,3,turn 3,2,0.41803876916308136,0,0.5014457033833223,0.36645589985981597,0.5011108283506354,0.4795361309168179,0.5013418446580261,True,True,False
402,4,turn 4,3,0.36645589985981597,1,0.5078397728584296,0.33654506645266485,0.5076829725811937,0.49120776461808346,0.5077907552254273,True,True,False
403,2,turn 2,1,0.46261064625989257,1,0.38869579571908497,0.3927115718316845,0.402648431742078,0.3714103948879872,0.41569266759858514,True,False,True
403,3,turn 3,2,0.5802594442879855,0,0.5872996663937284,0.5564333840871383,0.5183664853644498,0.509787110384673,0.5099542107116721,True,True,False
403,4,turn 4,3,0.5555673451112833,1,0.5872323448325054,0.5223203445780779,0.5183998077226595,0.5097510597696538,0.5099810139373622,True,True,False
404,1,turn 1,1,0.4849659518047098,1,0.4441669426768099,0.42633274603748256,0.44618276853082856,0.44864575889120334,0.44529014760387753,True,False,True
404,2,turn 2,2,0.5453624293878683,1,0.4952927412485708,0.5063068571809242,0.4840689744016846,0.4589966884736527,0.48928673419656865,True,True,False
405,2,turn 2,1,0.49519726301855826,0,0.46845262504987245,0.41803876916308136,0.46819319638061885,0.45083741981658654,0.4683933626575425,True,False,True
405,3,turn 3,2,0.4733110221913762,0,0.45391399407524113,0.42597016671055987,0.4543041735211193,0.44906775123913845,0.45168928722848917,True,True,False
405,4,turn 4,3,0.42597016671055987,1,0.5012564067721653,0.38980431887060124,0.4979207654267034,0.44874667858953043,0.49254974477029273,True,True,False
405,5,turn 5,4,0.41803876916308136,0,0.5014457033833223,0.36645589985981597,0.5011108283506354,0.4795361309168179,0.5013418446580261,True,True,False
405,6,turn 6,5,0.36645589985981597,0,0.5078397728584296,0.33654506645266485,0.5076829725811937,0.49120776461808346,0.5077907552254273,True,True,False
405,7,turn 7,6,0.33654506645266485,0,0.509423420389709,0.32050104094155274,0.5093614366664906,0.4977149370675422,0.5094041278047159,True,True,False
405,8,turn 8,7,0.32050104094155274,0,0.509843942451818,0.31231073377838975,0.509821492378572,0.5017474958278996,0.5098370084590805,True,True,False
405,9,turn 9,8,0.31231073377838975,1,0.5099576149581658,0.30824761606957163,0.509949919862376,0.5043663655554296,0.5099552599219963,True,True,False
407,2,turn 2,1,0.5226075184584227,1,0.49190970347787555,0.44359591443816127,0.4897068892243268,0.4588625515306126,0.4910056792622721,True,False,True
407,3,turn 3,2,0.6031922133155738,1,0.5263806162420406,0.5289992419269178,0.5241656820971673,0.5099567767893904,0.5254021183508137,True,True,False
407,4,turn 4,3,0.5958203926861213,1,0.5265071971167234,0.5291307330410037,0.5235537194229357,0.5037031594439999,0.5247332773872385,True,True,False
408,2,turn 2,1,0.5536525903192294,0,0.5140944628198516,0.44643101251385653,0.5103968262916027,0.5096370919671118,0.5122073914024963,True,False,True
408,3,turn 3,2,0.44643101251385653,1,0.5146067655203532,0.38945447693579716,0.5108928969559599,0.5099992606595668,0.512711410031713,True,True,False
408,4,turn 4,3,0.5012238025163775,0,0.4783780366991117,0.4214952361633781,0.4762656078100981,0.4590411534929939,0.4773665934364498,True,True,False
408,5,turn 5,4,0.5230116713496439,1,0.5136645961050191,0.4364500097482123,0.5115016910833643,0.5015787186644225,0.5129540498764003,True,True,False
409,2,turn 2,1,0.5006596552017244,1,0.36173890483215687,0.3641220899556262,0.3599665190709739,0.34864212975317,0.3524289876112212,True,False,True
409,3,turn 3,2,0.7118340964975192,1,0.7672226569061988,0.5887536403451763,0.7492154143743295,0.575120269196033,0.6763381485167843,True,True,False
409,4,turn 4,3,0.4176733607270311,0,0.31602041505716594,0.3495843276718651,0.3160450538822453,0.3505565891871589,0.34862703155473534,True,True,False
409,5,turn 5,4,0.3495843276718651,1,0.3162289158978238,0.3494673807730828,0.3162128244269902,0.4230654001191374,0.4240481032716927,True,True,False
409,6,turn 6,5,0.4150316224261544,0,0.4969773813386598,0.41285074261865506,0.49711899694345335,0.4973767511551108,0.49735869367630753,True,True,False
409,7,turn 7,6,0.6192530695993831,1,0.7687686629722136,0.619057582069238,0.7687235613326024,0.5548988929780009,0.5628489552915383,True,True,False
409,8,turn 8,7,0.001766599314453176,0,0.24668238890377595,0.5817037030469938,0.2524274156630089,0.24670325951650485,0.24668994677336542,True,True,False
411,1,turn 1,1,0.4835349681568623,1,0.44214825243859673,0.41639478118942574,0.44163730440023613,0.4080823069874376,0.44202074249394036,True,False,True
411,2,turn 2,2,0.5565074572822762,1,0.5149442781560583,0.4916079435612167,0.5123117124684133,0.5098147136987641,0.5118236847023261,True,True,False
411,3,turn 3,3,0.6093675968203747,0,0.5772446514764276,0.4688013881281604,0.5743153816913991,0.5406824835101747,0.5708185654671403,True,True,False
411,4,turn 4,4,0.6011093524756507,0,0.5099999946475422,0.5701469539594153,0.5099999942384074,0.5099999413202007,0.5099999945207279,True,True,False
411,5,turn 5,5,0.5230116713496439,1,0.5136645961050191,0.4364500097482123,0.5115016910833643,0.5015787186644225,0.5129540498764003,True,True,False
412,2,turn 2,1,0.5842225355216766,1,0.5643750182158742,0.4846523861490204,0.5598519308566408,0.5336307146229238,0.5628791699135508,True,False,True
412,3,turn 3,2,0.5803152201995405,1,0.5403854121477317,0.47161506388587665,0.5364789569873334,0.5136484737985314,0.5376862300808994,True,True,False
412,4,turn 4,3,0.6599065236422226,1,0.5409250886841068,0.5352101416719194,0.5370022301981338,0.5140144630846804,0.5382147002617796,True,True,False
412,5,turn 5,4,0.4835349681568623,1,0.44214825243859673,0.41639478118942574,0.44163730440023613,0.4080823069874376,0.44202074249394036,True,True,False
413,1,turn 1,1,0.47651049835422593,1,0.4320305559525084,0.41098676685158464,0.431403463212533,0.3888432096015796,0.4315001256202657,True,False,True
413,2,turn 2,2,0.5496857156226325,0,0.5099716920521047,0.5007625056431053,0.5099704572773545,0.5098565482943018,0.509970435853895,True,True,False
413,3,turn 3,3,0.500415997239469,0,0.5099908376643483,0.4379913563792661,0.5099901146046948,0.5098617108714059,0.5099900444963502,True,True,False
413,4,turn 4,4,0.4376049190322948,1,0.5099969913768756,0.3736824256938289,0.5099966438857548,0.5098625579046441,0.5099965861712485,True,True,False
413,5,turn 5,5,0.5218994850846539,0,0.5099999990375743,0.46478441103008356,0.5099999988899434,0.5099998653878886,0.5099999988563155,True,True,False
413,6,turn 6,6,0.4638059323900176,1,0.5099999996763057,0.3998174303977101,0.5099999996139527,0.5099998605772407,0.5099999995963316,True,True,False
414,2,turn 2,1,0.5046939271437125,0,0.4347865973958007,0.4131377018317409,0.4472620338754645,0.4414268847636823,0.4613066089265378,True,False,True
414,3,turn 3,2,0.4131377018317409,0,0.47794574080199276,0.35112522505866367,0.486673667780466,0.44298311950141755,0.4928652098595078,True,True,False
414,4,turn 4,3,0.6067650022833699,1,0.5870788819145942,0.498507724611144,0.581927387664864,0.55761863317206,0.5857677237964978,True,True,False
414,5,turn 5,4,0.555948906984129,1,0.519909023093862,0.4799512720210528,0.5146447516531784,0.5097158731178565,0.5136680996566799,True,True,False
414,7,turn 7,5,0.701449707406334,1,0.5876653039337562,0.5368743762078598,0.582496367820192,0.5581053098773066,0.5863497063975648,True,True,False
414,10,turn 10,6,0.35112522505866367,1,0.49653781143850184,0.3166005826933769,0.5022301031289931,0.44404156564023833,0.503674626589971,True,True,False
414,11,turn 11,7,0.5182794828379558,0,0.5897337805191744,0.4941651392215974,0.5188746267378015,0.5098927459662916,0.5113528189138976,True,True,False
414,12,turn 12,8,0.4888717428400148,0,0.5896983142797813,0.4762880797633199,0.5188784998132572,0.5098656234253277,0.511354701667742,True,True,False
415,2,turn 2,1,0.47651049835422593,0,0.4320305559525084,0.41098676685158464,0.431403463212533,0.3888432096015796,0.4315001256202657,True,False,True
415,3,turn 3,2,0.41098676685158464,0,0.48871882025472546,0.34981067973921937,0.4878509439427612,0.4215250335878685,0.4878523748529894,True,True,False
415,4,turn 4,3,0.34981067973921937,1,0.5034527563434408,0.303714692374341,0.5029687572935357,0.4403154882871466,0.5029342672818959,True,True,False
418,2,turn 2,1,0.39036999278281426,0,0.3413087727341019,0.3755483819086662,0.34106135900535933,0.34955385384563964,0.3411969107107796,True,False,True
418,3,turn 3,2,0.41148183733247695,0,0.433058820102042,0.38596325407155874,0.43132616114289657,0.40534821582534253,0.4291722013421506,True,True,False
418,4,turn 4,3,0.38596325407155874,0,0.46983528687402076,0.3653139013781871,0.46791714328847156,0.43111583684774596,0.4652963261109063,True,True,False
418,5,turn 5,4,0.37413163828230156,0,0.4546798049003742,0.360478580432461,0.45201815084642794,0.3911910479553885,0.4488949411108526,True,True,False
418,6,turn 6,5,0.360478580432461,0,0.47674910330822695,0.34843432847393074,0.4742701251643734,0.40628628889345797,0.47125359230525343,True,True,False
418,7,turn 7,6,0.34843432847393074,0,0.48846465707720654,0.33859714040394684,0.4863034393223506,0.4166870826979961,0.48352959770317033,True,True,False
418,8,turn 8,7,0.33859714040394684,0,0.4953267283735677,0.3310629157971865,0.4934778265250387,0.42426769400249853,0.4909679245630681,True,True,False
418,9,turn 9,8,0.3310629157971865,0,0.4996121037052836,0.32557385615871676,0.4980366576457799,0.4300129974810308,0.49577830606677764,True,True,False
420,2,turn 2,1,0.5944287690786515,1,0.5148041174598109,0.37196621104650934,0.5124567915145644,0.4138381878490434,0.5197692721208124,True,False,True
420,3,turn 3,2,0.4556681158587537,0,0.3964829421378675,0.3673519180231705,0.3942753031160306,0.3810158007573181,0.39361478558353147,True,True,False
420,4,turn 4,3,0.3673519180231705,0,0.45408504097361657,0.3188894488979606,0.4499803062629008,0.39574347456805453,0.44641202968666555,True,True,False
420,5,turn 5,4,0.4939613877721485,1,0.4552899446717576,0.44421400761718116,0.45343616167293477,0.4363559318338403,0.45330184476165,True,True,False
421,2,turn 2,1,0.5740789527723201,1,0.5239767368888265,0.45960951355355,0.520404330389453,0.4846599111556122,0.5316081700861437,True,False,True
421,3,turn 3,2,0.1496699952426226,1,0.31338911602097386,0.4476825234296037,0.31522378866549944,0.3131785627318109,0.313230076588136,True,True,False
421,4,turn 4,3,0.5163637498735145,1,0.4995541566713986,0.44268295094010524,0.49841630731127484,0.4987639640461511,0.498376106628325,True,True,False
421,5,turn 5,4,0.6955393389395226,1,0.6289647258638074,0.5364330237667202,0.6234343002920943,0.5446277023079167,0.5932015058046785,True,True,False
422,2,turn 2,1,0.5115693094354095,0,0.46800366114313585,0.4260048825138001,0.4657832241582162,0.43962060209141673,0.46659345007454367,True,False,True
422,3,turn 3,2,0.4260048825138001,0,0.49912498522317733,0.36624950787881333,0.49672314768864734,0.4512937453522694,0.4974109279754745,True,True,False
422,4,turn 4,3,0.36624950787881333,0,0.5078893628105706,0.3304756112400008,0.5057037546889213,0.45904708185489823,0.5064717230763591,True,True,False
422,5,turn 5,4,0.3304756112400008,0,0.5107731482923,0.31028500563418226,0.5087486097254819,0.4646176424377889,0.5095832735772672,True,True,False
422,6,turn 6,5,0.31028500563418226,0,0.511766903405485,0.2993570084370501,0.5098313418867957,0.46880377231758685,0.5107045726113522,True,True,False
422,7,turn 7,6,0.2993570084370501,1,0.5121147604350854,0.2936259139258086,0.5102228252401175,0.47205678138892915,0.5111156142498439,True,True,False
423,2,turn 2,1,0.5185937792380458,0,0.47812135762922414,0.43141289685164114,0.47601706534591937,0.4588596994772747,0.47711406694821834,True,False,True
423,3,turn 3,2,0.5267044312968541,1,0.5406415634979825,0.44312679609684696,0.536726992319512,0.513829558144759,0.5379382393955079,True,True,False
423,4,turn 4,3,0.46765370903265924,1,0.5042011282715381,0.3915862558969698,0.5020212003420738,0.4802309185646577,0.5031533740828511,True,True,False
425,1,turn 1,1,0.4948490674504046,0,0.4746352098529024,0.4338282169286991,0.4743748670185114,0.45741884957528944,0.4745672715235497,True,False,True
425,2,turn 2,2,0.5217720046586137,1,0.5364713933959263,0.4159010235516036,0.5348454630983699,0.507147956176824,0.5332121507764955,True,True,False
426,2,turn 2,1,0.4653268022606338,0,0.4218946729322425,0.4051687815488356,0.4206266272080954,0.4045651615219425,0.42119240725778884,True,False,True
426,3,turn 3,2,0.4051687815488356,1,0.4719121169981194,0.35992008267788644,0.4697957312519784,0.426312203508641,0.4692112832376456,True,True,False
426,4,turn 4,3,0.5068125493873678,1,0.511531336084377,0.4347119346865336,0.5102930069107577,0.5099321416400118,0.5108991532360432,True,True,False
427,2,turn 2,1,0.49519726301855826,1,0.46845262504987245,0.41803876916308136,0.46819319638061885,0.45083741981658654,0.4683933626575425,True,False,True
427,3,turn 3,2,0.5858168094968869,1,0.509989305063663,0.5096609990099064,0.5099888629149784,0.509956063600169,0.509989169468161,True,True,False
427,4,turn 4,3,0.6011093524756507,0,0.5099999946475422,0.5701469539594153,0.5099999942384074,0.5099999413202007,0.5099999945207279,True,True,False
427,5,turn 5,4,0.6336684492369878,1,0.5099999992451905,0.5720911855749478,0.5099999991622564,0.5099999792352005,0.5099999992195199,True,True,False
427,6,turn 6,5,0.6758937245140405,1,0.5099999999998082,0.64207284829393,0.5099999999997797,0.5099999999859428,0.5099999999997993,True,True,False
428,2,turn 2,1,0.5098527702853833,0,0.4898258148828784,0.42976493356195017,0.48821356218898826,0.4704132481054275,0.489309614082247,True,False,True
428,3,turn 3,2,0.42976493356195017,1,0.5135395187654385,0.39174538038376316,0.5109082114385748,0.4896904585196422,0.5125658579917821,True,True,False
429,1,turn 1,1,0.5190471158649489,0,0.49541115060235863,0.44413900875749995,0.4943855431750501,0.4776925998962375,0.49534334764651683,True,False,True
429,2,turn 2,2,0.4605511979486163,1,0.5443161865699346,0.43444208709722415,0.5401056195512807,0.5216782556047471,0.5428184281830295,True,True,False
429,3,turn 3,3,0.537254393198223,1,0.5445711320131478,0.4985402644298339,0.5403432739265884,0.5220262983629957,0.5430627024982135,True,True,False
430,2,turn 2,1,0.5098527702853833,0,0.4898258148828784,0.42976493356195017,0.48821356218898826,0.4704132481054275,0.489309614082247,True,False,True
430,3,turn 3,2,0.42976493356195017,1,0.5135395187654385,0.39174538038376316,0.5109082114385748,0.4896904585196422,0.5125658579917821,True,True,False
430,4,turn 4,3,0.5202246476446524,0,0.5192777142307988,0.47022039258305476,0.5168397756258444,0.5099847113229078,0.5183572176887067,True,True,False
430,5,turn 5,4,0.43858725179755814,0,0.5192787938023083,0.4050516197116878,0.5168409216790484,0.5099892361784925,0.5183583178764221,True,True,False
430,6,turn 6,5,0.39816374932434156,0,0.5192790836742723,0.3773923816862494,0.5168412397615704,0.5099924067447438,0.518358616541716,True,True,False
430,7,turn 7,6,0.3754603046733454,1,0.5192791622755342,0.3636226348344527,0.5168413288689805,0.5099946419854241,0.5183586983957121,True,True,False
430,8,turn 8,7,0.44534014663165183,0,0.5192791916028122,0.42506502988580763,0.5168413636437824,0.5099999963634696,0.5183587293865809,True,True,False
430,9,turn 9,8,0.3891282474898574,0,0.5192791916083971,0.3762795279470132,0.5168413636505391,0.5099999974337553,0.5183587293925217,True,True,False
430,10,turn 10,9,0.36826929078550075,1,0.5192791916099156,0.3610452832411175,0.5168413636524369,0.509999998189039,0.5183587293941544,True,True,False
431,2,turn 2,1,0.5536525903192294,0,0.5140944628198516,0.44643101251385653,0.5103968262916027,0.5096370919671118,0.5122073914024963,True,False,True
431,3,turn 3,2,0.44643101251385653,0,0.5146067655203532,0.38945447693579716,0.5108928969559599,0.5099992606595668,0.512711410031713,True,True,False
431,4,turn 4,3,0.38945447693579716,1,0.5146078187894473,0.3673202248715616,0.5108939091503096,0.5099999984926531,0.5127124422604369,True,True,False
431,5,turn 5,4,0.4265956911373304,0,0.5146078209616733,0.38300841246083583,0.5108939112219412,0.509999999999997,0.5127124443809726,True,True,False
431,6,turn 6,5,0.3812497307065112,1,0.5146078209616776,0.3650734685781871,0.5108939112219453,0.51,0.5127124443809767,True,True,False
431,7,turn 7,6,0.41102903426120074,1,0.5146078209616776,0.3782885722149633,0.5108939112219453,0.51,0.5127124443809767,True,True,False
431,8,turn 8,7,0.46456294080284616,0,0.5146078209616776,0.40524507358711537,0.5108939112219453,0.51,0.5127124443809767,True,True,False
431,9,turn 9,8,0.3974864534475396,0,0.5146078209616776,0.37302976403932475,0.5108939112219453,0.51,0.5127124443809767,True,True,False
435,2,turn 2,1,0.49519726301855826,0,0.46845262504987245,0.41803876916308136,0.46819319638061885,0.45083741981658654,0.4683933626575425,True,False,True
435,3,turn 3,2,0.41803876916308136,0,0.5014457033833223,0.36645589985981597,0.5011108283506354,0.4795361309168179,0.5013418446580261,True,True,False
435,4,turn 4,3,0.36645589985981597,1,0.5078397728584296,0.33654506645266485,0.5076829725811937,0.49120776461808346,0.5077907552254273,True,True,False
436,1,turn 1,1,0.5086269368645162,0,0.4694143028158273,0.44420558803200594,0.46900342957161184,0.4690024636334211,0.468082798288145,True,False,True
436,2,turn 2,2,0.4430928757910807,0,0.49017648526840363,0.4082637397034179,0.48790531214237837,0.481878620927532,0.4873497877815881,True,True,False
436,3,turn 3,3,0.4082637397034179,1,0.5083873690092462,0.38569525654144043,0.5036517225769506,0.49550836491314176,0.5043208490860928,True,True,False
438,2,turn 2,1,0.5480551361853144,1,0.5076396922446867,0.45320830298705966,0.5048650727916343,0.47845975152816683,0.5057977342185798,True,False,True
438,3,turn 3,2,0.6256263516216228,1,0.5306099035288228,0.5245616328150731,0.5279943778933053,0.5126474934830109,0.5288028900905105,True,True,False
439,4,turn 4,1,0.4795227329003926,0,0.41372190537687037,0.3497085356735773,0.41067944592045863,0.4020437518458081,0.4101623465028302,True,False,True
439,5,turn 5,2,0.469434177561615,0,0.5082770814853365,0.42270608512264496,0.5064350943286668,0.5054443836833062,0.5073955949949743,True,True,False
439,6,turn 6,3,0.38945447693579716,0,0.5146078187894473,0.3673202248715616,0.5108939091503096,0.5099999984926531,0.5127124422604369,True,True,False
439,7,turn 7,4,0.3101531418524298,0,0.45700891419064116,0.26120032241805524,0.45256869677538014,0.4135013871558706,0.4499019321168347,True,True,False
440,2,turn 2,1,0.4835349681568623,1,0.44214825243859673,0.41639478118942574,0.44163730440023613,0.4080823069874376,0.44202074249394036,True,False,True
440,3,turn 3,2,0.6160795339265541,0,0.5817146471742176,0.4816353574439775,0.5782293230234723,0.5303918132630977,0.5664151561148607,True,True,False
440,4,turn 4,3,0.504163830124198,0,0.5099732689358576,0.45213400396305015,0.5099723070529637,0.5099207171766296,0.5099721279324728,True,True,False
440,5,turn 5,4,0.4518579426589449,0,0.5099970273010432,0.40005979565662153,0.5099968028388608,0.5099686969259529,0.5099969380088685,True,True,False
440,6,turn 6,5,0.39975968457470934,0,0.5099992412375545,0.35593341322143524,0.5099991563051749,0.509978463796066,0.5099992146278167,True,True,False
440,7,turn 7,6,0.3556793839350607,1,0.5099997942565158,0.32446675578323664,0.5099997636582341,0.5099848158842706,0.5099997848533124,True,True,False
440,8,turn 8,7,0.41290967365590137,1,0.5099999999462026,0.36802462710988754,0.5099999999361602,0.509999989694343,0.5099999999431442,True,True,False
440,9,turn 9,8,0.4762311116611238,1,0.5099999999999859,0.42743553884268776,0.5099999999999828,0.5099999999930057,0.509999999999985,True,True,False
440,10,turn 10,9,0.5925949382104475,1,0.6070913199492369,0.4250351343325241,0.6033751596436098,0.5471274470748212,0.6102639494276673,True,True,False
441,1,turn 1,1,0.46360153049640185,0,0.44668653907196765,0.4062495920382329,0.44785887948208547,0.44938243411989093,0.4425401377360285,True,False,True
441,2,turn 2,2,0.4062495920382329,1,0.4895803852067478,0.36613356914938383,0.48824647823794304,0.4506714462192413,0.4784800011523376,True,True,False
442,1,turn 1,1,0.4435941251565008,1,0.42557785673621595,0.4141719994675952,0.4254914527249383,0.42528907458159043,0.42559143501574936,True,False,True
442,2,turn 2,2,0.5194999606517273,1,0.5099212965421214,0.4915330047190945,0.5099191073423621,0.5099184463965336,0.509920971422904,True,True,False
442,3,turn 3,3,0.5794846115769636,0,0.5258355772583991,0.5179067886816233,0.5238882370240197,0.5098213980361378,0.524995308015102,True,True,False
442,4,turn 4,4,0.7125720268968025,1,0.647367135685647,0.48634112358834836,0.6415183337460115,0.5746095748572079,0.6345233303811214,True,True,False
442,5,turn 5,5,0.8042280497255184,1,0.6480139204924339,0.4882278135518459,0.6421476163794532,0.5750386260920134,0.6351316769932541,True,True,False
442,6,turn 6,6,0.5604391673478055,0,0.514954511546929,0.4995890911056049,0.5123223758265869,0.5098579365589113,0.5118340498283376,True,True,False
442,7,turn 7,7,0.49953200408083337,1,0.5152135607387699,0.43909467597330154,0.5125725297673853,0.509999710532383,0.5120825530773215,True,True,False
442,8,turn 8,8,0.5611641241778549,0,0.5152141009057063,0.5011980934418685,0.5125730457167564,0.5099999999994325,0.5120830645906823,True,True,False
442,9,turn 9,9,0.5009951299685119,1,0.515214100906742,0.4413812584773682,0.512573045717756,0.5099999999999989,0.5120830645916751,True,True,False
442,10,turn 10,10,0.5905885576604962,1,0.5383381807378059,0.514276646673455,0.5362805438415321,0.5138299278149756,0.5365825343796513,True,True,False
443,2,turn 2,1,0.5337213146336581,0,0.5012428100165377,0.45571436696579176,0.49801951003394396,0.4758136587263606,0.49855981939374133,True,False,True
443,3,turn 3,2,0.4685006646944074,1,0.5129388235294741,0.40260363916366226,0.5103484903792759,0.49101326577828885,0.5108368828697958,True,True,False
443,4,turn 4,3,0.5563051755695687,0,0.520801151298414,0.4791356722868637,0.518373282029063,0.5099882060453834,0.5187464218875621,True,True,False
443,5,turn 5,4,0.47005496327162793,1,0.5208021646903369,0.40957861350373215,0.5183743504345084,0.5099918984733756,0.518747452493317,True,True,False
444,2,turn 2,1,0.41714436008408856,1,0.3843770412365381,0.39080625922104667,0.3840623000433602,0.38586821771423474,0.38410308363099,True,False,True
444,3,turn 3,2,0.4849659518047098,1,0.4441669426768099,0.42633274603748256,0.44618276853082856,0.44864575889120334,0.44529014760387753,True,True,False
444,4,turn 4,3,0.5391526228418847,1,0.5114488533561082,0.46820429556647486,0.508421665724072,0.48351333960050935,0.509021438427374,True,True,False
445,2,turn 2,1,0.4835349681568623,0,0.44214825243859673,0.41639478118942574,0.44163730440023613,0.4080823069874376,0.44202074249394036,True,False,True
445,3,turn 3,2,0.5842225355216766,1,0.5643750182158742,0.4846523861490204,0.5598519308566408,0.5336307146229238,0.5628791699135508,True,True,False
445,4,turn 4,3,0.5068595578802542,0,0.49475699766114817,0.41968275713673703,0.4947490883610015,0.4935925326457355,0.49476598282114465,True,True,False
445,5,turn 5,4,0.41639478118942574,0,0.4937944355834495,0.35657682065660923,0.49314848946418754,0.45046183713076515,0.49359430378674296,True,True,False
445,6,turn 6,5,0.6753840632285291,1,0.5652235015997915,0.5458041224801575,0.5604245293654391,0.5340526545882078,0.5635873366756099,True,True,False
446,1,turn 1,1,0.49557246622074747,0,0.4540872899890555,0.41821079306137127,0.45269688200759417,0.41057435983169244,0.45700018096120687,True,False,True
446,2,turn 2,2,0.41821079306137127,1,0.5086037813659757,0.35952621655141104,0.5056987065160773,0.4439181001411018,0.5028168703968927,True,True,False
447,2,turn 2,1,0.5536171034356602,1,0.5390198071604467,0.4605511979486163,0.5356768109700025,0.5176047166436731,0.5379166098949756,True,False,True
447,3,turn 3,2,0.5163775668325923,0,0.4530564580793972,0.45912104316766317,0.4539862353603256,0.43524557736728053,0.45373953775095144,True,True,False
447,4,turn 4,3,0.6310139839792894,0,0.5445708905276754,0.5151365241667916,0.5403430461342934,0.5220259704856718,0.5430624695192282,True,True,False
447,5,turn 5,4,0.4843875247948832,1,0.5445711311967837,0.4489653407926485,0.5403432730738549,0.522026296459509,0.5430627016730425,True,True,False
447,6,turn 6,5,0.45419331792630596,1,0.498833996037681,0.41401068383696743,0.4973889154339283,0.4714065526403541,0.4983179141875771,True,True,False
448,1,turn 1,1,0.5185937792380458,0,0.47812135762922414,0.43141289685164114,0.47601706534591937,0.4588596994772747,0.47711406694821834,True,False,True
448,2,turn 2,2,0.43141289685164114,0,0.5042006005519013,0.3730156487962032,0.5020206932100737,0.480230548895166,0.5031528569092281,True,True,False
448,3,turn 3,3,0.3730156487962032,0,0.5101712123223174,0.34055930600590184,0.5081589117549241,0.4912684049249014,0.5091749864659738,True,True,False
448,4,turn 4,4,0.34055930600590184,0,0.5117290123565161,0.32378819293305655,0.5098102083450466,0.49772024351340827,0.5107620761559413,True,True,False
448,5,turn 5,5,0.32378819293305655,0,0.5121479556458296,0.3154205551499736,0.5102685617904913,0.5017479602779472,0.5111933370382227,True,True,False
448,6,turn 6,6,0.3154205551499736,0,0.5122615317132472,0.3113216258782028,0.5103968826045433,0.5043664062075073,0.5113114886695839,True,True,False
448,7,turn 7,7,0.3113216258782028,0,0.5122923892454626,0.3093297284794131,0.5104328933585894,0.5061138154662939,0.5113439309980973,True,True,False
448,8,turn 8,8,0.3093297284794131,0,0.5123007778842652,0.3083638514932866,0.510443005858004,0.5073003976324455,0.5113528445575384,True,True,False
448,9,turn 9,9,0.3083638514932866,0,0.5123030587060973,0.3078952629750754,0.5104458461733095,0.5081156929968946,0.5113552939795357,True,True,False
449,2,turn 2,1,0.4499071407235263,0,0.4081938374861825,0.41131463037526717,0.4118030075851453,0.39786836640136625,0.4101968231495996,True,False,True
449,3,turn 3,2,0.44316293954359615,1,0.48282576076795497,0.39316961077628454,0.4828543808583918,0.46593739685559926,0.48296491867214025,True,True,False
449,4,turn 4,3,0.5713503865623845,1,0.5228396404383981,0.5157248398433519,0.5155204724022182,0.5099726328851654,0.5188743503220032,True,True,False
450,2,turn 2,1,0.5506600130667384,0,0.5236327629567817,0.46189985116248883,0.5204470553711725,0.4917812454110951,0.5225930274403473,True,False,True
450,3,turn 3,2,0.4850236857543276,1,0.5039444492016505,0.4015039165852329,0.5017726578778952,0.4800494645489385,0.5029008475946196,True,True,False
450,4,turn 4,3,0.5721908406261607,0,0.5123017214923553,0.4785883271407746,0.5104446011498186,0.5099771252756693,0.5113539816081001,True,True,False
450,5,turn 5,4,0.5625499188821799,1,0.5406420912176171,0.4609941745483349,0.5367274994515101,0.5138299278142497,0.5379387565691289,True,True,False
450,6,turn 6,5,0.6424603711275476,1,0.5409250891833908,0.5194478008418997,0.537002230685093,0.514014463440726,0.5382147007547958,True,True,False
450,7,turn 7,6,0.5611442601495193,0,0.5123033154131491,0.47321506746280556,0.5104462944038894,0.5099838594009198,0.5113556065862546,True,True,False
450,8,turn 8,7,0.47143321303427543,0,0.5123037486761297,0.3923744000330122,0.5104467698834364,0.50998861056641,0.511356053013718,True,True,False
450,9,turn 9,8,0.5982464515044894,0,0.5409250896827904,0.507989051827402,0.537002231173451,0.5140144637972064,0.538214701244784,True,True,False
450,10,turn 10,9,0.5073001140887271,1,0.5409250896827913,0.43754998550976953,0.5370022311734519,0.514014463797207,0.5382147012447849,True,True,False
450,11,turn 11,10,0.5631844744840612,0,0.5409250896827913,0.4755405659809486,0.5370022311734519,0.514014463797207,0.5382147012447849,True,True,False
451,2,turn 2,1,0.5351683228294181,0,0.5057246205148447,0.46387263097005055,0.5040793310341285,0.4911579320447498,0.5044498358222601,True,False,True
451,3,turn 3,2,0.46387263097005055,1,0.52769839902592,0.43390912682526306,0.5241642394095857,0.5079651814614727,0.5254675045266727,True,True,False
452,2,turn 2,1,0.465493867914808,0,0.43481762894164616,0.4195957005481968,0.4344785287004603,0.4356745226342536,0.42337089337065087,True,False,True
452,3,turn 3,2,0.4195957005481968,0,0.4902269299196786,0.37516990349244056,0.487237070938003,0.42145177806872397,0.47068145797492017,True,True,False
452,4,turn 4,3,0.37516990349244056,0,0.5056907620789416,0.33100062643324213,0.5024803894520707,0.40027666895778324,0.48826648252140603,True,True,False
452,5,turn 5,4,0.33100062643324213,0,0.5110969711646277,0.29136379068131685,0.5080771643117618,0.37981507066337034,0.4968834040351513,True,True,False
452,6,turn 6,5,0.29136379068131685,1,0.5131947126526861,0.2607338579840193,0.510354720364924,0.3625696375405842,0.501709159715705,True,True,False
453,2,turn 2,1,0.4664829607155144,0,0.43397571306262517,0.40925447048787633,0.4337845251280036,0.4308815527097579,0.4337989089272882,True,False,True
453,3,turn 3,2,0.40925447048787633,1,0.4802324250517675,0.37433473276735163,0.4793317471356179,0.4573218626538822,0.47884584669434066,True,True,False
453,4,turn 4,3,0.47763239911139094,0,0.5099825082039937,0.43132357657008646,0.5099813981748496,0.5099405853193312,0.5099807430295156,True,True,False
453,5,turn 5,4,0.418815878251369,1,0.509990423972305,0.3876286002690934,0.5099895298391095,0.5099439041035849,0.5099889821709429,True,True,False
454,2,turn 2,1,0.11657744506695936,0,0.1870407744339853,0.24064473167113637,0.18870125611355926,0.1870501739435217,0.18704473023909274,True,False,True
454,3,turn 3,2,0.5436063420634138,1,0.5234922501810122,0.5217558395565756,0.5259352269389593,0.49495484227875874,0.5391148677832801,True,True,False
454,4,turn 4,3,0.6534773762726733,0,0.6229606453512588,0.6702351961416786,0.608384603957776,0.552050556778317,0.57568509854015,True,True,False
454,6,turn 6,4,0.24064473167113637,0,0.22798580786734307,0.2509685424489178,0.2275178777922795,0.22799552684521057,0.22799068641161901,True,True,False
454,7,turn 7,5,0.6291785319798343,0,0.6229595460907316,0.6213052161854122,0.6083915601285721,0.5520177474162286,0.575690173310931,True,True,False
454,8,turn 8,6,0.38460504787845795,0,0.33787299677495364,0.3696688592367112,0.33701664045306895,0.32921368733130785,0.33346963128214435,True,True,False
454,9,turn 9,7,0.3696688592367112,0,0.39504512915351353,0.37174219067434,0.393980543060315,0.3850306392665896,0.38926635431346746,True,True,False
455,2,turn 2,1,0.5068595578802542,0,0.49475699766114817,0.41968275713673703,0.4947490883610015,0.4935925326457355,0.49476598282114465,True,False,True
455,3,turn 3,2,0.4835349681568623,0,0.44214825243859673,0.41639478118942574,0.44163730440023613,0.4080823069874376,0.44202074249394036,True,True,False
455,4,turn 4,3,0.41639478118942574,1,0.4937944355834495,0.35657682065660923,0.49314848946418754,0.45046183713076515,0.49359430378674296,True,True,False
455,5,turn 5,4,0.41968275713673703,1,0.5090969711831951,0.37633497906302266,0.5090731672370833,0.5086104247028707,0.5090893855293093,True,True,False
455,6,turn 6,5,0.5032646151013805,0,0.509995623021601,0.43826401740565646,0.5099952920516104,0.5099542512634295,0.5099955198212556,True,True,False
455,7,turn 7,6,0.5160573829184321,0,0.5099999468544375,0.4500852850341702,0.5099999440412041,0.5099998827070318,0.5099999459260983,True,True,False
455,8,turn 8,7,0.42516707558782024,0,0.5099999967535981,0.38989158240738137,0.5099999964934107,0.5099999897336414,0.5099999966672383,True,True,False
456,2,turn 2,1,0.558814487872056,0,0.5307900888055082,0.4753741598539748,0.526210612850798,0.5096793345958222,0.5268293578436418,True,False,True
456,3,turn 3,2,0.4753741598539748,1,0.5316019304366493,0.41707748943065137,0.5267481918459572,0.5099993466683274,0.5274936224356479,True,True,False
456,4,turn 4,3,0.553694237881772,1,0.5316049526314917,0.4811106444116832,0.5267493917591666,0.5099999999987189,0.5274955492703216,True,True,False
456,5,turn 5,4,0.6288374813591975,1,0.5316049526419072,0.5609444124606457,0.5267493917615635,0.51,0.5274955492754048,True,True,False
457,2,turn 2,1,0.5803152201995405,0,0.5403854121477317,0.47161506388587665,0.5364789569873334,0.5136484737985314,0.5376862300808994,True,False,True
457,3,turn 3,2,0.47161506388587665,1,0.540923909527227,0.4164571913547359,0.5370010966225924,0.5140137119248279,0.5382135530108896,True,True,False
457,4,turn 4,3,0.5352101416719194,0,0.5409250896806157,0.44691263614147564,0.537002231171345,0.5140144637957444,0.5382147012426567,True,True,False
457,5,turn 5,4,0.4459293210998734,1,0.5409250896827865,0.40707474187435344,0.5370022311734473,0.5140144637972041,0.5382147012447802,True,True,False
458,2,turn 2,1,0.43889568120361916,0,0.39326799330914186,0.39995069930870014,0.3990813127428458,0.38990728093137167,0.40293596778882673,True,False,True
458,3,turn 3,2,0.39995069930870014,1,0.4630225030406317,0.36719900632030195,0.4658519591412276,0.43445607825946314,0.46779657461032614,True,True,False
460,3,turn 3,1,0.4948490674504046,0,0.4746352098529024,0.4338282169286991,0.4743748670185114,0.45741884957528944,0.4745672715235497,True,False,True
460,4,turn 4,2,0.4338282169286991,0,0.5018807201184551,0.3787901067406645,0.5015572151432333,0.4801948586021762,0.5017796449518581,True,True,False
460,5,turn 5,3,0.3787901067406645,0,0.5078671126779697,0.3384355909810998,0.5077117551444277,0.4912675989625366,0.5078185517148436,True,True,False
460,6,turn 6,4,0.3384355909810998,1,0.5094250996838259,0.313094697490299,0.5093632503391217,0.49772022546488737,0.5094058513608254,True,True,False
461,2,turn 2,1,0.4915799525260036,0,0.3638455836949595,0.20969414352914903,0.36359010778856893,0.3036604392286025,0.32273664583388595,True,False,True
461,3,turn 3,2,0.569202951954129,1,0.5537740769935463,0.4741740115525761,0.5493193851730028,0.525608777976319,0.5523001522529192,True,True,False
462,2,turn 2,1,0.4866268515295687,1,0.4529393698553883,0.41388543027996877,0.4525186715953558,0.4237596506162982,0.4525887446872254,True,False,True
462,3,turn 3,2,0.5496857156226325,0,0.5099716920521047,0.5007625056431053,0.5099704572773545,0.5098565482943018,0.509970435853895,True,True,False
462,4,turn 4,3,0.500415997239469,1,0.5099908376643483,0.4379913563792661,0.5099901146046948,0.5098617108714059,0.5099900444963502,True,True,False
463,2,turn 2,1,0.5606119108635098,0,0.5234138859872666,0.4787480624860997,0.5228786829316006,0.4748153725618101,0.4973586465652325,True,False,True
463,3,turn 3,2,0.4787480624860997,1,0.5465179222575729,0.40462227507326487,0.5440775559425409,0.4874183308227579,0.5159646375199678,True,True,False
463,4,turn 4,3,0.45038373491244954,0,0.4162303415787229,0.40992668343954836,0.4152307017417421,0.4017229596459256,0.41560728063211966,True,True,False
464,2,turn 2,1,0.46948602855158955,1,0.4219128594664201,0.4055787525137436,0.42116962202482977,0.36960411221572165,0.420979508746591,True,False,True
464,3,turn 3,2,0.5423054236648415,1,0.5099638508859548,0.49826039618483,0.5099622412710606,0.5097995423089319,0.5099616019598178,True,True,False
464,4,turn 4,3,0.5798394273943512,1,0.5099999877265636,0.5584479384427108,0.5099999867446182,0.5099997924950729,0.5099999863273842,True,True,False
464,5,turn 5,4,0.5955039674786063,0,0.5099999999958332,0.5868344480131078,0.509999999995347,0.5099999997852844,0.5099999999951319,True,True,False
464,7,turn 7,5,0.5867877749663253,1,0.5099999999985291,0.5707805815558471,0.5099999999983017,0.5099999997689861,0.5099999999981978,True,True,False
464,8,turn 8,6,0.5981839822079575,0,0.5099999999999995,0.5919119339413919,0.5099999999999993,0.509999999999761,0.5099999999999993,True,True,False
464,10,turn 10,7,0.591875858195532,0,0.5099999999999998,0.5800730108752277,0.5099999999999998,0.5099999999997429,0.5099999999999998,True,True,False
465,1,turn 1,1,0.48897969102508665,0,0.4579552885254613,0.4385157636240027,0.45987259240923595,0.4486486109445413,0.4591817599179313,True,False,True
465,2,turn 2,2,0.4385157636240027,1,0.5013512942275129,0.4120630042627408,0.49950844445356496,0.4818785465310924,0.5006783040625928,True,True,False
465,3,turn 3,3,0.5448292566939134,1,0.5111513924248964,0.4982157954520196,0.5021856896979308,0.476015793819137,0.5064913912698745,True,True,False
465,4,turn 4,4,0.6490808810381656,1,0.5292825614015498,0.6213008168552399,0.5182930489242327,0.509956767490942,0.5233285945180601,True,True,False
466,2,turn 2,1,0.5497075963446125,1,0.5343118794629658,0.4763784042836948,0.5322691896922191,0.5092746811684985,0.5326224243587692,True,False,True
466,3,turn 3,2,0.5278888998828354,0,0.4963377027755853,0.46690791950626387,0.4937442615618993,0.4704486113638702,0.49353684962575917,True,True,False
466,4,turn 4,3,0.46690791950626387,1,0.5126319054027361,0.40282089187004444,0.5099361329039112,0.4718540837996945,0.5091922931348415,True,True,False
467,1,turn 1,1,0.5414961778747888,1,0.5187790584240548,0.45681035894822886,0.5157234380208657,0.5043170672791265,0.5161415661694762,True,False,True
467,2,turn 2,2,0.4835349681568623,1,0.44214825243859673,0.41639478118942574,0.44163730440023613,0.4080823069874376,0.44202074249394036,True,True,False
468,1,turn 1,1,0.4835349681568623,0,0.44214825243859673,0.41639478118942574,0.44163730440023613,0.4080823069874376,0.44202074249394036,True,False,True
468,2,turn 2,2,0.41639478118942574,1,0.4937944355834495,0.35657682065660923,0.49314848946418754,0.45046183713076515,0.49359430378674296,True,True,False
468,3,turn 3,3,0.5032646151013805,1,0.509995623021601,0.43826401740565646,0.5099952920516104,0.5099542512634295,0.5099955198212556,True,True,False
469,2,turn 2,1,0.5098527702853833,1,0.4898258148828784,0.42976493356195017,0.48821356218898826,0.4704132481054275,0.489309614082247,True,False,True
469,3,turn 3,2,0.612077167441894,0,0.5192720293145712,0.5202246476446524,0.5168339326386054,0.5099707087821606,0.5183514906893564,True,True,False
470,2,turn 2,1,0.4750515005810772,0,0.4320901406852163,0.4191054705914013,0.4331365149351991,0.4260631534992974,0.4277852686615173,True,False,True
470,3,turn 3,2,0.4191054705914013,1,0.4851877587196938,0.3685872039454454,0.4836722130745104,0.43110298090503035,0.47383190890552923,True,True,False
471,2,turn 2,1,0.44783915100538757,0,0.40917351221913156,0.39034942776341675,0.40852950935356214,0.40009037374113987,0.407967027294728,True,False,True
471,3,turn 3,2,0.39034942776341675,0,0.4716140192144735,0.35191792206256006,0.4702267997024678,0.44566745801870744,0.46869498692462913,True,True,False
471,4,turn 4,3,0.35191792206256006,1,0.4923781004518406,0.32824182494067783,0.49125106912724076,0.4663878057481274,0.48993673304325247,True,True,False
471,5,turn 5,4,0.3969446139377079,0,0.5099906577044084,0.35878595443029565,0.5099897255876812,0.5099591149412874,0.5099885995429357,True,True,False
471,6,turn 6,5,0.357989414883404,0,0.5099950643320285,0.3336687582186473,0.5099944083215179,0.5099643642544368,0.5099935980909381,True,True,False
472,2,turn 2,1,0.5065113623121005,0,0.5009395824641781,0.4354722049023547,0.500930758998894,0.5001739624044385,0.5009398916871518,True,False,True
472,3,turn 3,2,0.4354722049023547,0,0.5095319879183279,0.38866918594387123,0.5095195540296811,0.5092691523882289,0.5095271858231413,True,True,False
473,1,turn 1,1,0.4835349681568623,0,0.44214825243859673,0.41639478118942574,0.44163730440023613,0.4080823069874376,0.44202074249394036,True,False,True
473,2,turn 2,2,0.41639478118942574,0,0.4937944355834495,0.35657682065660923,0.49314848946418754,0.45046183713076515,0.49359430378674296,True,True,False
473,3,turn 3,3,0.35657682065660923,0,0.5057346058551875,0.3137983871402421,0.5054239143595385,0.4725368113571498,0.5056375306715106,True,True,False
473,4,turn 4,4,0.3137983871402421,0,0.5088502037558256,0.2877796876528999,0.5087265054723793,0.4854404870298898,0.5088117079352531,True,True,False
473,5,turn 5,5,0.2877796876528999,0,0.5096880903299909,0.27348322349754073,0.509643212359046,0.4934959205559008,0.5096742296954774,True,True,False
473,6,turn 6,6,0.27348322349754073,0,0.5099152424648168,0.2660636698135381,0.5098998539871414,0.49873281241501466,0.509910532958191,True,True,False
473,7,turn 7,7,0.2660636698135381,0,0.5099769575292477,0.2623270157526673,0.5099718754952336,0.5022276309325878,0.5099754176152178,True,True,False
473,8,turn 8,8,0.2623270157526673,0,0.509993734806853,0.2604736131320482,0.5099921004940626,0.504600795264891,0.5099932447340999,True,True,False
473,9,turn 9,9,0.2604736131320482,0,0.509998296450517,0.25956126336774765,0.5099977811246736,0.5062313859937893,0.5099981435780947,True,True,False
473,10,turn 10,10,0.25956126336774765,0,0.5099995367887645,0.25911383068591254,0.5099993767376302,0.5073608422872296,0.5099994898295943,True,True,False
474,2,turn 2,1,0.556812280081812,1,0.5409179397878712,0.4590952408739405,0.5383382380129327,0.5256055829088977,0.5402668533088212,True,False,True
474,3,turn 3,2,0.4835349681568623,1,0.44214825243859673,0.41639478118942574,0.44163730440023613,0.4080823069874376,0.44202074249394036,True,True,False
474,4,turn 4,3,0.5852582591987396,1,0.5149540500014669,0.49800432746974244,0.5123219020997434,0.5098572230192613,0.5118335844225148,True,True,False
474,5,turn 5,4,0.5570660075804235,0,0.5099795332182545,0.5032646151013805,0.5099786732836484,0.5099135542796718,0.5099792697479724,True,True,False
474,6,turn 6,5,0.5027124924931701,1,0.5099944351013345,0.43704679649128547,0.5099940097484048,0.5099390072839824,0.5099943032595605,True,True,False
475,2,turn 2,1,0.5230116713496439,1,0.5136645961050191,0.4364500097482123,0.5115016910833643,0.5015787186644225,0.5129540498764003,True,False,True
475,3,turn 3,2,0.4835349681568623,1,0.44214825243859673,0.41639478118942574,0.44163730440023613,0.4080823069874376,0.44202074249394036,True,True,False
475,4,turn 4,3,0.6395827473726294,1,0.5239182773627294,0.5287046639162883,0.520261562316084,0.5099992860334048,0.5225376011600484,True,True,False
475,5,turn 5,4,0.5570660075804235,1,0.5099795332182545,0.5032646151013805,0.5099786732836484,0.5099135542796718,0.5099792697479724,True,True,False
475,6,turn 6,5,0.6011093524756507,0,0.5099999946475422,0.5701469539594153,0.5099999942384074,0.5099999413202007,0.5099999945207279,True,True,False
475,7,turn 7,6,0.5696541673524077,0,0.509999998544611,0.5211621917173381,0.5099999983816126,0.5099999585905317,0.5099999984942145,True,True,False
475,8,turn 8,7,0.5204468222002394,0,0.5099999996042646,0.4572532382076119,0.5099999995454072,0.5099999707779483,0.5099999995861878,True,True,False
475,9,turn 9,8,0.4564166449360117,0,0.5099999998923954,0.39121656664060617,0.5099999998723084,0.5099999793784282,0.5099999998862782,True,True,False
475,10,turn 10,9,0.3904550838002292,1,0.5099999999707412,0.3375462381371053,0.5099999999641324,0.5099999854476599,0.5099999999687476,True,True,False
475,11,turn 11,10,0.7424709354777458,1,0.523918787387724,0.6451225013482086,0.5202620454511393,0.5099999999399338,0.5225380940641899,True,True,False
476,2,turn 2,1,0.5536525903192294,1,0.5140944628198516,0.44643101251385653,0.5103968262916027,0.5096370919671118,0.5122073914024963,True,False,True
476,3,turn 3,2,0.558814487872056,0,0.5307900888055082,0.4753741598539748,0.526210612850798,0.5096793345958222,0.5268293578436418,True,True,False
476,4,turn 4,3,0.38102508356905485,0,0.3440335462052237,0.377082346267218,0.34387047581308994,0.3438227570000395,0.34406906947833965,True,True,False
476,5,turn 5,4,0.4753741598539748,0,0.5316019304366493,0.41707748943065137,0.5267481918459572,0.5099993466683274,0.5274936224356479,True,True,False
476,6,turn 6,5,0.41707748943065137,1,0.5316049403953248,0.3845661510380137,0.5267493890727521,0.5099999986680052,0.5274955434132328,True,True,False
477,2,turn 2,1,0.5740325537875275,1,0.5476148330838667,0.4719119282706325,0.543366896001628,0.5256328404043198,0.5459885770765326,True,False,True
477,3,turn 3,2,0.663961730869333,0,0.5483516077208975,0.5368402939454026,0.5439143229929683,0.5260351028214415,0.5466290389153882,True,True,False
477,5,turn 5,3,0.4862108177273039,0,0.5015621436384913,0.4569373448487555,0.5009392572168244,0.4852532455206593,0.5018491935177384,True,True,False
477,6,turn 6,4,0.45455067858954806,1,0.530124285820714,0.44010412876938726,0.5271715418785099,0.5072877105134582,0.5292363820556865,True,True,False
477,7,turn 7,5,0.557511844817419,1,0.559657076595829,0.537140931845575,0.549138711164764,0.5260234617404952,0.5546010462383215,True,True,False
477,8,turn 8,6,0.6422150046975852,1,0.5370921053830111,0.5959508955393572,0.5265349561018687,0.5099052846066896,0.5303903294374276,True,True,False
478,2,turn 2,1,0.49111263019777024,1,0.4504444197494368,0.4288116922064265,0.45369086974782746,0.4559237937691865,0.45430546071406663,True,False,True
478,3,turn 3,2,0.5185937792380458,0,0.47812135762922414,0.43141289685164114,0.47601706534591937,0.4588596994772747,0.47711406694821834,True,True,False
478,4,turn 4,3,0.5734315007742586,1,0.574533172683071,0.4895787642299221,0.5700741285152371,0.5182398714753412,0.5636260710525901,True,True,False
479,2,turn 2,1,0.5310560368640379,1,0.513515595180535,0.46560646234451264,0.5108785906449825,0.5082356326404989,0.5103909501049195,True,False,True
479,3,turn 3,2,0.5147411891715166,0,0.46595641368288243,0.4591889598639959,0.46558479444394946,0.43980202097417137,0.4654897373404965,True,True,False
479,4,turn 4,3,0.4591494710263402,0,0.4968216022778974,0.4005741253080851,0.4962766990140891,0.45129411423637655,0.4960552227517677,True,True,False
482,2,turn 2,1,0.4835349681568623,0,0.44214825243859673,0.41639478118942574,0.44163730440023613,0.4080823069874376,0.44202074249394036,True,False,True
482,3,turn 3,2,0.41639478118942574,0,0.4937944355834495,0.35657682065660923,0.49314848946418754,0.45046183713076515,0.49359430378674296,True,True,False
482,4,turn 4,3,0.35657682065660923,0,0.5057346058551875,0.3137983871402421,0.5054239143595385,0.4725368113571498,0.5056375306715106,True,True,False
482,5,turn 5,4,0.7431993202747069,1,0.6994900526117817,0.49399770650809377,0.6932508108139995,0.6005959160640008,0.6717655497535312,True,True,False
482,6,turn 6,5,0.3137983871402421,1,0.5088502037558256,0.2877796876528999,0.5087265054723793,0.4854404870298898,0.5088117079352531,True,True,False
482,7,turn 7,6,0.3765810588248656,1,0.5099996986387793,0.3300954123081713,0.5099996551078722,0.5099824884159031,0.5099996851984109,True,True,False
484,2,turn 2,1,0.49519726301855826,0,0.46845262504987245,0.41803876916308136,0.46819319638061885,0.45083741981658654,0.4683933626575425,True,False,True
484,3,turn 3,2,0.41803876916308136,0,0.5014457033833223,0.36645589985981597,0.5011108283506354,0.4795361309168179,0.5013418446580261,True,True,False
484,4,turn 4,3,0.36645589985981597,0,0.5078397728584296,0.33654506645266485,0.5076829725811937,0.49120776461808346,0.5077907552254273,True,True,False
485,2,turn 2,1,0.5536525903192294,1,0.5140944628198516,0.44643101251385653,0.5103968262916027,0.5096370919671118,0.5122073914024963,True,False,True
485,3,turn 3,2,0.5874243749527429,1,0.5120495348750191,0.47479534260486955,0.5101988597770872,0.4566285470596143,0.5111630109640758,True,True,False
486,2,turn 2,1,0.49519726301855826,0,0.46845262504987245,0.41803876916308136,0.46819319638061885,0.45083741981658654,0.4683933626575425,True,False,True
486,3,turn 3,2,0.4850236857543276,1,0.5039444492016505,0.4015039165852329,0.5017726578778952,0.4800494645489385,0.5029008475946196,True,True,False
488,2,turn 2,1,0.5424555169351174,1,0.4825424164583474,0.4500617647560605,0.4786423565542151,0.4638407633680588,0.5042899003607829,True,False,True
488,3,turn 3,2,0.5574542448747615,1,0.5013666679047297,0.48649202430823596,0.5007495964485349,0.4850910194288214,0.5016551981851373,True,True,False
488,4,turn 4,3,0.674696468977041,1,0.5596280791542038,0.5920921523340713,0.5491165681036446,0.5260054599457243,0.5545758005547367,True,True,False
488,5,turn 5,4,0.6151140051414599,1,0.4953668957464191,0.5787452678426668,0.48412234668832066,0.4590411289223685,0.489349309765751,True,True,False
489,1,turn 1,1,0.4587055447326939,0,0.42716305409664623,0.3861110497256173,0.4263842830828403,0.4160502742248196,0.4255346234253762,True,False,True
489,2,turn 2,2,0.3861110497256173,0,0.4817370893615403,0.34170963985799985,0.48054503603662546,0.4654845367256143,0.47874132645725764,True,True,False
489,3,turn 3,3,0.34170963985799985,1,0.49792168301116246,0.31795652774053973,0.49703307926621265,0.48511668468887104,0.49553441048407987,True,True,False
489,4,turn 4,4,0.38913598685356054,0,0.5099940066707016,0.3454234584299186,0.5099933237762708,0.5099824856870461,0.509992073258738,True,True,False
489,5,turn 5,5,0.34430131325970337,0,0.5099969932798973,0.3203739723165106,0.5099965360369358,0.5099879520441393,0.509995652786974,True,True,False
489,6,turn 6,6,0.406543999182205,0,0.3156504946752337,0.36740192365682117,0.3968466970902882,0.3546319834904174,0.3958142872287698,True,True,False
489,7,turn 7,7,0.36740192365682117,0,0.38573900398935,0.3375818681903861,0.450722736284838,0.3912623609170421,0.4489698389319707,True,True,False
489,8,turn 8,8,0.3375818681903861,0,0.4137831164036803,0.31807766042848523,0.47386017241458034,0.4128465305226378,0.4718311362866348,True,True,False
490,2,turn 2,1,0.4889965194028611,1,0.48515816142837104,0.43616810722920574,0.48685872775849853,0.4880201404302575,0.48729695903163994,True,False,True
490,3,turn 3,2,0.5438842331938272,1,0.2740981358612325,0.3545135846689377,0.2711025289752016,0.33084101259204945,0.3232582743356234,True,True,False
490,4,turn 4,3,0.5536525903192294,1,0.5140944628198516,0.44643101251385653,0.5103968262916027,0.5096370919671118,0.5122073914024963,True,True,False
490,5,turn 5,4,0.38102508356905485,1,0.3440335462052237,0.377082346267218,0.34387047581308994,0.3438227570000395,0.34406906947833965,True,True,False
491,1,turn 1,1,0.5185937792380458,0,0.47812135762922414,0.43141289685164114,0.47601706534591937,0.4588596994772747,0.47711406694821834,True,False,True
491,2,turn 2,2,0.43141289685164114,0,0.5042006005519013,0.3730156487962032,0.5020206932100737,0.480230548895166,0.5031528569092281,True,True,False
491,3,turn 3,3,0.3730156487962032,1,0.5101712123223174,0.34055930600590184,0.5081589117549241,0.4912684049249014,0.5091749864659738,True,True,False
491,4,turn 4,4,0.4725617876429553,1,0.5023779364077533,0.39813190798080134,0.5023739204759321,0.5017825454804727,0.5023824099317473,True,True,False
491,5,turn 5,5,0.522599280323967,1,0.5099999997058423,0.4622995954031115,0.5099999996630151,0.5099999813745986,0.5099999996926271,True,True,False
492,1,turn 1,1,0.5842225355216766,1,0.5643750182158742,0.4846523861490204,0.5598519308566408,0.5336307146229238,0.5628791699135508,True,False,True
492,2,turn 2,2,0.5803152201995405,1,0.5403854121477317,0.47161506388587665,0.5364789569873334,0.5136484737985314,0.5376862300808994,True,True,False
492,3,turn 3,3,0.6599065236422226,1,0.5409250886841068,0.5352101416719194,0.5370022301981338,0.5140144630846804,0.5382147002617796,True,True,False
492,4,turn 4,4,0.6507886938006353,1,0.5120495353743021,0.5260674780879834,0.5101988602640455,0.5098614033636535,0.5111667622471197,True,True,False
492,5,turn 5,5,0.7463782467646297,1,0.5409250896827904,0.6534450438984971,0.537002231173451,0.5140144637972064,0.538214701244784,True,True,False
493,2,turn 2,1,0.47651049835422593,0,0.4320305559525084,0.41098676685158464,0.431403463212533,0.3888432096015796,0.4315001256202657,True,False,True
493,3,turn 3,2,0.41098676685158464,0,0.48871882025472546,0.34981067973921937,0.4878509439427612,0.4215250335878685,0.4878523748529894,True,True,False
493,4,turn 4,3,0.34981067973921937,0,0.5034527563434408,0.303714692374341,0.5029687572935357,0.4403154882871466,0.5029342672818959,True,True,False
493,5,turn 5,4,0.303714692374341,1,0.5078943396916094,0.2742765003540256,0.5076649068528145,0.4523378859542704,0.5076329053565789,True,True,False
494,2,turn 2,1,0.569202951954129,0,0.5537740769935463,0.4741740115525761,0.5493193851730028,0.525608777976319,0.5523001522529192,True,False,True
494,3,turn 3,2,0.4741740115525761,0,0.5560559250321813,0.45381112310862465,0.5504497703226798,0.526034199238706,0.5540614424009362,True,True,False
494,4,turn 4,3,0.45381112310862465,0,0.5560940719652067,0.4465128201319241,0.5504576493354209,0.526035101658302,0.5540832856737933,True,True,False
494,5,turn 5,4,0.4382114245798885,1,0.5015621436095802,0.4323260012868754,0.5009392572133659,0.48525324551891275,0.5018491935076445,True,True,False
495,1,turn 1,1,0.4871647834023452,0,0.45268627649650645,0.43114210281247706,0.4537941630729027,0.43512650962550675,0.453461420776601,True,False,True
495,2,turn 2,2,0.43114210281247706,1,0.49883234134615845,0.39356760972736365,0.4973884594571058,0.47140631006431666,0.49831697063730956,True,True,False
495,3,turn 3,3,0.5391807778722795,0,0.5191492414021937,0.46167783837281856,0.5159155106996667,0.5044361352540551,0.516419683945701,True,True,False
495,4,turn 4,4,0.4552988072615065,0,0.5241019320436591,0.40577394875314,0.5208569729531528,0.5095366152558782,0.5213598203504599,True,True,False
495,5,turn 5,5,0.40281481528170926,0,0.5243849476316781,0.3770168150570301,0.5211469373999458,0.5099595722328999,0.5216450254088488,True,True,False
495,6,turn 6,6,0.37588323300458654,0,0.5244021807675731,0.36381724840015,0.5211650504597828,0.5099964623675961,0.5216625487402209,True,True,False
495,7,turn 7,7,0.363414640674591,0,0.5244032332858166,0.35807474257799554,0.521166185307072,0.5099996903666312,0.5216636285911614,True,True,False
495,8,turn 8,8,0.35793559142947823,0,0.5244032975784432,0.355629338164888,0.5211662564202459,0.5099999728986148,0.521663695145537,True,True,False
495,9,turn 9,9,0.3555816967132331,0,0.524403301505763,0.35459314535098163,0.521166260876464,0.5099999976278837,0.521663699247512,True,True,False
496,2,turn 2,1,0.4835349681568623,0,0.44214825243859673,0.41639478118942574,0.44163730440023613,0.4080823069874376,0.44202074249394036,True,False,True
496,3,turn 3,2,0.7841403949673826,1,0.5820186690143145,0.4065020782497185,0.5813506444764944,0.5563451082387556,0.6375857089715996,True,True,False
496,4,turn 4,3,0.6602019317989181,0,0.7226305625815177,0.42514079561817897,0.7196153160189136,0.503552882758973,0.5658564221978986,True,True,False
496,5,turn 5,4,0.35657682065660923,0,0.5057346058551875,0.3137983871402421,0.5054239143595385,0.4725368113571498,0.5056375306715106,True,True,False
496,6,turn 6,5,0.3137983871402421,0,0.5088502037558256,0.2877796876528999,0.5087265054723793,0.4854404870298898,0.5088117079352531,True,True,False
496,7,turn 7,6,0.2877796876528999,0,0.5096880903299909,0.27348322349754073,0.509643212359046,0.4934959205559008,0.5096742296954774,True,True,False
496,8,turn 8,7,0.27348322349754073,0,0.5099152424648168,0.2660636698135381,0.5098998539871414,0.49873281241501466,0.509910532958191,True,True,False
496,9,turn 9,8,0.2660636698135381,0,0.5099769575292477,0.2623270157526673,0.5099718754952336,0.5022276309325878,0.5099754176152178,True,True,False
496,10,turn 10,9,0.2623270157526673,0,0.509993734806853,0.2604736131320482,0.5099921004940626,0.504600795264891,0.5099932447340999,True,True,False
497,1,turn 1,1,0.49208847702182246,0,0.46320395678766685,0.428277266393542,0.4640328943949274,0.44974301538056394,0.4637875612877369,True,False,True
497,2,turn 2,2,0.4821429039359209,1,0.5239275778909386,0.4257210016913499,0.5206897476824685,0.5094418566975384,0.5211932079675473,True,True,False
497,3,turn 3,3,0.4733551281053554,0,0.5016254837371813,0.42382771154673815,0.5005416725850494,0.4810548851566668,0.5012384221201632,True,True,False
497,4,turn 4,4,0.49939815683263994,0,0.5466201940461448,0.43870264978119805,0.5434266920819597,0.5258728743018994,0.5455308966103878,True,True,False
497,5,turn 5,5,0.43200447201149,0,0.5468151964810445,0.421781165207413,0.5436159003547724,0.5260347369401169,0.5457244243296359,True,True,False
497,6,turn 6,6,0.4192440056811275,1,0.5468156683178345,0.4155571214450979,0.5436163525395171,0.5260351027289463,0.5457248911187288,True,True,False
497,7,turn 7,7,0.40783970209950254,1,0.5137157119452421,0.3919193088869485,0.5114834905729181,0.49338838559093606,0.5127345177828508,True,True,False
497,8,turn 8,8,0.5052296139932213,1,0.5376114708893294,0.48285676304484343,0.5352119533691032,0.5220194672663226,0.536793378450226,True,True,False
498,1,turn 1,1,0.4915109303331632,0,0.4664850692083433,0.42322948587696974,0.4661671111057135,0.444508586003009,0.4662200086537088,True,False,True
498,2,turn 2,2,0.5883882067614753,0,0.5557490035698559,0.40922278337115403,0.55384707936653,0.5083676983036307,0.5660461178472326,True,True,False
498,3,turn 3,3,0.40922278337115403,0,0.5643855296627793,0.3867510132842768,0.5631536349455096,0.5124433567699007,0.5708694161049468,True,True,False
498,4,turn 4,4,0.3867510132842768,0,0.5661281118919922,0.3723696974886439,0.5650836261741614,0.5152294501641789,0.5724260770883981,True,True,False
498,5,turn 5,5,0.3723696974886439,1,0.5666480089369162,0.36388561857684104,0.5656624224557741,0.5173225248953638,0.5729867300378039,True,True,False
498,6,turn 6,6,0.3674894000565091,0,0.5018970350939367,0.3173372184064629,0.5015740281110015,0.48018007719812844,0.5017969192797047,True,True,False
498,7,turn 7,7,0.3166735517995876,0,0.507867238434935,0.2825859953043306,0.5077118781150631,0.4912137164689765,0.5078186792196754,True,True,False
498,8,turn 8,8,0.2821937536022304,0,0.5094250791118733,0.2619473120753728,0.509363223878283,0.4976614161693237,0.509405822086509,True,True,False
498,9,turn 9,9,0.2617315738152205,0,0.509844037128536,0.2506823538150345,0.5098215956466444,0.5016846827469608,0.5098371030449966,True,True,False
498,10,turn 10,10,0.22765344234909612,0,0.5099999943262257,0.2235739519672808,0.509999992311186,0.5098638737418774,0.5099999912609882,True,True,False
499,3,turn 3,1,0.5173581982656998,1,0.4928588015389664,0.4356248620043532,0.491387622269885,0.47043921190232024,0.4922591137818963,True,False,True
499,4,turn 4,2,0.6069840126814993,1,0.520920103131051,0.5246852889240893,0.5194434722468809,0.5099707088331491,0.5202677686299924,True,True,False
500,2,turn 2,1,0.40211726675684867,1,0.3746567471502453,0.38355831336378077,0.3744124713493884,0.37775227912298776,0.374515495112626,True,False,True
500,3,turn 3,2,0.5072334480873323,0,0.5098601816142506,0.48773916577757487,0.509856319218922,0.5098336323659568,0.5098545328711451,True,True,False
500,4,turn 4,3,0.49389321615537896,0,0.4574327914906282,0.43481161576295624,0.45529821797171155,0.43890668442378405,0.45641122553201774,True,True,False
500,5,turn 5,4,0.43481161576295624,1,0.49707230915804923,0.3966056202308274,0.4939708255956481,0.45801628643839076,0.4947122232880123,True,True,False
500,6,turn 6,5,0.5553413878682921,1,0.5313453632727163,0.48267537899085927,0.5264987218689993,0.5098579365582148,0.5272465345079793,True,True,False
500,7,turn 7,6,0.6300469398106302,0,0.5316049521426096,0.5624869434924513,0.52674939127449,0.509999999721289,0.5274955487906272,True,True,False
501,2,turn 2,1,0.48611411013715966,0,0.44707422281381515,0.4430928757910807,0.4483067312116164,0.4486851494665757,0.44602050173096935,True,False,True
501,3,turn 3,2,0.4430928757910807,1,0.49017648526840363,0.4082637397034179,0.48790531214237837,0.481878620927532,0.4873497877815881,True,True,False
501,4,turn 4,3,0.5744367700917556,0,0.5344762115979671,0.534837461034334,0.5208565820211244,0.5099825372351326,0.5253972955688846,True,True,False
501,5,turn 5,4,0.4807317622124204,1,0.5344852737130013,0.4468555838009242,0.5208647545812105,0.5099899687184964,0.5254060725726082,True,True,False
501,6,turn 6,5,0.593659192250911,1,0.5368949854804269,0.5376053555783399,0.5265099996013827,0.5098809283295739,0.5302782247643966,True,True,False
502,2,turn 2,1,0.47651049835422593,0,0.4320305559525084,0.41098676685158464,0.431403463212533,0.3888432096015796,0.4315001256202657,True,False,True
502,3,turn 3,2,0.4874727079629045,0,0.5070412092644959,0.4098256133843446,0.5053839572103054,0.4845397581532034,0.5065008011798479,True,True,False
502,4,turn 4,3,0.4098256133843446,0,0.5175195755226845,0.3774859025449741,0.515000019737025,0.49704878326177043,0.5165802669533713,True,True,False
502,5,turn 5,4,0.3774859025449741,1,0.5188767922634044,0.36275164445476155,0.5163974766335514,0.501773067700665,0.5179436269959558,True,True,False
503,2,turn 2,1,0.49519726301855826,0,0.46845262504987245,0.41803876916308136,0.46819319638061885,0.45083741981658654,0.4683933626575425,True,False,True
503,3,turn 3,2,0.41968275713673703,1,0.5090969711831951,0.37633497906302266,0.5090731672370833,0.5086104247028707,0.5090893855293093,True,True,False
503,4,turn 4,3,0.5160573829184321,1,0.5099999468544375,0.4500852850341702,0.5099999440412041,0.5099998827070318,0.5099999459260983,True,True,False
503,5,turn 5,4,0.6230201794325573,0,0.5099999999968777,0.554745974593179,0.5099999999966276,0.5099999999901264,0.5099999999967948,True,True,False
503,6,turn 6,5,0.4888761012268769,1,0.42981184484334767,0.34768903849530736,0.4281451030629944,0.39646330328234125,0.42167144720895233,True,True,False
503,7,turn 7,6,0.735721107331426,0,0.7974858551420474,0.5616657924749389,0.7789045499500187,0.5097226653048962,0.6744090494339319,True,True,False
503,8,turn 8,7,0.5612185545127546,1,0.7964116943615781,0.3390384174358012,0.7780083092489313,0.5096796373828582,0.6740986750640057,True,True,False
503,9,turn 9,8,0.5032646151013805,1,0.509995623021601,0.43826401740565646,0.5099952920516104,0.5099542512634295,0.5099955198212556,True,True,False
504,2,turn 2,1,0.38460504787845795,1,0.33787299677495364,0.3696688592367112,0.33701664045306895,0.32921368733130785,0.33346963128214435,True,False,True
504,3,turn 3,2,0.7740547200298329,1,0.8012028565921385,0.7380517257876474,0.7838897120979187,0.596386324619536,0.7072709637525734,True,True,False
504,4,turn 4,3,0.5216589038899054,1,0.9980020009999981,0.43084283360899894,0.9980020525761247,0.9850085718073369,0.9957743312456127,True,True,False
504,5,turn 5,4,0.874759839225077,0,0.8020225431771575,0.853949094101826,0.7846802451959922,0.5968204170662852,0.7079249050479589,True,True,False
504,6,turn 6,5,0.6275107893910902,0,0.8020208608165553,0.626768754327249,0.7846788301224783,0.5968202905061513,0.7079243172728373,True,True,False
504,7,turn 7,6,0.6252740481235748,0,0.8020133942224406,0.6252736248223301,0.7846732636072051,0.596820123167584,0.7079230040546747,True,True,False
504,8,turn 8,7,0.6252396099879788,1,0.8019789894007832,0.6252433562376554,0.7846506019867104,0.596819901713622,0.7079200184682493,True,True,False
504,9,turn 9,8,0.7384503758470498,0,0.8020231027586451,0.7384503754058329,0.7846808037762156,0.5968208148477715,0.7079254305811633,True,True,False
504,10,turn 10,9,0.6255731507719338,0,0.8020229848793101,0.6255731638081587,0.7846807340089155,0.5968208145812206,0.7079254248131412,True,True,False
504,11,turn 11,10,0.625278651676445,0,0.8020224284223431,0.6252787122933642,0.7846804431877665,0.5968208142294453,0.7079254113875499,True,True,False
505,2,turn 2,1,0.48611411013715966,0,0.44707422281381515,0.4430928757910807,0.4483067312116164,0.4486851494665757,0.44602050173096935,True,False,True
505,3,turn 3,2,0.520815670390518,0,0.5310491379973471,0.44203763627911263,0.526460766791594,0.5098211085692773,0.5270778610926234,True,True,False
505,4,turn 4,3,0.44203763627911263,0,0.5316024694793976,0.39494291012902644,0.5267487067332606,0.5099996355457851,0.5274941328981999,True,True,False
505,5,turn 5,4,0.39494291012902644,0,0.5316049415182067,0.3724533898503677,0.5267493901336311,0.5099999992569608,0.5274955444628735,True,True,False
506,2,turn 2,1,0.5342698133201187,0,0.5182140760891513,0.4452399024118169,0.5162627812047095,0.5016176643597616,0.5173782994258742,True,False,True
506,3,turn 3,2,0.4452399024118169,0,0.5259368552894768,0.39860586652649843,0.5237122456971135,0.5093048484873792,0.5249557621229809,True,True,False
506,4,turn 4,3,0.462454658381441,0,0.3090658410332281,0.36579796546807786,0.30748650239414577,0.3373318847960445,0.33366367190698154,True,True,False
506,5,turn 5,4,0.39860586652649843,0,0.5263633105446424,0.3797074907865182,0.5241473598194879,0.5099393581976726,0.5253844697630312,True,True,False
506,6,turn 6,5,0.4499071407235263,0,0.4081938374861825,0.41131463037526717,0.4118030075851453,0.39786836640136625,0.4101968231495996,True,True,False
506,8,turn 8,6,0.41131463037526717,0,0.4768601423213584,0.3799130375960583,0.4769070271070868,0.4521098289605311,0.47706438659763806,True,True,False
507,2,turn 2,1,0.5438076067689975,1,0.39402414388782925,0.4018556896599712,0.3905382079196264,0.42017440012704704,0.4163567642803167,True,False,True
507,3,turn 3,2,0.43501080148595794,0,0.41459585381679737,0.4066252267482119,0.41536460178579426,0.41592144871514847,0.41568301425498977,True,True,False
507,4,turn 4,3,0.4066252267482119,0,0.47299849234927077,0.3956672758149399,0.4691351224243,0.46615018902108596,0.4688259340545796,True,True,False
507,5,turn 5,4,0.3956672758149399,0,0.4931316429516166,0.3917139011285912,0.4883136068258838,0.4848752917970987,0.48774126132630313,True,True,False
507,6,turn 6,5,0.3917139011285912,0,0.5027230926924384,0.39035709043206357,0.4978510285148017,0.494387788150702,0.4971127073007118,True,True,False
508,2,turn 2,1,0.5086333259557038,0,0.47581975111276265,0.42353641476163606,0.47557055685319194,0.4056697009093786,0.4758171605135737,True,False,True
508,3,turn 3,2,0.39265195150004173,1,0.4771003888459718,0.45228340272672946,0.47641259257298535,0.42259405789560867,0.4770143704487226,True,True,False
509,3,turn 3,1,0.5314042324321916,0,0.5073330103775051,0.4498170145788949,0.5046969200070899,0.501654202881796,0.5042170412389123,True,False,True
509,4,turn 4,2,0.5452564091183569,0,0.5044123069571043,0.45659694822366126,0.5020991960416502,0.46287108130869437,0.5025929056266215,True,True,False
509,5,turn 5,3,0.45659694822366126,0,0.5305177445587752,0.40001836321514195,0.5281288928767063,0.4842450001604271,0.5286549998884045,True,True,False
509,6,turn 6,4,0.5132238797100535,1,0.5480879265488947,0.4374213518370833,0.5455002774509736,0.5331145289374652,0.5474285546629035,True,True,False
509,7,turn 7,5,0.35657682065660923,1,0.5057346058551875,0.3137983871402421,0.5054239143595385,0.4725368113571498,0.5056375306715106,True,True,False
510,1,turn 1,1,0.5329558757453583,1,0.49930462325853425,0.44454094713005965,0.49660353491341874,0.475787398342779,0.4980729166423468,True,False,True
510,2,turn 2,2,0.5729643935512018,1,0.5598255382317422,0.47586249348541576,0.5550908407352956,0.5335917689275846,0.5584549203640768,True,True,False
510,4,turn 4,3,0.6158338309273628,1,0.5224563508157304,0.5256370402432428,0.5197417581474538,0.5099711842888967,0.5211722266988573,True,True,False
511,2,turn 2,1,0.5230116713496439,0,0.5136645961050191,0.4364500097482123,0.5115016910833643,0.5015787186644225,0.5129540498764003,True,False,True
511,3,turn 3,2,0.4835349681568623,1,0.44214825243859673,0.41639478118942574,0.44163730440023613,0.4080823069874376,0.44202074249394036,True,True,False
511,4,turn 4,3,0.4364500097482123,0,0.523412060356433,0.4093296602473401,0.5197880724257684,0.5093047692140806,0.5220516350943016,True,True,False
511,5,turn 5,4,0.5369231374916702,0,0.5555284232014883,0.47016275741477925,0.5500759184462359,0.525753809146312,0.5536111777001239,True,True,False
511,6,turn 6,5,0.6208535224429255,0,0.6435769693914479,0.496114990206168,0.6378729100052208,0.57935006389147,0.6290569267901966,True,True,False
511,7,turn 7,6,0.4380819359222822,0,0.49135566115949014,0.40657815637828126,0.49139290113673456,0.47053003374445057,0.4916747896870912,True,True,False
511,8,turn 8,7,0.5570660075804235,0,0.5099795332182545,0.5032646151013805,0.5099786732836484,0.5099135542796718,0.5099792697479724,True,True,False
512,2,turn 2,1,0.4835349681568623,1,0.44214825243859673,0.41639478118942574,0.44163730440023613,0.4080823069874376,0.44202074249394036,True,False,True
512,3,turn 3,2,0.5570660075804235,0,0.5099795332182545,0.5032646151013805,0.5099786732836484,0.5099135542796718,0.5099792697479724,True,True,False
512,4,turn 4,3,0.5027124924931701,1,0.5099944351013345,0.43704679649128547,0.5099940097484048,0.5099390072839824,0.5099943032595605,True,True,False
513,2,turn 2,1,0.4835349681568623,0,0.44214825243859673,0.41639478118942574,0.44163730440023613,0.4080823069874376,0.44202074249394036,True,False,True
513,3,turn 3,2,0.5068595578802542,0,0.49475699766114817,0.41968275713673703,0.4947490883610015,0.4935925326457355,0.49476598282114465,True,True,False
513,5,turn 5,3,0.41968275713673703,1,0.5090969711831951,0.37633497906302266,0.5090731672370833,0.5086104247028707,0.5090893855293093,True,True,False
513,6,turn 6,4,0.6069778500798516,1,0.5666763614756118,0.4967991152578968,0.5625610876830642,0.5176598556299511,0.5631650687593026,True,True,False
513,7,turn 7,5,0.41639478118942574,1,0.4937944355834495,0.35657682065660923,0.49314848946418754,0.45046183713076515,0.49359430378674296,True,True,False
514,2,turn 2,1,0.47651049835422593,0,0.4320305559525084,0.41098676685158464,0.431403463212533,0.3888432096015796,0.4315001256202657,True,False,True
514,3,turn 3,2,0.5424555169351174,1,0.4825424164583474,0.4500617647560605,0.4786423565542151,0.4638407633680588,0.5042899003607829,True,True,False
514,4,turn 4,3,0.6484505110091018,0,0.6276220246841189,0.5954042691331362,0.6181294370034003,0.5099173965814646,0.5216585181166602,True,True,False
514,5,turn 5,4,0.5915689947360854,0,0.6272371765206252,0.5402720329717317,0.6178137275937813,0.5098873755251677,0.5216622155453834,True,True,False
514,6,turn 6,5,0.5377849346860049,0,0.6261179923169763,0.5018030561164002,0.6169843482751669,0.5098464711638581,0.5216632744019689,True,True,False
514,7,turn 7,6,0.5005021236417062,0,0.6229427295025879,0.47910736908067514,0.6148424991151628,0.5097907630090371,0.5216635777327204,True,True,False
514,8,turn 8,7,0.4781247474829691,0,0.6145311973470087,0.46455648720638437,0.6095471694510534,0.5097149382064504,0.5216636646289078,True,True,False
514,9,turn 9,8,0.46304015770432844,0,0.5957752360501578,0.4499202507897772,0.5977544683813729,0.5096118154453781,0.521663689522413,True,True,False
514,10,turn 10,9,0.446875344049319,0,0.5663084930497272,0.42757961094712416,0.5766655718844748,0.509471720381517,0.521663696653762,True,True,False
514,11,turn 11,10,0.4220987056767127,0,0.5383991936444829,0.3940980859038872,0.5504521146244712,0.5092816799370236,0.5216636986967105,True,True,False
514,12,turn 12,11,0.38682348429848257,0,0.5221211354253869,0.35699625246342753,0.5293667468493201,0.509024406829556,0.5216636992819628,True,True,False
514,13,turn 13,12,0.35057575059271423,1,0.5151600873865294,0.3288733305740201,0.5175773903806867,0.5086770636191714,0.5216636994496225,True,True,False
514,14,turn 14,13,0.41098676685158464,0,0.48871882025472546,0.34981067973921937,0.4878509439427612,0.4215250335878685,0.4878523748529894,True,True,False
515,2,turn 2,1,0.5230116713496439,1,0.5136645961050191,0.4364500097482123,0.5115016910833643,0.5015787186644225,0.5129540498764003,True,False,True
515,3,turn 3,2,0.6106663068483601,0,0.5485389794118329,0.507282553764788,0.5459632201055862,0.5338086030463631,0.5478833964924237,True,True,False
515,4,turn 4,3,0.49941346219801475,1,0.5488319148920574,0.46169967474603124,0.546247474912763,0.5340520434053035,0.5481741232289101,True,True,False
515,5,turn 5,4,0.5821585147697177,1,0.5149545115452747,0.5016983631227004,0.5123223758248001,0.5098579365536708,0.5118340498266396,True,True,False
515,6,turn 6,5,0.5452564091183569,1,0.5044123069571043,0.45659694822366126,0.5020991960416502,0.46287108130869437,0.5025929056266215,True,True,False
516,1,turn 1,1,0.558814487872056,1,0.5307900888055082,0.4753741598539748,0.526210612850798,0.5096793345958222,0.5268293578436418,True,False,True
516,2,turn 2,2,0.6331145755250265,0,0.5316049500403599,0.553694237881772,0.5267493906860274,0.5099999993708435,0.5274955475837271,True,True,False
516,3,turn 3,3,0.5479973084012113,1,0.5316049526314475,0.47142692840517036,0.5267493917591612,0.5099999999987173,0.527495549270306,True,True,False
516,4,turn 4,4,0.6236455218505326,0,0.5316049526419072,0.5491948068323547,0.5267493917615635,0.51,0.5274955492754048,True,True,False
516,5,turn 5,5,0.49389776404055663,0,0.45885308440590117,0.3963008018681123,0.4548202830241473,0.4381501372415015,0.45436946671799117,True,True,False
516,6,turn 6,6,0.4613172483442873,0,0.5316049526419073,0.4127795654751341,0.5267493917615635,0.51,0.5274955492754048,True,True,False
516,7,turn 7,7,0.4098879352254945,0,0.5316049526419073,0.38243378461968147,0.5267493917615635,0.51,0.5274955492754048,True,True,False
516,8,turn 8,8,0.38134378762187904,0,0.5316049526419073,0.3676731245287781,0.5267493917615635,0.51,0.5274955492754048,True,True,False
516,9,turn 9,9,0.3672836377150094,0,0.5316049526419073,0.3609532607091455,0.5267493917615635,0.51,0.5274955492754048,True,True,False
520,2,turn 2,1,0.6093675968203747,0,0.5772446514764276,0.4688013881281604,0.5743153816913991,0.5406824835101747,0.5708185654671403,True,False,True
520,3,turn 3,2,0.480552059568363,1,0.4822907515844019,0.4123603103836275,0.4821174445278389,0.4705342399022534,0.48225057047735276,True,True,False
521,2,turn 2,1,0.5154478110070818,1,0.4856047577312023,0.4386762701157385,0.48367704813813867,0.4704635709170099,0.4834849416572549,True,False,True
521,3,turn 3,2,0.5961814503310342,0,0.5134689369807397,0.5239922016769671,0.5117079387637752,0.509970708880972,0.5113814890500404,True,True,False
521,4,turn 4,3,0.518528525104971,0,0.513474193508581,0.4462684454209056,0.5117133472703325,0.5099796274581713,0.5113867916906264,True,True,False
521,5,turn 5,4,0.442947302246147,0,0.5134755617441203,0.387636373685637,0.5117148017065308,0.5099856509197775,0.5113881867055778,True,True,False
521,6,turn 6,5,0.38613353810255435,0,0.513475930055575,0.35091246541545784,0.51171520619191,0.509989877206448,0.5113885662452246,True,True,False
522,1,turn 1,1,0.41627931329019024,0,0.37423942253376824,0.4062344795611086,0.38196871077005445,0.38765442581529486,0.3783729038052588,True,False,True
522,2,turn 2,2,0.5278888998828354,1,0.4963377027755853,0.46690791950626387,0.4937442615618993,0.4704486113638702,0.49353684962575917,True,True,False
522,3,turn 3,3,0.5064997409222393,1,0.5235023654869307,0.45087848957332566,0.521296476207425,0.5056882269811785,0.5231510966025155,True,True,False
522,4,turn 4,4,0.6315648880831586,1,0.5646682292254552,0.5038357119473783,0.5601364209343047,0.5338740529755471,0.5631701612140843,True,True,False
523,1,turn 1,1,0.4835349681568623,0,0.44214825243859673,0.41639478118942574,0.44163730440023613,0.4080823069874376,0.44202074249394036,True,False,True
523,2,turn 2,2,0.41639478118942574,0,0.4937944355834495,0.35657682065660923,0.49314848946418754,0.45046183713076515,0.49359430378674296,True,True,False
523,3,turn 3,3,0.35657682065660923,1,0.5057346058551875,0.3137983871402421,0.5054239143595385,0.4725368113571498,0.5056375306715106,True,True,False
525,2,turn 2,1,0.5226075184584227,0,0.49190970347787555,0.44359591443816127,0.4897068892243268,0.4588625515306126,0.4910056792622721,True,False,True
525,3,turn 3,2,0.44359591443816127,0,0.518285587489604,0.38872678732329174,0.5157499068106657,0.4802305547013265,0.5172082212516977,True,True,False
525,4,turn 4,3,0.46006550987774164,1,0.5157955769594527,0.40338891302649516,0.5132926108024614,0.49646130390926746,0.5137241432240134,True,True,False
526,1,turn 1,1,0.5536525903192294,0,0.5140944628198516,0.44643101251385653,0.5103968262916027,0.5096370919671118,0.5122073914024963,True,False,True
526,2,turn 2,2,0.44643101251385653,1,0.5146067655203532,0.38945447693579716,0.5108928969559599,0.5099992606595668,0.512711410031713,True,True,False
526,3,turn 3,3,0.6067650022833699,1,0.5870788819145942,0.498507724611144,0.581927387664864,0.55761863317206,0.5857677237964978,True,True,False
526,4,turn 4,4,0.701449707406334,1,0.5876653039337562,0.5368743762078598,0.582496367820192,0.5581053098773066,0.5863497063975648,True,True,False
526,5,turn 5,5,0.555948906984129,1,0.519909023093862,0.4799512720210528,0.5146447516531784,0.5097158731178565,0.5136680996566799,True,True,False
527,1,turn 1,1,0.5507309623322324,1,0.5168319228104543,0.46133031471140645,0.5139916220439059,0.47846165289705883,0.5150588090946157,True,False,True
527,2,turn 2,2,0.6068172475978674,0,0.5373238180404168,0.5207330695099647,0.5344801775867669,0.5096394776292023,0.5355405680135018,True,True,False
527,3,turn 3,3,0.5168576695999528,0,0.539922801517544,0.4491244849358917,0.5370676805820612,0.5123759462498491,0.5380872004233196,True,True,False
527,5,turn 5,4,0.5350377537849628,1,0.5541442599779086,0.4568520762938694,0.5495114578527319,0.5257278459517222,0.5525782700318603,True,True,False
527,8,turn 8,5,0.4736344458743306,0,0.5400052720251448,0.4294680738424774,0.5371515568155364,0.5126461044804026,0.5381772836918891,True,True,False
527,9,turn 9,6,0.4210707780566791,1,0.5400079319284978,0.39551712490969587,0.5371543202078758,0.5126732667665884,0.5381805216924571,True,True,False
527,10,turn 10,7,0.4861008153055364,1,0.5400080206219909,0.4548632739322455,0.5371544144012036,0.5126763089033463,0.5381806424878376,True,True,False
529,2,turn 2,1,0.5576663295396063,1,0.527882808668503,0.45861403010037666,0.5240866501700101,0.5096399440204498,0.52609900371655,True,False,True
529,3,turn 3,2,0.6280417106670471,1,0.5649302905902105,0.5266207966817996,0.5601400392877751,0.5338093162355846,0.5632963453750764,True,True,False
529,4,turn 4,3,0.7084497581561244,1,0.5652235037020332,0.5900287619148956,0.5604245299539004,0.5340526549386526,0.5635873378825065,True,True,False
529,5,turn 5,4,0.6978719272068158,1,0.5286947617167179,0.6151597328866454,0.524623301167819,0.5099999996439545,0.5267687063811999,True,True,False
530,3,turn 3,1,0.5842225355216766,1,0.5643750182158742,0.4846523861490204,0.5598519308566408,0.5336307146229238,0.5628791699135508,True,False,True
530,4,turn 4,2,0.6753840632285291,1,0.5652235015997915,0.5458041224801575,0.5604245293654391,0.5340526545882078,0.5635873366756099,True,True,False
530,5,turn 5,3,0.5185937792380458,1,0.47812135762922414,0.43141289685164114,0.47601706534591937,0.4588596994772747,0.47711406694821834,True,True,False
530,6,turn 6,4,0.5990915368656821,0,0.5122936765906821,0.5110886259886367,0.5104362917658376,0.5099567767837904,0.5113458565714584,True,True,False
530,7,turn 7,5,0.510417240088839,0,0.5123011280304784,0.4311180151650293,0.5104439604841804,0.5099695036412654,0.5113533738192579,True,True,False
530,8,turn 8,6,0.7595982491182752,1,0.5652235042014738,0.6229881685979988,0.560424530442776,0.5340526553750411,0.5635873383792755,True,True,False
530,9,turn 9,7,0.430594005476267,0,0.5123031539124779,0.3770732886517265,0.5104461143132135,0.5099784818461219,0.5113554394251043,True,True,False
530,10,turn 10,8,0.3767303552181258,0,0.5123037047626582,0.3446597861427637,0.510446719297647,0.5099848162881371,0.5113560070756115,True,True,False
531,1,turn 1,1,0.6256241991508116,0,0.4835549313077242,0.32783360129643696,0.48148357517207163,0.509672853103164,0.5249125418066412,True,False,True
531,2,turn 2,2,0.32783360129643696,1,0.5341864689753449,0.32703722518928285,0.5342793348128781,0.5099993334659277,0.525340526725242,True,True,False
531,3,turn 3,3,0.6492193769411988,1,0.8794162427013019,0.6479515731036988,0.865958757366163,0.509999999998693,0.5253414285740687,True,True,False
531,4,turn 4,4,0.9069501088684649,0,0.879707737011956,0.9064357070042586,0.8662368483476639,0.51,0.5253414285757855,True,True,False
531,5,turn 5,5,0.3332683303989087,0,0.8797073266201667,0.33322856838877324,0.866236511017852,0.51,0.5253414285757855,True,True,False
531,6,turn 6,6,0.32704538616011664,0,0.879705789898713,0.3270453259690457,0.8662353828352648,0.51,0.5253414285757855,True,True,False
531,7,turn 7,7,0.3270360525241714,0,0.8797000357031766,0.32703605243472716,0.8662316097266902,0.51,0.5253414285757855,True,True,False
531,8,turn 8,8,0.32703603865453446,1,0.8796784906408135,0.32703603865440156,0.8662189913554664,0.51,0.5253414285757855,True,True,False
531,9,turn 9,9,0.647949679573864,0,0.8797078714749677,0.6479496795736519,0.8662369829253543,0.51,0.5253414285757855,True,True,False
531,10,turn 10,10,0.327947594801636,0,0.8797078301222737,0.3279475948016348,0.866236961107756,0.51,0.5253414285757855,True,True,False
532,8,turn 8,1,0.5536171034356602,1,0.5390198071604467,0.4605511979486163,0.5356768109700025,0.5176047166436731,0.5379166098949756,True,False,True
532,9,turn 9,2,0.5758424764012664,0,0.5037095129268393,0.49178432622034146,0.5011584498776023,0.48444918808126736,0.5016282195731563,True,True,False
532,10,turn 10,3,0.48502649669023223,1,0.5167508010313692,0.4153211284356219,0.5141615454282139,0.4951152833214427,0.514646080482899,True,True,False
534,1,turn 1,1,0.5098527702853833,1,0.4898258148828784,0.42976493356195017,0.48821356218898826,0.4704132481054275,0.489309614082247,True,False,True
534,2,turn 2,2,0.5858168094968869,1,0.509989305063663,0.5096609990099064,0.5099888629149784,0.509956063600169,0.509989169468161,True,True,False
537,1,turn 1,1,0.6503808800115796,1,0.6286038108889893,0.5854389380252525,0.6232141717154663,0.5182393422673016,0.5627047168418411,True,False,True
537,2,turn 2,2,0.6884414641793661,0,0.6292318105173355,0.6207567504372976,0.6238249982425911,0.518457485727234,0.5630918010966396,True,True,False
537,3,turn 3,3,0.6206119235556451,0,0.6292318115136316,0.56475222450042,0.6238249992199029,0.5184574861445356,0.5630918017578542,True,True,False
537,4,turn 4,4,0.5646700851630785,1,0.6292318115163561,0.5337275409856411,0.623824999222535,0.518457486145408,0.5630918017594526,True,True,False
539,1,turn 1,1,0.5842225355216766,1,0.5643750182158742,0.4846523861490204,0.5598519308566408,0.5336307146229238,0.5628791699135508,True,False,True
539,2,turn 2,2,0.6753840632285291,1,0.5652235015997915,0.5458041224801575,0.5604245293654391,0.5340526545882078,0.5635873366756099,True,True,False
539,3,turn 3,3,0.4849659518047098,1,0.4441669426768099,0.42633274603748256,0.44618276853082856,0.44864575889120334,0.44529014760387753,True,True,False
539,4,turn 4,4,0.6241534783849074,0,0.5315225250108273,0.5575657850241577,0.5186972773255799,0.5099555346238884,0.5246325846470707,True,True,False
539,5,turn 5,5,0.6356993579450219,1,0.5313453632820861,0.5615672098214921,0.5264987218703936,0.5098579365589275,0.527246534512064,True,True,False
541,2,turn 2,1,0.6093675968203747,0,0.5772446514764276,0.4688013881281604,0.5743153816913991,0.5406824835101747,0.5708185654671403,True,False,True
541,3,turn 3,2,0.4688013881281604,1,0.5789895469085705,0.44327810942521895,0.5760559022622063,0.5424827496566866,0.5725475006008094,True,True,False
541,4,turn 4,3,0.560414746085867,1,0.5462500120219188,0.47585604636896156,0.5432346204415384,0.5257538092312293,0.545252779805382,True,True,False
542,2,turn 2,1,0.5424555169351174,1,0.4825424164583474,0.4500617647560605,0.4786423565542151,0.4638407633680588,0.5042899003607829,True,False,True
542,3,turn 3,2,0.5608361547800811,1,0.47914977420482935,0.5045409851082175,0.4784891640473698,0.469218141518994,0.47778799965757096,True,True,False
543,2,turn 2,1,0.569202951954129,1,0.5537740769935463,0.4741740115525761,0.5493193851730028,0.525608777976319,0.5523001522529192,True,False,True
543,3,turn 3,2,0.5707089613050358,0,0.5191492400069456,0.484789299303415,0.5159155103082886,0.5044361350209005,0.5164196831438266,True,True,False
543,4,turn 4,3,0.48102492097445165,0,0.5241019320374072,0.4186251988536936,0.5208569729522226,0.5095366152554028,0.5213598203477345,True,True,False
543,5,turn 5,4,0.4162658927289453,0,0.52438494763165,0.3823773513146476,0.5211469373999436,0.5099595722328988,0.5216450254088395,True,True,False
545,2,turn 2,1,0.5536525903192294,0,0.5140944628198516,0.44643101251385653,0.5103968262916027,0.5096370919671118,0.5122073914024963,True,False,True
545,3,turn 3,2,0.40539287548155584,1,0.31334934793388913,0.2529860588332981,0.3109620655493146,0.29445041172450437,0.3081173016031641,True,True,False
545,4,turn 4,3,0.44643101251385653,0,0.5146067655203532,0.38945447693579716,0.5108928969559599,0.5099992606595668,0.512711410031713,True,True,False
545,5,turn 5,4,0.38945447693579716,0,0.5146078187894473,0.3673202248715616,0.5108939091503096,0.5099999984926531,0.5127124422604369,True,True,False
545,6,turn 6,5,0.4298787837404675,0,0.5082776092037633,0.407877195761353,0.5064356014595439,0.5054447533519864,0.5073961121674325,True,True,False
545,7,turn 7,6,0.4333281280467337,0,0.5046824093114083,0.38852032196957176,0.5028214997914691,0.5017962663228646,0.5037392136010562,True,True,False
548,2,turn 2,1,0.5868286604664088,1,0.49956284204729423,0.4105878626333997,0.49908978495410855,0.4731805843667376,0.5177770668464451,True,False,True
548,3,turn 3,2,0.5768656981161919,0,0.5212856357289809,0.4846373226390598,0.5191266731760178,0.5097817388018878,0.5205705930600028,True,True,False
548,4,turn 4,3,0.4919270839708739,1,0.4760740980257986,0.420780928388623,0.47581862251466,0.4590410910395527,0.47601034256244934,True,True,False
550,2,turn 2,1,0.5230116713496439,1,0.5136645961050191,0.4364500097482123,0.5115016910833643,0.5015787186644225,0.5129540498764003,True,False,True
550,3,turn 3,2,0.5490512897851063,1,0.47607366467383416,0.4662260820539289,0.47581817847327224,0.45904043995405186,0.476009905841145,True,True,False
550,4,turn 4,3,0.6397822073446333,1,0.5192723369934705,0.5558789131493608,0.5168342484374694,0.5099711844352282,0.518351800941515,True,True,False
551,2,turn 2,1,0.4948490674504046,1,0.4746352098529024,0.4338282169286991,0.4743748670185114,0.45741884957528944,0.4745672715235497,True,False,True
551,3,turn 3,2,0.5703649964019764,1,0.5396596481859662,0.4881301648551185,0.536081821662527,0.521722714160844,0.5373514273079385,True,True,False
552,2,turn 2,1,0.43228002586295855,1,0.3930908993219102,0.39673856372832184,0.39275389010666306,0.37595253199373857,0.39304490598614,True,False,True
552,3,turn 3,2,0.5230116713496439,1,0.5136645961050191,0.4364500097482123,0.5115016910833643,0.5015787186644225,0.5129540498764003,True,True,False
552,4,turn 4,3,0.5570660075804235,1,0.5099795332182545,0.5032646151013805,0.5099786732836484,0.5099135542796718,0.5099792697479724,True,True,False
552,5,turn 5,4,0.6395827473726294,1,0.5239182773627294,0.5287046639162883,0.520261562316084,0.5099992860334048,0.5225376011600484,True,True,False
552,6,turn 6,5,0.6011093524756507,1,0.5099999946475422,0.5701469539594153,0.5099999942384074,0.5099999413202007,0.5099999945207279,True,True,False
554,1,turn 1,1,0.5915779992290713,0,0.5523745506948247,0.47686715429473403,0.5482270159896108,0.5097237823680278,0.5349078644063989,True,False,True
554,2,turn 2,2,0.47686715429473403,0,0.5529249835950345,0.3862524878289665,0.5487609338540805,0.5099994372027445,0.5353937671292348,True,True,False
556,1,turn 1,1,0.5282414614445144,0,0.5009964863218389,0.4585130839530498,0.500557524161112,0.4849719516870475,0.5013770812107868,True,False,True
556,2,turn 2,2,0.4585130839530498,0,0.5301221582087133,0.44078609414324127,0.5271706327011907,0.507287101593708,0.5292349706506826,True,True,False
556,3,turn 3,3,0.44078609414324127,0,0.5422645070594532,0.4335788024214258,0.5376688034084535,0.5163740125961397,0.5405500782801825,True,True,False
557,1,turn 1,1,0.4835349681568623,0,0.44214825243859673,0.41639478118942574,0.44163730440023613,0.4080823069874376,0.44202074249394036,True,False,True
557,2,turn 2,2,0.46162716953483995,1,0.49427571662229886,0.38812978889667316,0.4939487889125945,0.47202718488825035,0.4941801433039438,True,True,False
557,3,turn 3,3,0.5768656981161919,1,0.5212856357289809,0.4846373226390598,0.5191266731760178,0.5097817388018878,0.5205705930600028,True,True,False
559,1,turn 1,1,0.4362872282861178,0,0.40736164922803625,0.39666245833784997,0.4070014142117704,0.39917212911878713,0.4071660527844929,True,False,True
559,2,turn 2,2,0.47762779482900397,1,0.4560173117780126,0.4397940918422059,0.4558932907364657,0.4509108047742998,0.45571506194620603,True,True,False
560,1,turn 1,1,0.4835349681568623,1,0.44214825243859673,0.41639478118942574,0.44163730440023613,0.4080823069874376,0.44202074249394036,True,False,True
560,2,turn 2,2,0.5570660075804235,0,0.5099795332182545,0.5032646151013805,0.5099786732836484,0.5099135542796718,0.5099792697479724,True,True,False
561,1,turn 1,1,0.5509294483275525,1,0.5381360247082109,0.45713591470252285,0.5349769232771976,0.5202586901669682,0.5372252745164328,True,False,True
561,2,turn 2,2,0.6602050673838643,1,0.5451672862197383,0.5314279013468122,0.54100649748412,0.5260346273147055,0.5438083029058872,True,True,False
561,3,turn 3,3,0.5803152201995405,1,0.5403854121477317,0.47161506388587665,0.5364789569873334,0.5136484737985314,0.5376862300808994,True,True,False
562,1,turn 1,1,0.5740325537875275,1,0.5476148330838667,0.4719119282706325,0.543366896001628,0.5256328404043198,0.5459885770765326,True,False,True
562,2,turn 2,2,0.5824910167018739,1,0.5383314987145982,0.4699247985680948,0.5351665833289735,0.5204209157353838,0.5374192687167885,True,True,False
562,3,turn 3,3,0.5623260171539015,1,0.4783780362008533,0.46765370903265924,0.4762656073241315,0.45904115313767324,0.4773665929444424,True,True,False
562,4,turn 4,4,0.710532088825009,1,0.5146078209616757,0.6070531876678076,0.5108939112219434,0.5099999999999986,0.5127124443809749,True,True,False
563,1,turn 1,1,0.5251409602987674,1,0.47766081477357186,0.4226915975318173,0.4750211543342635,0.4544115579729328,0.4581910106207936,True,False,True
563,2,turn 2,2,0.6264989544842573,0,0.53329302126464,0.5464337041799368,0.5306953587040372,0.5099456539688801,0.5137320851485327,True,True,False
563,3,turn 3,3,0.5135310175067956,1,0.5333106015532033,0.4195461252285178,0.5307124847659427,0.5099626372544476,0.5137495823566973,True,True,False
564,2,turn 2,1,0.4835349681568623,0,0.44214825243859673,0.41639478118942574,0.44163730440023613,0.4080823069874376,0.44202074249394036,True,False,True
564,3,turn 3,2,0.41639478118942574,0,0.4937944355834495,0.35657682065660923,0.49314848946418754,0.45046183713076515,0.49359430378674296,True,True,False
564,4,turn 4,3,0.35657682065660923,1,0.5057346058551875,0.3137983871402421,0.5054239143595385,0.4725368113571498,0.5056375306715106,True,True,False
564,5,turn 5,4,0.43826401740565646,1,0.5099988751543584,0.3765810588248656,0.5099987525908627,0.5099725583152099,0.50999883704235,True,True,False
564,6,turn 6,5,0.522599280323967,0,0.5099999997058423,0.4622995954031115,0.5099999996630151,0.5099999813745986,0.5099999996926271,True,True,False
564,7,turn 7,6,0.4589414276782614,0,0.5099999999200154,0.39586011024663975,0.5099999999053435,0.5099999868563281,0.5099999999155294,True,True,False
565,1,turn 1,1,0.5842225355216766,1,0.5643750182158742,0.4846523861490204,0.5598519308566408,0.5336307146229238,0.5628791699135508,True,False,True
565,2,turn 2,2,0.5969889212332875,1,0.5216724296145078,0.4886085096658993,0.5182207973556793,0.4964561770327413,0.5203507018119141,True,True,False
566,1,turn 1,1,0.5536171034356602,0,0.5390198071604467,0.4605511979486163,0.5356768109700025,0.5176047166436731,0.5379166098949756,True,False,True
566,2,turn 2,2,0.46514795199026554,1,0.5238825997436671,0.43083262591566446,0.5204119565210718,0.4989590658812852,0.5226588910452117,True,True,False
567,1,turn 1,1,0.5536525903192294,0,0.5140944628198516,0.44643101251385653,0.5103968262916027,0.5096370919671118,0.5122073914024963,True,False,True
567,2,turn 2,2,0.44643101251385653,0,0.5146067655203532,0.38945447693579716,0.5108928969559599,0.5099992606595668,0.512711410031713,True,True,False
567,3,turn 3,3,0.38945447693579716,1,0.5146078187894473,0.3673202248715616,0.5108939091503096,0.5099999984926531,0.5127124422604369,True,True,False
567,4,turn 4,4,0.4265956911373304,1,0.5146078209616733,0.38300841246083583,0.5108939112219412,0.509999999999997,0.5127124443809726,True,True,False
567,5,turn 5,5,0.46948602855158955,0,0.4219128594664201,0.4055787525137436,0.42116962202482977,0.36960411221572165,0.420979508746591,True,True,False
567,6,turn 6,6,0.48957231550794983,0,0.5146078209616776,0.4144218935238866,0.5108939112219453,0.51,0.5127124443809767,True,True,False
567,7,turn 7,7,0.4055787525137436,0,0.48364320492600144,0.3430445388218295,0.4825533984213349,0.39258823004497195,0.48211044591923585,True,True,False
567,8,turn 8,8,0.40950131582562665,0,0.5146078209616776,0.3764893804352334,0.5108939112219453,0.51,0.5127124443809767,True,True,False
568,1,turn 1,1,0.41714436008408856,0,0.3843770412365381,0.39080625922104667,0.3840623000433602,0.38586821771423474,0.38410308363099,True,False,True
568,2,turn 2,2,0.39080625922104667,0,0.4503965425390846,0.3680432302665924,0.4487064062255586,0.41803058002037136,0.44695629280308485,True,True,False
568,3,turn 3,3,0.5154217249079588,0,0.393871056784833,0.3721900044238745,0.3921556693433155,0.3560344408248195,0.3853640496888764,True,True,False
568,4,turn 4,4,0.3680432302665924,0,0.47527983611793445,0.35051254143050464,0.47353282122913326,0.43371078537393104,0.47149476152669617,True,True,False
568,5,turn 5,5,0.3721900044238745,0,0.45618994723143214,0.2841876947993091,0.45434504590326674,0.37914407602714084,0.4459087675924845,True,True,False
569,2,turn 2,1,0.4849659518047098,0,0.4441669426768099,0.42633274603748256,0.44618276853082856,0.44864575889120334,0.44529014760387753,True,False,True
569,3,turn 3,2,0.42633274603748256,1,0.48726630728981024,0.3963518657356523,0.485779230852973,0.48187854072493197,0.48662293972012305,True,True,False
570,1,turn 1,1,0.6295034081389131,1,0.5906546385697977,0.5073032960756115,0.5860572056876188,0.5098104727689439,0.5576083374103017,True,False,True
570,2,turn 2,2,0.4499071407235263,1,0.4081938374861825,0.41131463037526717,0.4118030075851453,0.39786836640136625,0.4101968231495996,True,True,False
571,2,turn 2,1,0.5163637498735145,1,0.4995541566713986,0.44268295094010524,0.49841630731127484,0.4987639640461511,0.498376106628325,True,False,True
571,3,turn 3,2,0.495928593306387,0,0.39727385477213534,0.37998922044314615,0.40577771341349655,0.391392797481865,0.41002328218438394,True,True,False
571,4,turn 4,3,0.41119424885614037,0,0.3564448572461227,0.3791785244307586,0.355749365057252,0.3367737401508503,0.3556311214328763,True,True,False
571,5,turn 5,4,0.6298492033098506,0,0.5198118094974555,0.5700877867297844,0.5135701169280678,0.5099987614109771,0.5115410839653558,True,True,False
571,6,turn 6,5,0.4055787525137436,0,0.48364320492600144,0.3430445388218295,0.4825533984213349,0.39258823004497195,0.48211044591923585,True,True,False
571,7,turn 7,6,0.34883908041834166,1,0.4052970119178978,0.32295078879337835,0.40490817817162295,0.3695156500673211,0.4048964951402044,True,True,False
571,8,turn 8,7,0.4362664700442753,1,0.46911396966189567,0.3280044495553175,0.4678202513456732,0.38447850842031467,0.45966033389947014,True,True,False
571,9,turn 9,8,0.5934555795290444,0,0.6538297467227201,0.4736365683642817,0.6445381198911968,0.5097991962793054,0.5922794835935331,True,True,False
571,10,turn 10,9,0.390410972098382,0,0.44032166686076724,0.3588971495219067,0.4381058692889696,0.4217893257412572,0.43699691203014407,True,True,False
571,11,turn 11,10,0.3586782749911876,0,0.4641865213906257,0.3310327654023729,0.46166435970795283,0.4424748874254005,0.4603507206926212,True,True,False
571,12,turn 12,11,0.33086010368502716,1,0.47701834539375093,0.3101074716715471,0.4745013305165456,0.4554891833541103,0.4731710240021536,True,True,False
572,1,turn 1,1,0.46948602855158955,0,0.4219128594664201,0.4055787525137436,0.42116962202482977,0.36960411221572165,0.420979508746591,True,False,True
572,2,turn 2,2,0.4055787525137436,0,0.48364320492600144,0.3430445388218295,0.4825533984213349,0.39258823004497195,0.48211044591923585,True,True,False
572,3,turn 3,3,0.3430445388218295,1,0.501170906831694,0.29363099760843997,0.5005136002275329,0.40809416521714337,0.5002310038922813,True,True,False
572,4,turn 4,4,0.43927609551661384,1,0.5099969497308966,0.37489801638001596,0.5099966068861255,0.5098682217316521,0.5099964538315607,True,True,False
572,5,turn 5,5,0.5230818571055008,1,0.5099999989644323,0.4717801581807199,0.5099999988089114,0.5099998636073453,0.5099999987373812,True,True,False
573,1,turn 1,1,0.4353308745544102,0,0.3861045430295568,0.3915683842653018,0.39149675272284734,0.3800850885837357,0.39673891721802806,True,False,True
573,2,turn 2,2,0.3915683842653018,0,0.4552235097253775,0.3519940405606274,0.4582254111405966,0.40452938968987084,0.45919966680315866,True,True,False
573,3,turn 3,3,0.3519940405606274,0,0.4810956438546107,0.3222099124830292,0.4829356722045218,0.41746193082535205,0.481870419878375,True,True,False
573,4,turn 4,4,0.3222099124830292,1,0.49365991889295324,0.3026011299545944,0.4946784807546827,0.42566061006466976,0.492396761345255,True,True,False
574,1,turn 1,1,0.5105879320752794,0,0.4807452459207405,0.43902876253656997,0.480039634607375,0.4730215194838617,0.4774887269780461,True,False,True
574,2,turn 2,2,0.43902876253656997,0,0.5116386770746555,0.4006941148044155,0.5088780398034278,0.47563807531157765,0.5035727466940064,True,True,False
575,2,turn 2,1,0.5163637498735145,0,0.4995541566713986,0.44268295094010524,0.49841630731127484,0.4987639640461511,0.498376106628325,True,False,True
575,3,turn 3,2,0.44952867700633825,0,0.45608564121464557,0.38803962253769586,0.4528235715114457,0.45944311294075074,0.43836641166069756,True,True,False
575,4,turn 4,3,0.47651049835422593,0,0.4320305559525084,0.41098676685158464,0.431403463212533,0.3888432096015796,0.4315001256202657,True,True,False
575,5,turn 5,4,0.41098676685158464,0,0.48871882025472546,0.34981067973921937,0.4878509439427612,0.4215250335878685,0.4878523748529894,True,True,False
576,2,turn 2,1,0.5230116713496439,1,0.5136645961050191,0.4364500097482123,0.5115016910833643,0.5015787186644225,0.5129540498764003,True,False,True
576,3,turn 3,2,0.4835349681568623,0,0.44214825243859673,0.41639478118942574,0.44163730440023613,0.4080823069874376,0.44202074249394036,True,True,False
576,4,turn 4,3,0.41639478118942574,0,0.4937944355834495,0.35657682065660923,0.49314848946418754,0.45046183713076515,0.49359430378674296,True,True,False
576,5,turn 5,4,0.6145676114133503,0,0.5099990769090716,0.5160573829184321,0.5099990525463083,0.5099985729206662,0.5099990691883496,True,True,False
576,6,turn 6,5,0.35657682065660923,0,0.5057346058551875,0.3137983871402421,0.5054239143595385,0.4725368113571498,0.5056375306715106,True,True,False
577,2,turn 2,1,0.5061631667439468,0,0.5071221672672082,0.45126165266797247,0.5071124296367867,0.5067553921631414,0.507113800553159,True,False,True
577,3,turn 3,2,0.45126165266797247,0,0.5099670046534607,0.40100339282471975,0.509965940822279,0.5099278800735872,0.5099649861169733,True,True,False
577,4,turn 4,3,0.40100339282471975,1,0.509999619500752,0.36307279482195753,0.5099995959293169,0.5099983865679233,0.5099995727581765,True,True,False
577,5,turn 5,4,0.5068595578802542,1,0.49475699766114817,0.41968275713673703,0.4947490883610015,0.4935925326457355,0.49476598282114465,True,True,False
577,6,turn 6,5,0.4582633668088439,1,0.5099999999957797,0.40710712221772904,0.5099999999953894,0.5099999999652806,0.5099999999949859,True,True,False
577,7,turn 7,6,0.5490512897851063,1,0.47607366467383416,0.4662260820539289,0.47581817847327224,0.45904043995405186,0.476009905841145,True,True,False
578,3,turn 3,1,0.6667399367269141,0,0.6060615168171757,0.5045382023548977,0.5998961219147865,0.518026204239557,0.5587344550754773,True,False,True
578,4,turn 4,2,0.5097347098569722,1,0.6078743560715167,0.4740574945970466,0.602155467536754,0.5224455811810251,0.5837766249519343,True,True,False
578,5,turn 5,3,0.41083609438587304,0,0.34379438523382866,0.3296102691972034,0.34646538815968453,0.3410524187698996,0.34324510270421144,True,True,False
578,6,turn 6,4,0.3296102691972034,0,0.4296679282416714,0.2829266005792024,0.4274545235415162,0.3853802975525557,0.42381294463278657,True,True,False
579,2,turn 2,1,0.5098527702853833,1,0.4898258148828784,0.42976493356195017,0.48821356218898826,0.4704132481054275,0.489309614082247,True,False,True
579,3,turn 3,2,0.4733110221913762,1,0.45391399407524113,0.42597016671055987,0.4543041735211193,0.44906775123913845,0.45168928722848917,True,True,False
579,4,turn 4,3,0.6395827473726294,1,0.5239182773627294,0.5287046639162883,0.520261562316084,0.5099992860334048,0.5225376011600484,True,True,False
579,5,turn 5,4,0.680669292845305,1,0.5192723693312342,0.5978365392659325,0.5168342547286424,0.5099711847198464,0.5183518192921174,True,True,False
579,6,turn 6,5,0.5352976905136201,1,0.46595642705698115,0.4878628532365794,0.46558480813161857,0.43980202676796115,0.46548975163365947,True,True,False
580,2,turn 2,1,0.4866268515295687,0,0.4529393698553883,0.41388543027996877,0.4525186715953558,0.4237596506162982,0.4525887446872254,True,False,True
580,3,turn 3,2,0.41388543027996877,0,0.49551153723088204,0.3586521128471538,0.49492501837420194,0.45055349729286925,0.49493137841176266,True,True,False
583,2,turn 2,1,0.4604550620825972,0,0.4191483326076018,0.3751128444440723,0.4181922205503082,0.40114074180632925,0.41740594135178005,True,False,True
583,3,turn 3,2,0.38170726719529546,1,0.3304850861590572,0.36967972234858343,0.32998298298667206,0.3281799550789563,0.32999430834345916,True,True,False
584,2,turn 2,1,0.4493651583959483,0,0.39050655710069354,0.4078960563848179,0.393605617654605,0.39641562689592025,0.3829932966552876,True,False,True
584,3,turn 3,2,0.5007378427662063,1,0.4736737242697391,0.4303148847979847,0.47266741221579317,0.4557106801026746,0.47257724066774703,True,True,False
586,2,turn 2,1,0.5284128592768832,0,0.48620798405012006,0.4413009153687307,0.4839412100999332,0.45124584170005555,0.48459317785058253,True,False,True
586,3,turn 3,2,0.4413009153687307,1,0.5148213648909763,0.3831339355469776,0.5124260202826768,0.4677693727563482,0.5130329639319394,True,True,False
586,4,turn 4,3,0.5536171034356602,0,0.5390198071604467,0.4605511979486163,0.5356768109700025,0.5176047166436731,0.5379166098949756,True,True,False
586,5,turn 5,4,0.4605511979486163,1,0.5443161865699346,0.43444208709722415,0.5401056195512807,0.5216782556047471,0.5428184281830295,True,True,False
587,2,turn 2,1,0.4881727932159219,0,0.4583349285637841,0.4126307548252403,0.45795935519291564,0.4315983224307286,0.45787274578386783,True,False,True
587,3,turn 3,2,0.4126307548252403,0,0.49637008805459826,0.35968975894242605,0.4958132828292091,0.4505993273739213,0.49559991572427253,True,True,False
587,4,turn 4,3,0.41328975348934593,1,0.4716595796351454,0.35501288939893283,0.4710754523138845,0.4080882361022905,0.47112587319311083,True,True,False
588,2,turn 2,1,0.4499071407235263,0,0.4081938374861825,0.41131463037526717,0.4118030075851453,0.39786836640136625,0.4101968231495996,True,False,True
588,3,turn 3,2,0.569202951954129,1,0.5537740769935463,0.4741740115525761,0.5493193851730028,0.525608777976319,0.5523001522529192,True,True,False
588,4,turn 4,3,0.4922179593017584,0,0.48683956306789655,0.43918696267119306,0.48572579405869654,0.47206189404094323,0.485593537870299,True,True,False
590,2,turn 2,1,0.49519726301855826,0,0.46845262504987245,0.41803876916308136,0.46819319638061885,0.45083741981658654,0.4683933626575425,True,False,True
590,3,turn 3,2,0.4794232709778853,1,0.5208345828660426,0.4147761207113551,0.5186637305214052,0.50908766469299,0.5201157512304826,True,True,False
590,4,turn 4,3,0.4662260820539289,0,0.5018971912189435,0.4033310528453897,0.5015742167526958,0.48023085991889847,0.5017971248564206,True,True,False
590,5,turn 5,4,0.3908719481222147,1,0.5078673013043928,0.35184498477381176,0.5077119554264746,0.49126840054539556,0.5078187636693745,True,True,False
590,6,turn 6,5,0.45387502297862303,1,0.46595586731038924,0.3910799056693046,0.46558418730784623,0.4397883352654658,0.46548917289447056,True,True,False
591,2,turn 2,1,0.5230116713496439,0,0.5136645961050191,0.4364500097482123,0.5115016910833643,0.5015787186644225,0.5129540498764003,True,False,True
591,3,turn 3,2,0.5842225355216766,1,0.5643750182158742,0.4846523861490204,0.5598519308566408,0.5336307146229238,0.5628791699135508,True,True,False
591,4,turn 4,3,0.5497075963446125,1,0.5343118794629658,0.4763784042836948,0.5322691896922191,0.5092746811684985,0.5326224243587692,True,True,False
591,5,turn 5,4,0.537290133466562,1,0.47581975111276265,0.43073827484879246,0.47557055685319194,0.458902556857373,0.4758209113036025,True,True,False
591,6,turn 6,5,0.6855264852090047,1,0.5386211782032793,0.5633271946689035,0.5365552745871851,0.51401446316882,0.5368584781925412,True,True,False
592,2,turn 2,1,0.5230116713496439,0,0.5136645961050191,0.4364500097482123,0.5115016910833643,0.5015787186644225,0.5129540498764003,True,False,True
592,3,turn 3,2,0.6264684476679736,1,0.5427685621879038,0.4467173405341628,0.5383783273875246,0.4863797684882665,0.5654882675742982,True,True,False
592,4,turn 4,3,0.754385056448821,1,0.7599226023172362,0.588693300235859,0.7474111380189862,0.555388457233527,0.5911866222656605,True,True,False
592,5,turn 5,4,0.6007973219815856,0,0.5431583166967426,0.4417088658658644,0.5383822962507929,0.5133931497152249,0.531848929085345,True,True,False
592,6,turn 6,5,0.6369317449044598,1,0.60449637626443,0.5396409078769846,0.5996647442948757,0.5223601768832286,0.5890834015630286,True,True,False
592,7,turn 7,6,0.4417088658658644,1,0.5436995752013682,0.4129106184572806,0.5389063426402418,0.5137737450178522,0.532353828666793,True,True,False
593,2,turn 2,1,0.5113027630114341,0,0.4786065333815948,0.4523275997563527,0.4781299788238835,0.469004365002313,0.4773438731641808,True,False,True
593,3,turn 3,2,0.4523275997563527,0,0.5077099033108553,0.4124680777989367,0.5047206494806336,0.4912521713756506,0.505173904759943,True,True,False
593,4,turn 4,3,0.4124680777989367,0,0.5198521397487018,0.39050458296360985,0.5152187113300094,0.5003389094475371,0.5164888859729679,True,True,False
593,5,turn 5,4,0.39050458296360985,1,0.5262633491981914,0.3798087151398711,0.5203307902073884,0.5047598560756543,0.5222360023645796,True,True,False
594,2,turn 2,1,0.4989684099674263,0,0.37938641592208305,0.3921623727907024,0.37796981846675587,0.36950914393173623,0.3954195085253849,True,False,True
594,3,turn 3,2,0.40099953909074143,1,0.4404903955715582,0.3589012352485523,0.4398574545662041,0.3956242747252589,0.4399246063947728,True,True,False
594,4,turn 4,3,0.45201286531838275,0,0.4454790500466031,0.36547665795369877,0.4430275318388859,0.4328071029683586,0.43093092125007265,True,True,False
594,5,turn 5,4,0.45166209475684777,1,0.5099460347605383,0.406333001774446,0.5099444029827512,0.5098783100493988,0.5099456189689078,True,True,False
595,2,turn 2,1,0.5230116713496439,1,0.5136645961050191,0.4364500097482123,0.5115016910833643,0.5015787186644225,0.5129540498764003,True,False,True
595,3,turn 3,2,0.5347552487713865,1,0.4864231655382922,0.46123793892527676,0.486249595527777,0.47494542402374834,0.48637787074514965,True,True,False
595,4,turn 4,3,0.7483562109320926,1,0.6146929023499808,0.44642160091903343,0.611434489111253,0.5654773415479817,0.6360545196763605,True,True,False
595,5,turn 5,4,0.5585311786859335,0,0.5099897505587996,0.5080318911578143,0.5099893200733587,0.5099567420061464,0.5099896178411871,True,True,False
595,6,turn 6,5,0.5077163410160535,1,0.5099972173655639,0.4475752541428131,0.5099970046776241,0.5099695028558817,0.50999715142193,True,True,False
596,2,turn 2,1,0.49519726301855826,1,0.46845262504987245,0.41803876916308136,0.46819319638061885,0.45083741981658654,0.4683933626575425,True,False,True
596,3,turn 3,2,0.5132760180660065,0,0.4659461963423373,0.4544216838075621,0.4655741476542391,0.4397588332476967,0.4654793892472817,True,True,False
596,4,turn 4,3,0.4541456225034568,0,0.49681882001366795,0.39004566765655746,0.4962737040848698,0.4512636186644772,0.4960523745893982,True,True,False
596,5,turn 5,4,0.3897455565746453,0,0.5055846968474882,0.3335440583618062,0.5052559588160095,0.45902556445469517,0.5051147191807586,True,True,False
596,6,turn 6,5,0.3332900290754317,1,0.508469032095516,0.29290812100389724,0.5083014178032992,0.46460245872746264,0.5082268362740755,True,True,False
