dialogue_idx,turn,unit,real_rank,original_bkt_pred,correct,solution_bkt_pred,in_all_real_evaluation,in_paper_matched_evaluation
0,2,turn 2,1,0.5803152201995405,0,0.5403854121477317,True,False
0,3,turn 3,2,0.6574138466865049,1,0.6072692808134408,True,True
1,2,turn 2,1,0.5185937792380458,1,0.47812135762922414,True,False
1,3,turn 3,2,0.5990915368656821,0,0.5122936765906821,True,True
1,4,turn 4,3,0.510417240088839,0,0.5123011280304784,True,True
1,5,turn 5,4,0.43644657432746115,0,0.5099984868632825,True,True
1,6,turn 6,5,0.3891709680119896,0,0.4116744682487639,True,True
1,7,turn 7,6,0.32469565732229944,0,0.5099998881262624,True,True
1,8,turn 8,7,0.2735403894664449,0,0.4547049885022241,True,True
2,2,turn 2,1,0.5051697904169591,0,0.4830806838921528,True,False
2,3,turn 3,2,0.4261595906700561,1,0.5101557752129557,True,True
2,4,turn 4,3,0.4908976821708462,1,0.4760694083552499,True,True
3,2,turn 2,1,0.5452564091183569,1,0.5044123069571043,True,False
3,3,turn 3,2,0.6178809943569639,0,0.5386109453116792,True,True
3,4,turn 4,3,0.5269435371089854,1,0.5386183967514669,True,True
3,5,turn 5,4,0.5952138318193126,1,0.5386211784743097,True,True
4,2,turn 2,1,0.528272895876934,0,0.4925594922678087,True,False
4,3,turn 3,2,0.4774415690615898,1,0.5154429891385407,True,True
5,1,turn 1,1,0.472841962677468,0,0.43559981334132664,True,False
5,2,turn 2,2,0.5363836564584015,0,0.5657606770776988,True,True
5,3,turn 3,3,0.4714249363995151,1,0.5720039100463229,True,True
5,4,turn 4,4,0.509980173157941,0,0.5777432505481397,True,True
5,5,turn 5,5,0.4567946852416429,0,0.5777446998821647,True,True
5,7,turn 7,6,0.42844605066397695,1,0.5777454944202681,True,True
5,8,turn 8,7,0.44808913952157675,1,0.5777464580865294,True,True
6,1,turn 1,1,0.4353308745544102,0,0.3861045430295568,True,False
6,2,turn 2,2,0.3915683842653018,1,0.4552235097253775,True,True
6,3,turn 3,3,0.5090049677174819,1,0.5409291723961418,True,True
7,1,turn 1,1,0.4499071407235263,0,0.4081938374861825,True,False
7,2,turn 2,2,0.41131463037526717,0,0.4768601423213584,True,True
7,3,turn 3,3,0.3799130375960583,1,0.5010405721553216,True,True
7,4,turn 4,4,0.5155585683058119,0,0.5292754877510333,True,True
7,5,turn 5,5,0.4286269860614431,1,0.5292808441923789,True,True
7,6,turn 6,6,0.5641004260096627,1,0.5292928057204845,True,True
7,7,turn 7,7,0.6572147890122682,1,0.5292928126174168,True,True
8,1,turn 1,1,0.41366711582959464,0,0.36411193502297906,True,False
8,2,turn 2,2,0.3811507006476062,0,0.43760888177440194,True,True
8,3,turn 3,3,0.35235370593755116,0,0.4671151672699384,True,True
11,2,turn 2,1,0.4948490674504046,1,0.4746352098529024,True,False
11,3,turn 3,2,0.5585311786859335,1,0.5099897505587996,True,True
11,4,turn 4,3,0.5991992534347974,0,0.509999997323593,True,True
11,5,turn 5,4,0.5672917975319449,0,0.5099999992723034,True,True
11,6,turn 6,5,0.5197797791704266,0,0.5099999998021323,True,True
11,7,turn 7,6,0.46060263321228656,0,0.5099999999461977,True,True
11,8,turn 8,7,0.4014420743574637,0,0.5099999999853706,True,True
12,2,turn 2,1,0.5729643935512018,0,0.5598255382317422,True,False
12,3,turn 3,2,0.5226075184584227,0,0.49190970347787555,True,True
12,5,turn 5,3,0.4597292039617885,0,0.5404905526699983,True,True
12,6,turn 6,4,0.4295025474956208,1,0.543504205437702,True,True
12,7,turn 7,5,0.46438317730597056,1,0.49156447936367353,True,True
12,8,turn 8,6,0.5457413279875408,0,0.5209151846873744,True,True
12,9,turn 9,7,0.4783630370263747,0,0.5209229812059012,True,True
14,2,turn 2,1,0.4835349681568623,0,0.44214825243859673,True,False
14,3,turn 3,2,0.5391637848190336,1,0.5325721945488902,True,True
14,4,turn 4,3,0.5068595578802542,1,0.49475699766114817,True,True
14,5,turn 5,4,0.6145676114133503,0,0.5099990769090716,True,True
14,6,turn 6,5,0.5003191997848855,0,0.5099999436130005,True,True
14,7,turn 7,6,0.41639478118942574,0,0.4937944355834495,True,True
14,9,turn 9,7,0.35657682065660923,0,0.5057346058551875,True,True
15,2,turn 2,1,0.558814487872056,1,0.5307900888055082,True,False
15,3,turn 3,2,0.6280417106670471,0,0.5649302905902105,True,True
15,4,turn 4,3,0.5209742291883546,1,0.5652227948113004,True,True
15,5,turn 5,4,0.5848740090854218,1,0.5652235042002755,True,True
15,6,turn 6,5,0.6442846665030233,0,0.5380006465702297,True,True
15,7,turn 7,6,0.4791746561712005,1,0.55487782579277,True,True
15,8,turn 8,7,0.6250277017970948,1,0.6699544170347558,True,True
16,2,turn 2,1,0.5842225355216766,1,0.5643750182158742,True,False
16,3,turn 3,2,0.6753840632285291,1,0.5652235015997915,True,True
16,4,turn 4,3,0.6047526949209008,1,0.4867086708438282,True,True
16,5,turn 5,4,0.5821279490996488,0,0.5292083816383997,True,True
16,6,turn 6,5,0.4973546568960262,0,0.5292377431364463,True,True
16,7,turn 7,6,0.43449123640323417,0,0.5292552058082947,True,True
16,8,turn 8,7,0.39211938102437716,1,0.5292666342432631,True,True
17,2,turn 2,1,0.45482066585381853,0,0.40767134045134945,True,False
17,3,turn 3,2,0.4731164943425711,0,0.47271543903674296,True,True
17,4,turn 4,3,0.5056746130081845,0,0.517472376759843,True,True
17,5,turn 5,4,0.4733110221913762,0,0.45391399407524113,True,True
17,6,turn 6,5,0.4406557368385774,0,0.5366410499586396,True,True
17,7,turn 7,6,0.38569907460248143,0,0.5473044387514523,True,True
17,8,turn 8,7,0.4076104825142207,1,0.4725811572518947,True,True
18,2,turn 2,1,0.6093675968203747,1,0.5772446514764276,True,False
18,3,turn 3,2,0.569202951954129,0,0.5537740769935463,True,True
18,4,turn 4,3,0.49168193046920206,0,0.4574573174479527,True,True
18,5,turn 5,4,0.4741740115525761,1,0.5560559250321813,True,True
18,6,turn 6,5,0.5443200632914865,1,0.5560948603993845,True,True
18,7,turn 7,6,0.48819556549043464,1,0.5018972017413972,True,True
19,1,turn 1,1,0.41714436008408856,0,0.3843770412365381,True,False
19,2,turn 2,2,0.39080625922104667,0,0.4503965425390846,True,True
19,3,turn 3,3,0.5391526228418847,0,0.5114488533561082,True,True
19,4,turn 4,4,0.46820429556647486,0,0.5226801834004102,True,True
19,5,turn 5,5,0.4088395125766877,0,0.5241491643427495,True,True
19,6,turn 6,6,0.364586681772849,0,0.5243654418224755,True,True
19,7,turn 7,7,0.33386536710174725,1,0.5243976539665655,True,True
20,2,turn 2,1,0.5990115744280566,1,0.5380838056312702,True,False
20,3,turn 3,2,0.6855264852090047,1,0.5386211782032793,True,True
20,4,turn 4,3,0.7419766055667849,1,0.5386211792019506,True,True
20,5,turn 5,4,0.7813404622480133,1,0.567242358403905,True,True
20,6,turn 6,5,0.6495568474215031,1,0.5345948779271124,True,True
21,1,turn 1,1,0.5396006763799006,0,0.5196454962160767,True,False
21,2,turn 2,2,0.45171991459677824,0,0.5342118363726376,True,True
21,3,turn 3,3,0.4188690338091011,1,0.5367923523224959,True,True
22,1,turn 1,1,0.558814487872056,1,0.5307900888055082,True,False
22,2,turn 2,2,0.6256241991508116,1,0.4835549313077242,True,True
22,3,turn 3,3,0.6280417106670471,1,0.5649302905902105,True,True
22,4,turn 4,4,0.7084497581561244,1,0.5652235037020332,True,True
22,5,turn 5,5,0.7520063651271836,1,0.7230074278739705,True,True
23,1,turn 1,1,0.4849659518047098,0,0.4441669426768099,True,False
23,2,turn 2,2,0.42633274603748256,0,0.48726630728981024,True,True
23,3,turn 3,3,0.38945447693579716,1,0.5146078187894473,True,True
23,4,turn 4,4,0.4265956911373304,0,0.5146078209616733,True,True
23,5,turn 5,5,0.3812497307065112,0,0.5146078209616776,True,True
23,6,turn 6,6,0.38385893408836325,0,0.5054771797085666,True,True
23,7,turn 7,7,0.38062348858486394,1,0.515093981688395,True,True
23,8,turn 8,8,0.5698314268309123,0,0.5367151371557676,True,True
23,9,turn 9,9,0.4753741598539748,0,0.5316019304366493,True,True
23,10,turn 10,10,0.41707748943065137,0,0.5316049403953248,True,True
23,11,turn 11,11,0.3845661510380137,0,0.5316049525897308,True,True
23,12,turn 12,12,0.4064820770427297,1,0.5372603855478736,True,True
24,2,turn 2,1,0.5536525903192294,0,0.5140944628198516,True,False
24,3,turn 3,2,0.5230116713496439,1,0.5136645961050191,True,True
24,4,turn 4,3,0.44643101251385653,1,0.5146067655203532,True,True
24,5,turn 5,4,0.5189126368758927,1,0.5146078209596266,True,True
24,6,turn 6,5,0.6070531876678076,1,0.5146078209616776,True,True
25,3,turn 3,1,0.49519726301855826,0,0.46845262504987245,True,False
25,4,turn 4,2,0.4794232709778853,1,0.5208345828660426,True,True
25,5,turn 5,3,0.5903276331251703,1,0.5239187123354123,True,True
25,6,turn 6,4,0.5197074803109916,1,0.5018972177901636,True,True
25,7,turn 7,5,0.7451241725858005,1,0.523918787414839,True,True
25,8,turn 8,6,0.528458602710305,0,0.5120450429207263,True,True
25,9,turn 9,7,0.44173890450257103,1,0.512302787692487,True,True
26,2,turn 2,1,0.5536525903192294,1,0.5140944628198516,True,False
26,3,turn 3,2,0.6240474581153961,1,0.5406420907193608,True,True
26,4,turn 4,3,0.5842225355216766,1,0.5643750182158742,True,True
26,5,turn 5,4,0.6753840632285291,1,0.5652235015997915,True,True
26,6,turn 6,5,0.5970335284909356,1,0.47837803670013623,True,True
27,1,turn 1,1,0.6093675968203747,1,0.5772446514764276,True,False
27,2,turn 2,2,0.6821121997584809,1,0.5790069441958894,True,True
27,3,turn 3,3,0.38752628419610363,0,0.4733917560421089,True,True
27,5,turn 5,4,0.5860251978626791,0,0.4738636691396123,True,True
27,6,turn 6,5,0.7394690563206119,1,0.5790069607455891,True,True
27,7,turn 7,6,0.5863492273365709,0,0.4738645655783469,True,True
27,8,turn 8,7,0.5863500117555593,1,0.47386456728301274,True,True
27,9,turn 9,8,0.7492989705274453,1,0.7492467100183806,True,True
28,1,turn 1,1,0.5803152201995405,0,0.5403854121477317,True,False
28,2,turn 2,2,0.47161506388587665,1,0.540923909527227,True,True
28,3,turn 3,3,0.5352101416719194,1,0.5409250896806157,True,True
28,4,turn 4,4,0.6140337022586682,0,0.5409250896827913,True,True
28,5,turn 5,5,0.4961141986788081,1,0.5409250896827913,True,True
29,1,turn 1,1,0.38102508356905485,0,0.3440335462052237,True,False
29,2,turn 2,2,0.4920300981735348,0,0.4971104066692362,True,True
29,3,turn 3,3,0.43692295415179727,0,0.5151496497835859,True,True
29,4,turn 4,4,0.410253190134653,0,0.5243754926403762,True,True
29,5,turn 5,5,0.4011354751788351,0,0.5296670572461679,True,True
29,6,turn 6,6,0.39840650719474746,0,0.5328757967749922,True,True
29,7,turn 7,7,0.39762306921028184,0,0.5348874982805049,True,True
29,8,turn 8,8,0.39740087378759675,0,0.5361751941045989,True,True
30,1,turn 1,1,0.5105373241231342,0,0.4766683466235914,True,False
30,2,turn 2,2,0.44115417992062067,1,0.5057697846584597,True,True
31,2,turn 2,1,0.4792412739772253,1,0.4535355104473956,True,False
31,3,turn 3,2,0.5475445525094367,1,0.4376602519450872,True,True
31,4,turn 4,3,0.4333583771985283,0,0.3627096871848076,True,True
31,5,turn 5,4,0.5136329742505151,0,0.47804920217651137,True,True
31,6,turn 6,5,0.4126633583507455,0,0.389968347622756,True,True
32,1,turn 1,1,0.49863523123942327,0,0.4407246539493659,True,False
32,2,turn 2,2,0.3887266517602069,0,0.48681516551387527,True,True
32,3,turn 3,3,0.3208802243510604,0,0.503957654869375,True,True
32,4,turn 4,4,0.28785586718713563,0,0.5123863298211525,True,True
32,5,turn 5,5,0.4446010101173959,0,0.5123390941800098,True,True
32,6,turn 6,6,0.3821277476646551,1,0.5189131210592276,True,True
32,7,turn 7,7,0.2771412784574698,1,0.5173936801809456,True,True
33,1,turn 1,1,0.5506600130667384,1,0.5236327629567817,True,False
33,2,turn 2,2,0.4866726604353069,0,0.4421094778760114,True,True
33,3,turn 3,3,0.6178268729834094,1,0.5468138127669725,True,True
33,4,turn 4,4,0.4880146677466916,1,0.4849629238019908,True,True
35,2,turn 2,1,0.5509294483275525,1,0.5381360247082109,True,False
35,3,turn 3,2,0.5226075184584227,0,0.49190970347787555,True,True
35,4,turn 4,3,0.3987099323792403,0,0.41891399089433656,True,True
35,5,turn 5,4,0.36682958346191363,1,0.46663952885902404,True,True
35,6,turn 6,5,0.5368369241662957,1,0.5468136394946244,True,True
35,7,turn 7,6,0.5404057940900832,1,0.44229327967288184,True,True
37,2,turn 2,1,0.47651049835422593,0,0.4320305559525084,True,False
37,3,turn 3,2,0.44294436386114117,1,0.49073154605686636,True,True
37,4,turn 4,3,0.5007625056431053,1,0.509993093646752,True,True
39,2,turn 2,1,0.41674200470573936,0,0.3681768016448746,True,False
39,3,turn 3,2,0.385558505443692,1,0.4435383819363383,True,True
40,2,turn 2,1,0.5396006763799006,0,0.5196454962160767,True,False
40,3,turn 3,2,0.45171991459677824,0,0.5342118363726376,True,True
40,4,turn 4,3,0.4188690338091011,0,0.5367923523224959,True,True
40,5,turn 5,4,0.40252571866022036,0,0.537426274847488,True,True
40,6,turn 6,5,0.3945624392164511,1,0.5375944934168144,True,True
41,2,turn 2,1,0.4253228837026044,0,0.45305807423069233,True,False
41,5,turn 5,2,0.3676451247091018,0,0.48908347003151526,True,True
41,6,turn 6,3,0.47651049835422593,0,0.4320305559525084,True,True
41,7,turn 7,4,0.46480345512457144,0,0.41869155366694205,True,True
41,8,turn 8,5,0.41098676685158464,1,0.48871882025472546,True,True
41,9,turn 9,6,0.3371119013907896,1,0.5012444583085096,True,True
42,2,turn 2,1,0.5437745186346605,0,0.5570488903344353,True,False
42,3,turn 3,2,0.5718311969492008,0,0.46719590098745634,True,True
42,4,turn 4,3,0.572145920014667,0,0.4671967734456926,True,True
42,5,turn 5,4,0.5721466550577651,0,0.4671967750831766,True,True
42,6,turn 6,5,0.5721466567757413,0,0.46719677508625,True,True
42,7,turn 7,6,0.48611110739972274,0,0.473624821093625,True,True
42,8,turn 8,7,0.5292438901840572,0,0.557604432124968,True,True
42,9,turn 9,8,0.5861829277779618,0,0.473864106189012,True,True
42,10,turn 10,9,0.5288497414027421,0,0.5576053456886708,True,True
43,2,turn 2,1,0.6093675968203747,1,0.5772446514764276,True,False
43,3,turn 3,2,0.558434876307869,1,0.541169011364299,True,True
43,4,turn 4,3,0.6551119126234695,1,0.5468153600362182,True,True
44,2,turn 2,1,0.5282414614445144,1,0.5009964863218389,True,False
44,3,turn 3,2,0.6041524055512425,1,0.5370426508060778,True,True
45,2,turn 2,1,0.5437309803441679,0,0.5139501519144261,True,False
45,3,turn 3,2,0.44919779465100473,0,0.515546383754835,True,True
45,4,turn 4,3,0.44061039084628184,0,0.35222494590551306,True,True
45,5,turn 5,4,0.4010691747390691,0,0.44125617387829047,True,True
45,6,turn 6,5,0.37373649752159993,0,0.48164920109792175,True,True
45,7,turn 7,6,0.3812173035472313,0,0.3819455061805297,True,True
45,8,turn 8,7,0.4673068215395933,0,0.4655982661099859,True,True
45,9,turn 9,8,0.3692324768519211,0,0.5155566318272442,True,True
46,2,turn 2,1,0.4881727932159219,1,0.4583349285637841,True,False
46,3,turn 3,2,0.5784365175390959,1,0.5099814638975132,True,True
46,4,turn 4,3,0.5316871977756068,0,0.4760741200825802,True,True
46,5,turn 5,4,0.6280146953866921,1,0.5099999978066104,True,True
46,6,turn 6,5,0.6655348967901605,1,0.5099999999992629,True,True
47,2,turn 2,1,0.45669083206622907,0,0.4274866844195605,True,False
47,3,turn 3,2,0.40599919582843924,0,0.47344901539896983,True,True
47,4,turn 4,3,0.3853995753159177,1,0.4911309988453465,True,True
48,1,turn 1,1,0.4835349681568623,0,0.44214825243859673,True,False
48,2,turn 2,2,0.41639478118942574,1,0.4937944355834495,True,True
48,3,turn 3,3,0.5032646151013805,1,0.509995623021601,True,True
49,2,turn 2,1,0.4835349681568623,1,0.44214825243859673,True,False
49,3,turn 3,2,0.5536525903192294,0,0.5140944628198516,True,True
49,4,turn 4,3,0.5230116713496439,0,0.5136645961050191,True,True
49,5,turn 5,4,0.45321726235968757,1,0.5377271495296708,True,True
49,6,turn 6,5,0.5570660075804235,0,0.5099795332182545,True,True
49,7,turn 7,6,0.5413519449141446,1,0.5378375728163579,True,True
49,8,turn 8,7,0.4745717525035133,1,0.5123006003108439,True,True
50,1,turn 1,1,0.5022245290092271,1,0.4593851915749561,True,False
50,2,turn 2,2,0.5801628324654019,1,0.5115170680224397,True,True
51,1,turn 1,1,0.4835349681568623,0,0.44214825243859673,True,False
51,2,turn 2,2,0.41639478118942574,1,0.4937944355834495,True,True
51,3,turn 3,3,0.5032646151013805,0,0.509995623021601,True,True
51,4,turn 4,4,0.4719531771857698,0,0.5023779037628845,True,True
51,5,turn 5,5,0.3965699381259547,0,0.5095483237868885,True,True
51,6,turn 6,6,0.35068895400783295,0,0.5099724259344793,True,True
51,7,turn 7,7,0.29429931874616594,0,0.5099999760738693,True,True
51,8,turn 8,8,0.3181291602772537,1,0.5099983152589144,True,True
52,3,turn 3,1,0.5842225355216766,1,0.5643750182158742,True,False
52,6,turn 6,2,0.6753840632285291,0,0.5652235015997915,True,True
52,8,turn 8,3,0.5211765699458608,1,0.5652235041908529,True,True
53,1,turn 1,1,0.5185937792380458,1,0.47812135762922414,True,False
53,2,turn 2,2,0.5990915368656821,0,0.5122936765906821,True,True
53,3,turn 3,3,0.510417240088839,1,0.5123011280304784,True,True
54,2,turn 2,1,0.4499071407235263,1,0.4081938374861825,True,False
54,3,turn 3,2,0.5821279490996488,1,0.5292083816383997,True,True
54,4,turn 4,3,0.673901197300854,0,0.5292927668508919,True,True
54,5,turn 5,4,0.6030323824234847,1,0.5292927815151971,True,True
54,6,turn 6,5,0.6840845834550884,1,0.5292928126035815,True,True
54,7,turn 7,6,0.7166115633909229,1,0.5292928126214007,True,True
54,8,turn 8,7,0.7274826239190876,1,0.529292812621411,True,True
54,9,turn 9,8,0.7309915610563931,1,0.529292812621411,True,True
54,10,turn 10,9,0.7321431750538296,0,0.529292812621411,True,True
55,2,turn 2,1,0.45760811944317514,0,0.4189392178997052,True,False
55,3,turn 3,2,0.47623938707912256,1,0.48273117087009576,True,True
55,4,turn 4,3,0.5401622407276452,1,0.51228644475833,True,True
55,5,turn 5,4,0.41413635086789935,0,0.40971154929261777,True,True
55,6,turn 6,5,0.5810389061642652,0,0.5123039054318832,True,True
55,7,turn 7,6,0.5158795361170448,1,0.5123039077128135,True,True
56,2,turn 2,1,0.5536171034356602,1,0.5390198071604467,True,False
56,3,turn 3,2,0.6574834053005792,1,0.5445708894812604,True,True
56,4,turn 4,3,0.7510345922980105,1,0.544571145794599,True,True
57,2,turn 2,1,0.5424178288767894,0,0.4836386610568302,True,False
57,3,turn 3,2,0.40258553803411407,1,0.5129211603155857,True,True
57,4,turn 4,3,0.5571322096394907,1,0.6346732288941764,True,True
57,5,turn 5,4,0.6947167501652293,0,0.6347718522763351,True,True
57,6,turn 6,5,0.44694580208549345,0,0.6347717157568694,True,True
57,7,turn 7,6,0.39740484764639444,1,0.6347712035919207,True,True
59,2,turn 2,1,0.38418859223750274,0,0.4391052366744215,True,False
59,3,turn 3,2,0.4993009315087013,1,0.4989019680171859,True,True
60,2,turn 2,1,0.5137096006753448,1,0.3581231941499146,True,False
60,3,turn 3,2,0.6300756081450632,0,0.5693943812463114,True,True
60,6,turn 6,3,0.5525480469004358,0,0.5182060729903839,True,True
60,8,turn 8,4,0.42948697574880434,1,0.4717574058495046,True,True
61,2,turn 2,1,0.44839972911870596,0,0.4218540033527563,True,False
61,3,turn 3,2,0.37672990292693476,1,0.3803954979622207,True,True
61,4,turn 4,3,0.45434672192796965,1,0.46593896450998507,True,True
61,5,turn 5,4,0.5079722516928932,0,0.5099819162335444,True,True
62,2,turn 2,1,0.5576663295396063,0,0.527882808668503,True,False
62,3,turn 3,2,0.45861403010037666,0,0.5286917524580559,True,True
62,4,turn 4,3,0.4051656154628857,1,0.5286947500085302,True,True
64,2,turn 2,1,0.5451499852201162,0,0.5146135671765955,True,False
64,3,turn 3,2,0.5264405127511355,1,0.5267932733843078,True,True
66,2,turn 2,1,0.6188645334430227,0,0.5738273464805863,True,False
66,3,turn 3,2,0.549672289804999,0,0.5945188606688891,True,True
66,4,turn 4,3,0.4454123327856683,1,0.5744001684096396,True,True
67,2,turn 2,1,0.5185937792380458,0,0.47812135762922414,True,False
67,3,turn 3,2,0.43141289685164114,0,0.5042006005519013,True,True
68,2,turn 2,1,0.5576663295396063,0,0.527882808668503,True,False
68,3,turn 3,2,0.5039955901821559,0,0.457731537435264,True,True
68,4,turn 4,3,0.4719119282706325,1,0.5483491303624087,True,True
70,2,turn 2,1,0.43228002586295855,0,0.3930908993219102,True,False
70,3,turn 3,2,0.4370101530846585,1,0.4582321311527804,True,True
70,4,turn 4,3,0.4961305672521208,1,0.497576892224986,True,True
70,5,turn 5,4,0.4736146501133166,1,0.4687722253591163,True,True
71,1,turn 1,1,0.5282414614445144,0,0.5009964863218389,True,False
71,2,turn 2,2,0.4585130839530498,1,0.5301221582087133,True,True
71,3,turn 3,3,0.5506655776460311,1,0.5137332089785641,True,True
72,1,turn 1,1,0.5740325537875275,0,0.5476148330838667,True,False
72,2,turn 2,2,0.4719119282706325,1,0.5483491303624087,True,True
72,3,turn 3,3,0.5368402939454026,1,0.548351609780474,True,True
73,2,turn 2,1,0.44969858010493124,0,0.37707192813262486,True,False
73,3,turn 3,2,0.5159457038734676,1,0.5021241237240384,True,True
73,4,turn 4,3,0.537389346281882,1,0.501897217292452,True,True
74,1,turn 1,1,0.5842225355216766,1,0.5643750182158742,True,False
74,2,turn 2,2,0.49519726301855826,0,0.46845262504987245,True,True
74,3,turn 3,3,0.41803876916308136,0,0.5014457033833223,True,True
74,4,turn 4,4,0.4364121791647627,0,0.3785034792079921,True,True
74,5,turn 5,5,0.36645589985981597,0,0.5078397728584296,True,True
74,6,turn 6,6,0.3748631347222213,1,0.45531218545459,True,True
75,2,turn 2,1,0.5115693094354095,1,0.46800366114313585,True,False
75,3,turn 3,2,0.5917112449078911,0,0.5122858354245323,True,True
75,4,turn 4,3,0.5081207448351379,0,0.5122975305934923,True,True
75,5,turn 5,4,0.4317523501811007,0,0.5123016584260709,True,True
75,6,turn 6,5,0.37712509642694053,0,0.5123031155080346,True,True
75,7,turn 7,6,0.3404337965107957,0,0.5123036298546624,True,True
75,8,turn 8,7,0.31713660833944457,0,0.5123038114193164,True,True
76,2,turn 2,1,0.4866268515295687,0,0.4529393698553883,True,False
76,3,turn 3,2,0.44520501891473496,0,0.504776701560384,True,True
76,4,turn 4,3,0.38229340022528724,1,0.513644400519556,True,True
77,2,turn 2,1,0.5342698133201187,0,0.5182140760891513,True,False
77,3,turn 3,2,0.49908160236900123,1,0.5463175308311826,True,True
77,4,turn 4,3,0.5907469863590737,1,0.5468156514132548,True,True
77,5,turn 5,4,0.6899833387950415,1,0.5468156694666138,True,True
78,2,turn 2,1,0.47651049835422593,0,0.4320305559525084,True,False
78,3,turn 3,2,0.41098676685158464,0,0.48871882025472546,True,True
78,4,turn 4,3,0.34981067973921937,0,0.5034527563434408,True,True
78,5,turn 5,4,0.303714692374341,0,0.5078943396916094,True,True
78,6,turn 6,5,0.2742765003540256,1,0.5093070380896463,True,True
78,7,turn 7,6,0.3243397156158819,1,0.509999776493697,True,True
79,2,turn 2,1,0.5226075184584227,0,0.49190970347787555,True,False
79,3,turn 3,2,0.5729643935512018,0,0.5598255382317422,True,True
79,4,turn 4,3,0.47586249348541576,1,0.5626955178503925,True,True
79,5,turn 5,4,0.5314042324321916,1,0.5073330103775051,True,True
79,6,turn 6,5,0.6157391717063396,1,0.5152136388619823,True,True
80,2,turn 2,1,0.5452564091183569,1,0.5044123069571043,True,False
80,3,turn 3,2,0.6178809943569639,0,0.5386109453116792,True,True
80,4,turn 4,3,0.5509294483275525,0,0.5381360247082109,True,True
80,5,turn 5,4,0.45713591470252285,0,0.5448293356279934,True,True
80,6,turn 6,5,0.4389638647996408,0,0.545148491509893,True,True
80,7,turn 7,6,0.43290232345097035,1,0.5451664890369843,True,True
80,8,turn 8,7,0.5269435371089854,0,0.5386183967514669,True,True
80,9,turn 9,8,0.4514787825510489,0,0.5386204226335911,True,True
81,2,turn 2,1,0.5842225355216766,1,0.5643750182158742,True,False
81,3,turn 3,2,0.6753840632285291,1,0.5652235015997915,True,True
81,4,turn 4,3,0.6069778500798516,1,0.5666763614756118,True,True
81,5,turn 5,4,0.7595982491182752,0,0.5652235042014738,True,True
81,6,turn 6,5,0.4835349681568623,0,0.44214825243859673,True,True
81,7,turn 7,6,0.41639478118942574,1,0.4937944355834495,True,True
82,2,turn 2,1,0.5918076403744016,0,0.5651421326357867,True,False
82,3,turn 3,2,0.5361392576053119,0,0.47783286949356857,True,True
82,4,turn 4,3,0.5824827004960723,1,0.6429563272606503,True,True
82,5,turn 5,4,0.4924373426093735,0,0.5019473974503197,True,True
82,6,turn 6,5,0.4846523861490204,1,0.5652203127834364,True,True
83,2,turn 2,1,0.47651049835422593,1,0.4320305559525084,True,False
83,3,turn 3,2,0.5510080071881648,0,0.5113459489746869,True,True
83,4,turn 4,3,0.48242100233093144,0,0.5115294802830166,True,True
83,5,turn 5,4,0.4215547716667956,1,0.5115339338477328,True,True
84,2,turn 2,1,0.5414961778747888,1,0.5187790584240548,True,False
84,3,turn 3,2,0.4253228837026044,0,0.45305807423069233,True,True
84,4,turn 4,3,0.3676451247091018,0,0.48908347003151526,True,True
84,5,turn 5,4,0.6269322541544677,1,0.5244029923299305,True,True
84,6,turn 6,5,0.5163637498735145,0,0.4995541566713986,True,True
84,7,turn 7,6,0.44268295094010524,0,0.516999458295258,True,True
84,8,turn 8,7,0.3917601177180515,0,0.5193808358487033,True,True
84,9,turn 9,8,0.36334215676158343,0,0.5197471266677783,True,True
84,10,turn 10,9,0.34985453073413486,0,0.5198042295224774,True,True
85,2,turn 2,1,0.4835349681568623,0,0.44214825243859673,True,False
85,3,turn 3,2,0.41639478118942574,1,0.4937944355834495,True,True
86,1,turn 1,1,0.5105373241231342,0,0.4766683466235914,True,False
86,2,turn 2,2,0.5230116713496439,0,0.5136645961050191,True,True
86,3,turn 3,3,0.5299911323215287,0,0.5624030157221325,True,True
86,4,turn 4,4,0.46242102618555264,0,0.5467019616213946,True,True
86,5,turn 5,5,0.4045686170362671,0,0.5118523949863212,True,True
86,6,turn 6,6,0.41396249261294216,1,0.5374060207713898,True,True
87,2,turn 2,1,0.5185937792380458,0,0.47812135762922414,True,False
87,3,turn 3,2,0.43141289685164114,0,0.5042006005519013,True,True
87,4,turn 4,3,0.3730156487962032,0,0.5101712123223174,True,True
87,5,turn 5,4,0.34055930600590184,0,0.5117290123565161,True,True
87,6,turn 6,5,0.32378819293305655,0,0.5121479556458296,True,True
87,7,turn 7,6,0.3154205551499736,0,0.5122615317132472,True,True
87,8,turn 8,7,0.3113216258782028,0,0.5122923892454626,True,True
87,9,turn 9,8,0.3093297284794131,0,0.5123007778842652,True,True
87,10,turn 10,9,0.3083638514932866,0,0.5123030587060973,True,True
87,11,turn 11,10,0.3078952629750754,0,0.5123036788752211,True,True
88,2,turn 2,1,0.47651049835422593,1,0.4320305559525084,True,False
88,3,turn 3,2,0.5496857156226325,1,0.5099716920521047,True,True
88,4,turn 4,3,0.5904743899350009,1,0.509999991187053,True,True
89,2,turn 2,1,0.44911795791308656,0,0.38744738631381215,True,False
89,3,turn 3,2,0.5163637498735145,0,0.4995541566713986,True,True
89,4,turn 4,3,0.4253228837026044,0,0.45305807423069233,True,True
89,5,turn 5,4,0.44268295094010524,0,0.516999458295258,True,True
89,6,turn 6,5,0.3676451247091018,0,0.48908347003151526,True,True
89,7,turn 7,6,0.4084207004654916,0,0.4626582272934701,True,True
89,8,turn 8,7,0.3917601177180515,1,0.5193808358487033,True,True
91,2,turn 2,1,0.47213251954519153,0,0.4240491351385772,True,False
91,3,turn 3,2,0.41305447477921325,1,0.4766465638787749,True,True
92,2,turn 2,1,0.5185937792380458,0,0.47812135762922414,True,False
92,3,turn 3,2,0.43141289685164114,0,0.5042006005519013,True,True
92,4,turn 4,3,0.3730156487962032,0,0.5101712123223174,True,True
92,5,turn 5,4,0.34055930600590184,1,0.5117290123565161,True,True
94,2,turn 2,1,0.45482066585381853,0,0.40767134045134945,True,False
94,3,turn 3,2,0.46162716953483995,0,0.49427571662229886,True,True
94,4,turn 4,3,0.4126633583507455,0,0.389968347622756,True,True
94,5,turn 5,4,0.45896712096046866,0,0.43578192997921666,True,True
94,7,turn 7,5,0.3563122854896289,0,0.48010904133808274,True,True
94,8,turn 8,6,0.3132904719934527,0,0.46921238993342684,True,True
94,9,turn 9,7,0.32290885498461064,1,0.49560308889900684,True,True
95,2,turn 2,1,0.5536525903192294,1,0.5140944628198516,True,False
95,3,turn 3,2,0.6411170661509407,1,0.5146078199631098,True,True
95,4,turn 4,3,0.710532088825009,0,0.5146078209616757,True,True
95,5,turn 5,4,0.6058541536390927,0,0.5146078209616776,True,True
95,6,turn 6,5,0.4853904028252902,1,0.5146078209616776,True,True
95,7,turn 7,6,0.5695607250022277,1,0.5146078209616776,True,True
96,2,turn 2,1,0.5536171034356602,1,0.5390198071604467,True,False
96,3,turn 3,2,0.4576492535085695,0,0.47760797393868054,True,True
96,4,turn 4,3,0.5810384170105816,1,0.542974698720367,True,True
96,5,turn 5,4,0.6574834053005792,1,0.5445708894812604,True,True
98,2,turn 2,1,0.5185937792380458,1,0.47812135762922414,True,False
98,3,turn 3,2,0.5990915368656821,0,0.5122936765906821,True,True
98,4,turn 4,3,0.44839972911870596,0,0.4218540033527563,True,True
98,5,turn 5,4,0.6229559063839385,1,0.6047422438565581,True,True
99,2,turn 2,1,0.5051697904169591,0,0.4830806838921528,True,False
99,3,turn 3,2,0.44455686033530295,0,0.4628957286822991,True,True
99,4,turn 4,3,0.3797196600056276,0,0.4974826712075717,True,True
100,2,turn 2,1,0.5185937792380458,1,0.47812135762922414,True,False
100,3,turn 3,2,0.5990915368656821,1,0.5122936765906821,True,True
100,4,turn 4,3,0.6558207206503298,1,0.512303907804609,True,True
100,5,turn 5,4,0.6878946006636304,1,0.512303910480139,True,True
100,6,turn 6,5,0.7037649013202266,1,0.5123039104808386,True,True
101,2,turn 2,1,0.4849659518047098,1,0.4441669426768099,True,False
101,3,turn 3,2,0.6241534783849074,1,0.5315225250108273,True,True
101,4,turn 4,3,0.6214406726233898,1,0.5367219055550859,True,True
101,5,turn 5,4,0.6899175336255722,0,0.5372651750911656,True,True
101,6,turn 6,5,0.6166747224543506,1,0.5372651768234795,True,True
102,2,turn 2,1,0.5536171034356602,0,0.5390198071604467,True,False
102,3,turn 3,2,0.4605511979486163,1,0.5443161865699346,True,True
102,4,turn 4,3,0.537254393198223,0,0.5445711320131478,True,True
102,6,turn 6,4,0.4608231284716367,1,0.5445711449862949,True,True
103,2,turn 2,1,0.48743421866315934,1,0.46718953824793547,True,False
103,3,turn 3,2,0.5684308233963623,1,0.5001948531354045,True,True
104,2,turn 2,1,0.5842225355216766,1,0.5643750182158742,True,False
104,3,turn 3,2,0.6299773037586972,0,0.5543397325828243,True,True
104,4,turn 4,3,0.5452564091183569,1,0.5044123069571043,True,True
105,2,turn 2,1,0.5226075184584227,0,0.49190970347787555,True,False
105,3,turn 3,2,0.6069778500798516,1,0.5666763614756118,True,True
105,4,turn 4,3,0.44359591443816127,1,0.518285587489604,True,True
105,5,turn 5,4,0.6786959811335044,1,0.567242357405104,True,True
105,6,turn 6,5,0.4629676281661582,0,0.42298040546070537,True,True
105,7,turn 7,6,0.4263453754152453,0,0.4781022841241361,True,True
106,1,turn 1,1,0.5740325537875275,1,0.5476148330838667,True,False
106,2,turn 2,2,0.701449707406334,1,0.5876653039337562,True,True
106,3,turn 3,3,0.72653255419068,1,0.565223502099232,True,True
106,4,turn 4,4,0.6411170661509407,0,0.5146078199631098,True,True
106,5,turn 5,5,0.518121987684508,0,0.5146078209596224,True,True
107,2,turn 2,1,0.5536525903192294,0,0.5140944628198516,True,False
107,3,turn 3,2,0.44643101251385653,1,0.5146067655203532,True,True
107,5,turn 5,3,0.5189126368758927,0,0.5146078209596266,True,True
108,2,turn 2,1,0.43160424841769357,1,0.4006165182373107,True,False
108,3,turn 3,2,0.5043472062346045,0,0.4583956720270699,True,True
108,4,turn 4,3,0.46855324493820083,0,0.48708848091511436,True,True
108,5,turn 5,4,0.4139716794510486,1,0.40649878510624654,True,True
108,6,turn 6,5,0.4491617319021695,1,0.4545765515266505,True,True
109,2,turn 2,1,0.47651049835422593,1,0.4320305559525084,True,False
109,3,turn 3,2,0.5496857156226325,0,0.5099716920521047,True,True
109,4,turn 4,3,0.500415997239469,1,0.5099908376643483,True,True
109,5,turn 5,4,0.5640841479275335,1,0.5099999971063418,True,True
110,2,turn 2,1,0.43228002586295855,1,0.3930908993219102,True,False
110,3,turn 3,2,0.5180347895462173,1,0.5099110792015762,True,True
110,4,turn 4,3,0.6255137730975427,0,0.5099999469754717,True,True
110,5,turn 5,4,0.5382568626163309,0,0.5023784981028796,True,True
110,6,turn 6,5,0.4509217915963595,1,0.5099999663156263,True,True
110,7,turn 7,6,0.5302744112583183,1,0.5099999999785285,True,True
112,1,turn 1,1,0.6093675968203747,0,0.5772446514764276,True,False
112,2,turn 2,2,0.43752659554294643,0,0.5415699129334549,True,True
112,3,turn 3,3,0.4711234448376034,0,0.4996009663108491,True,True
112,4,turn 4,4,0.424312043085868,0,0.5790069585443012,True,True
112,5,turn 5,5,0.4119804978471605,1,0.5790069607204433,True,True
112,6,turn 6,6,0.572145920014667,0,0.4671967734456926,True,True
112,7,turn 7,7,0.4854864194483904,1,0.45928232700175825,True,True
112,8,turn 8,8,0.9986804779989076,1,0.9983929108279739,True,True
113,1,turn 1,1,0.5452564091183569,0,0.5044123069571043,True,False
113,2,turn 2,2,0.45659694822366126,0,0.5305177445587752,True,True
113,3,turn 3,3,0.40001836321514195,1,0.5364884806234365,True,True
113,4,turn 4,4,0.45274679927563866,0,0.538620616779129,True,True
113,5,turn 5,5,0.4036952616768672,0,0.5386210262736812,True,True
113,6,turn 6,6,0.37388610195905814,1,0.538621137619189,True,True
113,7,turn 7,7,0.4114000094675616,0,0.5386211791910782,True,True
113,8,turn 8,8,0.38050931993426046,1,0.5386211791989957,True,True
113,9,turn 9,9,0.4206148998448547,1,0.5386211792019517,True,True
114,1,turn 1,1,0.49519726301855826,0,0.46845262504987245,True,False
114,2,turn 2,2,0.41803876916308136,0,0.5014457033833223,True,True
114,3,turn 3,3,0.36645589985981597,1,0.5078397728584296,True,True
115,1,turn 1,1,0.5842225355216766,1,0.5643750182158742,True,False
115,2,turn 2,2,0.6753840632285291,1,0.5652235015997915,True,True
115,3,turn 3,3,0.7595982491182752,1,0.5652235042014738,True,True
115,4,turn 4,4,0.4835349681568623,1,0.44214825243859673,True,True
116,1,turn 1,1,0.49519726301855826,0,0.46845262504987245,True,False
116,2,turn 2,2,0.41803876916308136,0,0.5014457033833223,True,True
116,3,turn 3,3,0.4930401143977612,1,0.5481946222124926,True,True
117,2,turn 2,1,0.5729643935512018,1,0.5598255382317422,True,False
117,3,turn 3,2,0.6830237953691213,1,0.5627513908750716,True,True
117,4,turn 4,3,0.5342698133201187,1,0.5182140760891513,True,True
117,5,turn 5,4,0.7955029145822796,1,0.5627514398811578,True,True
117,6,turn 6,5,0.8782947987209262,1,0.5627514398820437,True,True
117,7,turn 7,6,0.6319430152320372,1,0.5263903880874492,True,True
117,8,turn 8,7,0.9262250666455552,1,0.5627514398820437,True,True
117,9,turn 9,8,0.7065662700137414,1,0.52639085170804,True,True
117,10,turn 10,9,0.4835349681568623,0,0.44214825243859673,True,True
117,11,turn 11,10,0.41639478118942574,0,0.4937944355834495,True,True
117,12,turn 12,11,0.5061853627807037,1,0.4400128547047505,True,True
117,13,turn 13,12,0.35657682065660923,0,0.5057346058551875,True,True
118,2,turn 2,1,0.4849659518047098,0,0.4441669426768099,True,False
118,4,turn 4,2,0.42633274603748256,1,0.48726630728981024,True,True
118,5,turn 5,3,0.5406637093095231,0,0.5192963466684322,True,True
118,6,turn 6,4,0.4432480170722466,0,0.5240823792524624,True,True
118,7,turn 7,5,0.39558530504212963,0,0.5243692932712672,True,True
118,8,turn 8,6,0.3779884812098461,1,0.5243895266204311,True,True
118,9,turn 9,7,0.4657393449608862,0,0.5243978111735225,True,True
118,10,turn 10,8,0.40902809309737265,1,0.5243978124634671,True,True
118,11,turn 11,9,0.49868509923057197,0,0.524397815399796,True,True
118,12,turn 12,10,0.43195787831977567,0,0.524397815400299,True,True
119,2,turn 2,1,0.49519726301855826,0,0.46845262504987245,True,False
119,3,turn 3,2,0.41803876916308136,0,0.5014457033833223,True,True
119,4,turn 4,3,0.35657682065660923,0,0.5057346058551875,True,True
119,5,turn 5,4,0.3137983871402421,1,0.5088502037558256,True,True
119,6,turn 6,5,0.3765810588248656,1,0.5099996986387793,True,True
120,2,turn 2,1,0.5803152201995405,1,0.5403854121477317,True,False
120,3,turn 3,2,0.6599065236422226,1,0.5409250886841068,True,True
120,4,turn 4,3,0.4262404163026897,1,0.38313118001338364,True,True
121,2,turn 2,1,0.4705802465683768,1,0.432409039580354,True,False
121,3,turn 3,2,0.5450878641053504,1,0.5099720331769553,True,True
121,4,turn 4,3,0.5450529359392559,1,0.49757907803795665,True,True
121,5,turn 5,4,0.5459081523938357,1,0.4659564297325102,True,True
122,3,turn 3,1,0.5576663295396063,1,0.527882808668503,True,False
122,4,turn 4,2,0.6324001624950116,0,0.5481561337145102,True,True
122,5,turn 5,3,0.5307813607250365,0,0.5286947622055546,True,True
122,6,turn 6,4,0.44196295543877884,1,0.5286947622159575,True,True
122,7,turn 7,5,0.5083826218556936,1,0.548351136867706,True,True
123,2,turn 2,1,0.5173955031477449,1,0.5114837864924154,True,False
123,3,turn 3,2,0.6130539481789007,1,0.5192788408749346,True,True
123,4,turn 4,3,0.5404120612754032,0,0.47607412621912026,True,True
123,5,turn 5,4,0.4906621044504539,0,0.5018972177917227,True,True
123,6,turn 6,5,0.6158423815187082,0,0.5786835678428235,True,True
123,7,turn 7,6,0.4755648725384549,0,0.5790060445818401,True,True
123,8,turn 8,7,0.4489909454702082,0,0.579006958145543,True,True
123,9,turn 9,8,0.36385141255663883,0,0.5078673029275937,True,True
123,10,turn 10,9,0.32859782350675,0,0.5094251018779128,True,True
123,11,turn 11,10,0.3072592256328581,0,0.5098440451649955,True,True
123,12,turn 12,11,0.29543696442568085,0,0.5099576212324084,True,True
123,13,turn 13,12,0.2892042440963748,0,0.5099884787646238,True,True
124,2,turn 2,1,0.5536171034356602,0,0.5390198071604467,True,False
124,3,turn 3,2,0.4824909199911563,0,0.5034827465278531,True,True
124,4,turn 4,3,0.5529132613838673,1,0.5211828081440252,True,True
124,5,turn 5,4,0.629040059226029,1,0.5228889726312829,True,True
124,6,turn 6,5,0.42338944656586885,1,0.5167370445375685,True,True
125,2,turn 2,1,0.49217068559522487,1,0.4330875489099696,True,False
125,3,turn 3,2,0.5950271005625032,0,0.5411463697148411,True,True
125,4,turn 4,3,0.5366379690251956,0,0.5411608107667071,True,True
125,5,turn 5,4,0.4650745848267077,0,0.5411734400535932,True,True
125,6,turn 6,5,0.4001750969979329,0,0.5411844899156115,True,True
125,7,turn 7,6,0.35597596070139215,0,0.5411941589569387,True,True
125,8,turn 8,7,0.3311843491229171,0,0.5412026205381959,True,True
125,9,turn 9,8,0.3185862661960627,0,0.541210026065674,True,True
125,10,turn 10,9,0.31243011950793464,0,0.5412165078157875,True,True
125,11,turn 11,10,0.3094514116329843,0,0.5412221813858059,True,True
125,12,turn 12,11,0.30800587515778943,0,0.5412271478227998,True,True
125,13,turn 13,12,0.3072986789867415,0,0.5412314954748507,True,True
126,2,turn 2,1,0.5729643935512018,1,0.5598255382317422,True,False
126,3,turn 3,2,0.6830237953691213,0,0.5627513908750716,True,True
126,4,turn 4,3,0.4835349681568623,1,0.44214825243859673,True,True
126,6,turn 6,4,0.5593730381702033,0,0.5258253438677044,True,True
126,7,turn 7,5,0.48675477009003343,1,0.5263855872485466,True,True
127,2,turn 2,1,0.5022245290092271,1,0.4593851915749561,True,False
127,3,turn 3,2,0.5801628324654019,1,0.5115170680224397,True,True
127,4,turn 4,3,0.630493622898337,1,0.5115359344452605,True,True
127,5,turn 5,4,0.6570977229352891,1,0.5115359403187038,True,True
127,6,turn 6,5,0.6696624111936388,0,0.5115359403205586,True,True
127,7,turn 7,6,0.6539566316017518,0,0.5115359403205589,True,True
127,8,turn 8,7,0.6197136969788318,1,0.511535940320559,True,True
128,2,turn 2,1,0.5509294483275525,0,0.5381360247082109,True,False
128,3,turn 3,2,0.47586249348541576,1,0.5626955178503925,True,True
128,4,turn 4,3,0.5391131605610022,1,0.5627514388732914,True,True
128,5,turn 5,4,0.45482066585381853,1,0.40767134045134945,True,True
129,2,turn 2,1,0.5842225355216766,0,0.5643750182158742,True,False
129,3,turn 3,2,0.4846523861490204,0,0.5652203127834364,True,True
129,4,turn 4,3,0.4595545139471082,0,0.5652234913614519,True,True
129,5,turn 5,4,0.4491774802247377,0,0.5652235041474862,True,True
129,6,turn 6,5,0.4453717621497588,0,0.5652235042012492,True,True
129,7,turn 7,6,0.4440411713416638,0,0.5652235042014815,True,True
129,8,turn 8,7,0.4344822978280513,1,0.5015621436455778,True,True
130,2,turn 2,1,0.5536525903192294,0,0.5140944628198516,True,False
130,3,turn 3,2,0.44643101251385653,1,0.5146067655203532,True,True
130,4,turn 4,3,0.6067650022833699,1,0.5870788819145942,True,True
130,5,turn 5,4,0.555948906984129,1,0.519909023093862,True,True
131,2,turn 2,1,0.47651049835422593,1,0.4320305559525084,True,False
131,3,turn 3,2,0.5496857156226325,0,0.5099716920521047,True,True
131,4,turn 4,3,0.5025638507863973,1,0.5049128909966148,True,True
131,5,turn 5,4,0.5640841479275335,1,0.5099999971063418,True,True
131,6,turn 6,5,0.6029833716226931,1,0.5099996923024067,True,True
131,7,turn 7,6,0.6116891586376318,0,0.5099999999999997,True,True
131,8,turn 8,7,0.602395458307897,0,0.5099999999999998,True,True
131,9,turn 9,8,0.5850967367190429,0,0.51,True,True
131,10,turn 10,9,0.6026787043916589,1,0.5099999999819232,True,True
131,11,turn 11,10,0.5926054613520133,1,0.51,True,True
132,2,turn 2,1,0.4525017750951543,0,0.4669577153741777,True,False
132,3,turn 3,2,0.3849910021849802,1,0.4957546370820752,True,True
132,4,turn 4,3,0.5054208226346305,0,0.48041885526046463,True,True
132,5,turn 5,4,0.4429404048705077,0,0.4578536475249348,True,True
133,2,turn 2,1,0.5459770331983141,1,0.5168876319660561,True,False
133,3,turn 3,2,0.5218541956782944,0,0.4836265449651116,True,True
133,4,turn 4,3,0.4670510322682577,0,0.5123847142735768,True,True
133,5,turn 5,4,0.4284908080154368,0,0.5245281299125366,True,True
134,1,turn 1,1,0.4835349681568623,0,0.44214825243859673,True,False
134,2,turn 2,2,0.41639478118942574,0,0.4937944355834495,True,True
134,3,turn 3,3,0.35657682065660923,0,0.5057346058551875,True,True
134,4,turn 4,4,0.3137983871402421,0,0.5088502037558256,True,True
135,2,turn 2,1,0.5842225355216766,1,0.5643750182158742,True,False
135,3,turn 3,2,0.6753840632285291,0,0.5652235015997915,True,True
135,4,turn 4,3,0.5211765699458608,0,0.5652235041908529,True,True
135,5,turn 5,4,0.5185937792380458,1,0.47812135762922414,True,True
136,2,turn 2,1,0.5452564091183569,1,0.5044123069571043,True,False
136,3,turn 3,2,0.6178809943569639,1,0.5386109453116792,True,True
136,4,turn 4,3,0.5729127760732543,0,0.5238600574195195,True,True
137,2,turn 2,1,0.45550518768929926,0,0.40527489953592066,True,False
137,3,turn 3,2,0.38398160661725866,1,0.40595049262785976,True,True
137,4,turn 4,3,0.5167687786373507,1,0.548626297716644,True,True
138,2,turn 2,1,0.4353308745544102,0,0.3861045430295568,True,False
138,3,turn 3,2,0.3915683842653018,0,0.4552235097253775,True,True
138,4,turn 4,3,0.3519940405606274,1,0.4810956438546107,True,True
138,5,turn 5,4,0.4704468370354835,1,0.503465572108393,True,True
139,2,turn 2,1,0.4835349681568623,1,0.44214825243859673,True,False
139,3,turn 3,2,0.5570660075804235,0,0.5099795332182545,True,True
139,5,turn 5,3,0.5027124924931701,1,0.5099944351013345,True,True
139,6,turn 6,4,0.5697948559322746,1,0.5099999985447143,True,True
140,2,turn 2,1,0.4849659518047098,1,0.4441669426768099,True,False
140,3,turn 3,2,0.6241534783849074,0,0.5315225250108273,True,True
140,4,turn 4,3,0.5050594044916952,0,0.5315444360655903,True,True
140,5,turn 5,4,0.42863866755204005,1,0.53155987285749,True,True
141,2,turn 2,1,0.5185937792380458,0,0.47812135762922414,True,False
141,3,turn 3,2,0.43141289685164114,0,0.5042006005519013,True,True
141,4,turn 4,3,0.3730156487962032,0,0.5101712123223174,True,True
141,5,turn 5,4,0.3634806363182863,0,0.24986696759449814,True,True
141,6,turn 6,5,0.34055930600590184,1,0.5117290123565161,True,True
141,7,turn 7,6,0.3797947356428507,1,0.5123037598002285,True,True
141,8,turn 8,7,0.43836074446349904,1,0.5123039104414344,True,True
141,9,turn 9,8,0.505956598334024,1,0.5123039104808285,True,True
141,10,turn 10,9,0.5718466568947933,0,0.5123039104808388,True,True
142,2,turn 2,1,0.504900355156145,0,0.46857742214072373,True,False
142,3,turn 3,2,0.5308963481673886,1,0.5392962033800978,True,True
143,2,turn 2,1,0.5230116713496439,1,0.5136645961050191,True,False
143,3,turn 3,2,0.5875668209673737,1,0.49666160238801854,True,True
144,2,turn 2,1,0.465493867914808,0,0.43481762894164616,True,False
144,3,turn 3,2,0.4195957005481968,1,0.4902269299196786,True,True
144,4,turn 4,3,0.5319871782780453,0,0.5146809942952506,True,True
144,5,turn 5,4,0.49604805879460984,1,0.5146868362847051,True,True
144,6,turn 6,5,0.5534267342991873,0,0.5146909652163013,True,True
144,7,turn 7,6,0.5181188601183363,0,0.5146909661751228,True,True
145,1,turn 1,1,0.46302762163172545,0,0.45449784470812804,True,False
145,2,turn 2,2,0.44096953800502,1,0.5017250567860175,True,True
146,2,turn 2,1,0.5729643935512018,0,0.5598255382317422,True,False
146,4,turn 4,2,0.49168193046920206,1,0.4574573174479527,True,True
147,3,turn 3,1,0.5436063420634138,0,0.5234922501810122,True,False
147,4,turn 4,2,0.5217558395565756,0,0.5650837910557911,True,True
147,5,turn 5,3,0.4639807275102832,1,0.5818494956118594,True,True
147,6,turn 6,4,0.6551059153497356,1,0.6229935290054334,True,True
147,7,turn 7,5,0.6498094803881121,1,0.5729291503893497,True,True
148,2,turn 2,1,0.5527284182619332,0,0.5113660440536698,True,False
148,3,turn 3,2,0.45109599536972633,1,0.440295200733995,True,True
148,4,turn 4,3,0.5037326698887195,1,0.5384933505505752,True,True
148,5,turn 5,4,0.5575797021001386,1,0.5857449186183691,True,True
148,6,turn 6,5,0.5385929801479304,1,0.5095367431285878,True,True
149,2,turn 2,1,0.44981317924608955,1,0.39574981715728613,True,False
149,3,turn 3,2,0.5317397481627426,0,0.5273194196809787,True,True
149,4,turn 4,3,0.4776479211874814,1,0.5376351184384434,True,True
149,5,turn 5,4,0.5389362785871878,1,0.5410073523465755,True,True
149,6,turn 6,5,0.5708142976514098,0,0.5093754048065114,True,True
149,7,turn 7,6,0.497299766524927,0,0.5204107490482517,True,True
149,8,turn 8,7,0.4383914887383408,0,0.5232455053142542,True,True
149,9,turn 9,8,0.3983505072592302,0,0.5241938042702835,True,True
150,2,turn 2,1,0.4948490674504046,0,0.4746352098529024,True,False
150,3,turn 3,2,0.4790606052741133,1,0.5023620011573044,True,True
150,4,turn 4,3,0.7125720268968025,1,0.647367135685647,True,True
150,5,turn 5,4,0.5636833893137992,1,0.5099995382715399,True,True
151,1,turn 1,1,0.5536525903192294,1,0.5140944628198516,True,False
151,2,turn 2,2,0.6411170661509407,0,0.5146078199631098,True,True
151,3,turn 3,3,0.518121987684508,1,0.5146078209596224,True,True
151,4,turn 4,4,0.606224761121591,1,0.5146078209616776,True,True
151,5,turn 5,5,0.6852417238077532,0,0.5146078209616776,True,True
151,6,turn 6,6,0.5694093069533785,0,0.5146078209616776,True,True
151,7,turn 7,7,0.45719533457089845,1,0.5146078209616776,True,True
152,1,turn 1,1,0.5803152201995405,0,0.5403854121477317,True,False
152,2,turn 2,2,0.47161506388587665,1,0.540923909527227,True,True
152,3,turn 3,3,0.5352101416719194,0,0.5409250896806157,True,True
152,4,turn 4,4,0.4459293210998734,1,0.5409250896827865,True,True
152,5,turn 5,5,0.4953648244529289,0,0.5279325256053008,True,True
152,6,turn 6,6,0.4371574160233695,0,0.5305315073550428,True,True
152,7,turn 7,7,0.40991726465076384,1,0.41167055106754874,True,True
152,8,turn 8,8,0.4341216037057251,0,0.5306167263698881,True,True
152,9,turn 9,9,0.41658851970015615,1,0.5306167264524414,True,True
152,10,turn 10,10,0.4422049128746486,0,0.5306167264551941,True,True
153,1,turn 1,1,0.4889965194028611,1,0.48515816142837104,True,False
153,2,turn 2,2,0.5536525903192294,1,0.5140944628198516,True,True
153,3,turn 3,3,0.5437309803441679,0,0.5139501519144261,True,True
153,4,turn 4,4,0.6067650022833699,1,0.5870788819145942,True,True
153,5,turn 5,5,0.44919779465100473,1,0.515546383754835,True,True
154,1,turn 1,1,0.5226075184584227,0,0.49190970347787555,True,False
154,2,turn 2,2,0.416337047239808,0,0.4340169290586089,True,True
154,3,turn 3,3,0.3814056501088589,0,0.48283022745722737,True,True
154,4,turn 4,4,0.39229771741356945,1,0.5258134715757921,True,True
154,5,turn 5,5,0.5208791192153083,1,0.4958108010707729,True,True
155,1,turn 1,1,0.558814487872056,1,0.5307900888055082,True,False
155,2,turn 2,2,0.5996633560237878,0,0.5352434490208422,True,True
155,3,turn 3,3,0.45263469512389537,1,0.5357768293844046,True,True
155,4,turn 4,4,0.5574542448747615,0,0.5013666679047297,True,True
155,5,turn 5,5,0.6208535224429255,1,0.6435769693914479,True,True
158,2,turn 2,1,0.5329558757453583,0,0.49930462325853425,True,False
158,3,turn 3,2,0.44454094713005965,0,0.5170593134998538,True,True
158,4,turn 4,3,0.4614061923099844,1,0.5451983896657983,True,True
158,5,turn 5,4,0.43770599343403976,1,0.5224627991380159,True,True
158,6,turn 6,5,0.5071714171450371,0,0.5224631747126139,True,True
158,7,turn 7,6,0.43940644659995587,1,0.5224631747840064,True,True
158,8,turn 8,7,0.6014038851115623,1,0.5468156691346872,True,True
158,9,turn 9,8,0.5511669730550312,1,0.522463174810668,True,True
160,2,turn 2,1,0.5185937792380458,0,0.47812135762922414,True,False
160,3,turn 3,2,0.43141289685164114,0,0.5042006005519013,True,True
160,4,turn 4,3,0.3730156487962032,0,0.5101712123223174,True,True
160,5,turn 5,4,0.3747251985161102,0,0.3362104678113855,True,True
160,6,turn 6,5,0.418025899831832,0,0.4192172412736934,True,True
160,7,turn 7,6,0.18280281428020798,0,0.43185314866166064,True,True
160,8,turn 8,7,0.6146328976837293,1,0.47722751303280087,True,True
160,9,turn 9,8,0.3836206583788103,1,0.45483904165845485,True,True
161,2,turn 2,1,0.47651049835422593,0,0.4320305559525084,True,False
161,4,turn 4,2,0.5314042324321916,0,0.5073330103775051,True,True
161,6,turn 6,3,0.31349454530029897,1,0.3180752609320947,True,True
162,2,turn 2,1,0.5452564091183569,0,0.5044123069571043,True,False
162,3,turn 3,2,0.45659694822366126,1,0.5305177445587752,True,True
162,4,turn 4,3,0.5402978636151642,0,0.5238586002108724,True,True
162,5,turn 5,4,0.4625983720664117,1,0.524400890245973,True,True
162,6,turn 6,5,0.54298748628631,0,0.5244033016505839,True,True
162,7,turn 7,6,0.4668632671815332,0,0.5244033017330331,True,True
163,2,turn 2,1,0.5337213146336581,0,0.5012428100165377,True,False
163,3,turn 3,2,0.4429404048705077,0,0.4578536475249348,True,True
163,5,turn 5,3,0.4780462902089586,0,0.5451967423885135,True,True
164,1,turn 1,1,0.5226075184584227,0,0.49190970347787555,True,False
164,2,turn 2,2,0.5729643935512018,0,0.5598255382317422,True,True
164,3,turn 3,3,0.47586249348541576,0,0.5626955178503925,True,True
164,4,turn 4,4,0.44359591443816127,1,0.518285587489604,True,True
165,1,turn 1,1,0.48448895725542734,0,0.4434940459307389,True,False
165,2,turn 2,2,0.42302009108813027,1,0.4894423500543567,True,True
166,2,turn 2,1,0.5066085044478787,0,0.4679315056904231,True,False
166,3,turn 3,2,0.4273882735823742,0,0.4995947943404182,True,True
166,4,turn 4,3,0.3561385078368753,0,0.5083637693294691,True,True
166,5,turn 5,4,0.30696699168502795,0,0.51124758673357,True,True
166,6,turn 6,5,0.278407332650471,1,0.512241342057137,True,True
166,7,turn 7,6,0.31858401892359245,1,0.509999634604424,True,True
166,8,turn 8,7,0.4099039525551818,1,0.5099999998759487,True,True
168,1,turn 1,1,0.5740325537875275,0,0.5476148330838667,True,False
168,2,turn 2,2,0.4719119282706325,1,0.5483491303624087,True,True
168,3,turn 3,3,0.5368402939454026,0,0.548351609780474,True,True
168,4,turn 4,4,0.46325559627464363,1,0.5483516097881829,True,True
168,5,turn 5,5,0.5243182079602557,1,0.5483516097882143,True,True
168,6,turn 6,6,0.6040699074437458,1,0.5483516097882143,True,True
168,7,turn 7,7,0.6870276346722827,1,0.5483516097882143,True,True
169,1,turn 1,1,0.42921207124028954,0,0.3545887588477723,True,False
169,2,turn 2,2,0.3806744351931793,0,0.4205438829571846,True,True
169,3,turn 3,3,0.34134645755669507,1,0.44578256786108056,True,True
169,4,turn 4,4,0.46796308472476617,1,0.5789502289434771,True,True
169,5,turn 5,5,0.5196458376224082,1,0.5906528038510579,True,True
170,1,turn 1,1,0.5536525903192294,1,0.5140944628198516,True,False
170,2,turn 2,2,0.6411170661509407,0,0.5146078199631098,True,True
170,3,turn 3,3,0.518121987684508,1,0.5146078209596224,True,True
170,4,turn 4,4,0.606224761121591,0,0.5146078209616776,True,True
170,5,turn 5,5,0.48570392440665644,0,0.5146078209616776,True,True
170,6,turn 6,6,0.407566491410246,1,0.5146078209616776,True,True
170,7,turn 7,7,0.458740291528678,0,0.5146078209616776,True,True
170,8,turn 8,8,0.39484851218765715,1,0.5146078209616776,True,True
170,9,turn 9,9,0.43647719443238375,1,0.5146078209616776,True,True
170,10,turn 10,10,0.5045223241628944,0,0.5146078209616776,True,True
170,12,turn 12,11,0.4172627458479925,1,0.5146078209616776,True,True
172,2,turn 2,1,0.47651049835422593,0,0.4320305559525084,True,False
172,3,turn 3,2,0.41098676685158464,1,0.48871882025472546,True,True
173,1,turn 1,1,0.4835349681568623,0,0.44214825243859673,True,False
173,2,turn 2,2,0.41639478118942574,0,0.4937944355834495,True,True
173,3,turn 3,3,0.35657682065660923,1,0.5057346058551875,True,True
175,2,turn 2,1,0.4686591493969998,0,0.441169947413191,True,False
175,3,turn 3,2,0.4246303044728356,1,0.4878957630987258,True,True
175,4,turn 4,3,0.5374275718293505,0,0.522839948013377,True,True
175,5,turn 5,4,0.4600075228422853,1,0.5228470518243061,True,True
176,1,turn 1,1,0.5329558757453583,0,0.49930462325853425,True,False
176,2,turn 2,2,0.44454094713005965,0,0.5170593134998538,True,True
176,3,turn 3,3,0.38896935052746023,0,0.5210413686240826,True,True
176,4,turn 4,4,0.4232901766441066,1,0.5238469767401163,True,True
178,1,turn 1,1,0.4948490674504046,1,0.4746352098529024,True,False
178,2,turn 2,2,0.5585311786859335,0,0.5099897505587996,True,True
178,3,turn 3,3,0.5077163410160535,0,0.5099972173655639,True,True
178,4,turn 4,4,0.44723388015335686,0,0.5099992434295065,True,True
178,5,turn 5,5,0.3897953301233121,0,0.5099997942817948,True,True
178,6,turn 6,6,0.3458518471653502,0,0.5099999440631309,True,True
178,7,turn 7,7,0.31746288262436095,0,0.5099999847901864,True,True
178,8,turn 8,8,0.30106210301582526,0,0.5099999958642936,True,True
178,9,turn 9,9,0.29218763950677223,0,0.5099999988754583,True,True
178,10,turn 10,10,0.2875531334689681,0,0.5099999996942255,True,True
179,1,turn 1,1,0.472841962677468,0,0.43559981334132664,True,False
179,2,turn 2,2,0.40351323679681206,0,0.47745597097076126,True,True
179,3,turn 3,3,0.35248999578808526,1,0.5076844829358984,True,True
181,2,turn 2,1,0.4835349681568623,0,0.44214825243859673,True,False
181,3,turn 3,2,0.41639478118942574,0,0.4937944355834495,True,True
181,4,turn 4,3,0.35657682065660923,0,0.5057346058551875,True,True
181,5,turn 5,4,0.3137983871402421,0,0.5088502037558256,True,True
181,6,turn 6,5,0.2877796876528999,0,0.5096880903299909,True,True
181,7,turn 7,6,0.3184819299079135,0,0.37989110502965745,True,True
182,1,turn 1,1,0.5536525903192294,1,0.5140944628198516,True,False
182,2,turn 2,2,0.6411170661509407,1,0.5146078199631098,True,True
182,3,turn 3,3,0.5506600130667384,1,0.5236327629567817,True,True
182,4,turn 4,4,0.710532088825009,1,0.5146078209616757,True,True
183,2,turn 2,1,0.5230116713496439,1,0.5136645961050191,True,False
183,4,turn 4,2,0.6395827473726294,0,0.5239182773627294,True,True
183,5,turn 5,3,0.5497075963446125,0,0.5343118794629658,True,True
183,6,turn 6,4,0.4897266094004457,1,0.5239187581933371,True,True
183,7,turn 7,5,0.45109599536972633,0,0.440295200733995,True,True
183,8,turn 8,6,0.34822298230348636,1,0.48332618140788053,True,True
183,9,turn 9,7,0.46159363722755686,0,0.5384933505517228,True,True
183,10,turn 10,8,0.4236707034310838,1,0.5386170563025567,True,True
183,11,turn 11,9,0.47493851020226485,1,0.5386211790739934,True,True
183,12,turn 12,10,0.5216559571491296,1,0.5098929743994525,True,True
184,2,turn 2,1,0.5197419375704957,1,0.4810286377662294,True,False
184,3,turn 3,2,0.5751703595412588,1,0.5462431898833343,True,True
184,4,turn 4,3,0.6506258263109029,1,0.5468156659490417,True,True
184,5,turn 5,4,0.6482526450739494,1,0.5398193549815075,True,True
185,1,turn 1,1,0.5113027630114341,0,0.4786065333815948,True,False
185,2,turn 2,2,0.4945988431771251,0,0.5299271567898733,True,True
185,3,turn 3,3,0.44087791104554186,0,0.5422640352847277,True,True
185,4,turn 4,4,0.43357898550899776,1,0.5486757157603549,True,True
185,5,turn 5,5,0.5265711042404119,1,0.5596707474197484,True,True
186,1,turn 1,1,0.5842225355216766,0,0.5643750182158742,True,False
186,2,turn 2,2,0.4618613618627437,0,0.501560016033547,True,True
186,3,turn 3,3,0.441781169151775,0,0.5301242772607236,True,True
186,4,turn 4,4,0.4491774802247377,1,0.5652235041474862,True,True
186,5,turn 5,5,0.46369874834969077,1,0.5422645156194735,True,True
187,1,turn 1,1,0.4835349681568623,0,0.44214825243859673,True,False
187,2,turn 2,2,0.5536525903192294,0,0.5140944628198516,True,True
187,3,turn 3,3,0.41639478118942574,1,0.4937944355834495,True,True
187,4,turn 4,4,0.5068595578802542,1,0.49475699766114817,True,True
187,5,turn 5,5,0.5391637848190336,0,0.5325721945488902,True,True
187,6,turn 6,6,0.44643101251385653,1,0.5146067655203532,True,True
188,1,turn 1,1,0.4761645949869748,0,0.43412559692897557,True,False
188,2,turn 2,2,0.49095592067518706,0,0.449373807217361,True,True
188,3,turn 3,3,0.4149435888698439,1,0.49310929546118987,True,True
189,1,turn 1,1,0.5115693094354095,0,0.46800366114313585,True,False
189,2,turn 2,2,0.4260048825138001,0,0.49912498522317733,True,True
189,3,turn 3,3,0.3430445388218295,0,0.501170906831694,True,True
189,4,turn 4,4,0.3415427372721186,0,0.5107731472084203,True,True
189,5,turn 5,5,0.3140467689633564,1,0.5117669034032541,True,True
189,6,turn 6,6,0.31858401892359245,1,0.509999634604424,True,True
190,2,turn 2,1,0.47651049835422593,0,0.4320305559525084,True,False
190,3,turn 3,2,0.41098676685158464,0,0.48871882025472546,True,True
190,4,turn 4,3,0.34981067973921937,1,0.5034527563434408,True,True
190,6,turn 6,4,0.43877005646113515,1,0.5099979124426275,True,True
190,7,turn 7,5,0.5228405687147339,1,0.5099999993351373,True,True
190,8,turn 8,6,0.5764769435048018,1,0.5099999999997857,True,True
191,1,turn 1,1,0.5536525903192294,1,0.5140944628198516,True,False
191,2,turn 2,2,0.5230116713496439,1,0.5136645961050191,True,True
192,2,turn 2,1,0.56783328744143,0,0.5488884029185029,True,False
192,3,turn 3,2,0.479282474371792,0,0.5506051031615882,True,True
192,4,turn 4,3,0.3920269457734278,0,0.5506221287715395,True,True
193,2,turn 2,1,0.4602264095394402,0,0.42571291394284716,True,False
193,3,turn 3,2,0.4046846592767811,1,0.4785197658888767,True,True
194,2,turn 2,1,0.47651049835422593,1,0.4320305559525084,True,False
194,3,turn 3,2,0.5496857156226325,1,0.5099716920521047,True,True
195,2,turn 2,1,0.47651049835422593,1,0.4320305559525084,True,False
195,3,turn 3,2,0.5496857156226325,0,0.5099716920521047,True,True
198,1,turn 1,1,0.5414961778747888,0,0.5187790584240548,True,False
198,2,turn 2,2,0.45681035894822886,1,0.5241002773521645,True,True
199,1,turn 1,1,0.5536525903192294,1,0.5140944628198516,True,False
199,2,turn 2,2,0.6411170661509407,1,0.5146078199631098,True,True
199,3,turn 3,3,0.5970335284909356,1,0.47837803670013623,True,True
200,1,turn 1,1,0.5146151646225026,0,0.47401689241991807,True,False
200,2,turn 2,2,0.41304346997863606,1,0.4977505422945188,True,True
200,3,turn 3,3,0.5293426684681193,0,0.5254357864555506,True,True
200,4,turn 4,4,0.437832718415841,1,0.5254414636889717,True,True
200,5,turn 5,5,0.46360153049640185,1,0.44668653907196765,True,True
201,1,turn 1,1,0.5740325537875275,1,0.5476148330838667,True,False
201,2,turn 2,2,0.663961730869333,0,0.5483516077208975,True,True
201,3,turn 3,3,0.46720065048734916,0,0.44442362174669536,True,True
201,4,turn 4,4,0.48903152550559814,0,0.5483516097811263,True,True
201,5,turn 5,5,0.39337306472746847,1,0.4872668350104724,True,True
202,2,turn 2,1,0.7125720268968025,1,0.647367135685647,True,False
202,3,turn 3,2,0.555948906984129,1,0.519909023093862,True,True
202,4,turn 4,3,0.6169107319993289,1,0.520428200814893,True,True
202,5,turn 5,4,0.6570109963725176,1,0.5204282018134865,True,True
202,6,turn 6,5,0.6793312309221586,1,0.5204282018134884,True,True
202,7,turn 7,6,0.5536525903192294,1,0.5140944628198516,True,True
204,2,turn 2,1,0.4499071407235263,0,0.4081938374861825,True,False
204,3,turn 3,2,0.45876061702325455,1,0.48927158248752284,True,True
205,2,turn 2,1,0.7198127618891565,1,0.6926496721118771,True,False
205,3,turn 3,2,0.5803152201995405,1,0.5403854121477317,True,True
205,4,turn 4,3,0.44839972911870596,0,0.4218540033527563,True,True
205,5,turn 5,4,0.46261064625989257,0,0.38869579571908497,True,True
206,2,turn 2,1,0.5185937792380458,1,0.47812135762922414,True,False
206,3,turn 3,2,0.5990915368656821,1,0.5122936765906821,True,True
206,4,turn 4,3,0.6558207206503298,0,0.512303907804609,True,True
206,5,turn 5,4,0.5877541604957501,1,0.5123039097531443,True,True
207,2,turn 2,1,0.5842225355216766,1,0.5643750182158742,True,False
207,3,turn 3,2,0.6753840632285291,1,0.5652235015997915,True,True
207,4,turn 4,3,0.4835349681568623,1,0.44214825243859673,True,True
208,2,turn 2,1,0.569202951954129,1,0.5537740769935463,True,False
208,3,turn 3,2,0.6305563919173052,1,0.5407603696692795,True,True
208,4,turn 4,3,0.5384213634509891,1,0.45305645948089174,True,True
208,5,turn 5,4,0.6560008625099778,1,0.5486940227364788,True,True
209,2,turn 2,1,0.49519726301855826,0,0.46845262504987245,True,False
209,3,turn 3,2,0.41803876916308136,0,0.5014457033833223,True,True
209,4,turn 4,3,0.4577493819410281,0,0.521258567205281,True,True
209,5,turn 5,4,0.39036999278281426,1,0.3413087727341019,True,True
209,6,turn 6,5,0.40988013450500704,0,0.5078180153108909,True,True
209,7,turn 7,6,0.39164220784591586,0,0.46538153161112283,True,True
209,8,turn 8,7,0.34667922008332175,0,0.49666564762799614,True,True
209,9,turn 9,8,0.3082638811596851,1,0.5055430746482554,True,True
210,2,turn 2,1,0.5226075184584227,0,0.49190970347787555,True,False
210,3,turn 3,2,0.5388874488833741,1,0.5547265504356852,True,True
210,4,turn 4,3,0.5807494355179126,1,0.5649302926830825,True,True
210,5,turn 5,4,0.5297889644056786,0,0.5182880695268878,True,True
210,6,turn 6,5,0.44688519222966555,0,0.5242581546627568,True,True
210,7,turn 7,6,0.38460793501500523,0,0.5258159536130759,True,True
210,8,turn 8,7,0.3509285571727643,0,0.5262348969001585,True,True
210,9,turn 9,8,0.5278888998828354,1,0.4963377027755853,True,True
210,10,turn 10,9,0.3355266950901705,0,0.5263484729675715,True,True
211,2,turn 2,1,0.5803152201995405,0,0.5403854121477317,True,False
211,3,turn 3,2,0.47855582346037556,0,0.5279317388349246,True,True
211,4,turn 4,3,0.4296240253396548,0,0.5305315056268929,True,True
211,5,turn 5,4,0.40232878580251846,0,0.5306139778517889,True,True
211,6,turn 6,5,0.3843501618714549,1,0.5306166377589399,True,True
211,7,turn 7,6,0.421130404493859,1,0.5306167264524414,True,True
212,2,turn 2,1,0.5185937792380458,0,0.47812135762922414,True,False
212,3,turn 3,2,0.49614999761803125,1,0.4973187108038423,True,True
213,2,turn 2,1,0.45771545114452783,1,0.4032682800550141,True,False
213,3,turn 3,2,0.39036999278281426,1,0.3413087727341019,True,True
213,4,turn 4,3,0.4890921897120907,0,0.5098229289950496,True,True
213,5,turn 5,4,0.45928435571682974,0,0.44878281225390665,True,True
213,6,turn 6,5,0.4032140217304923,0,0.4775172675715121,True,True
213,7,turn 7,6,0.369163435960531,0,0.42316325141675365,True,True
213,8,turn 8,7,0.40703664208337165,0,0.5099422911899523,True,True
214,2,turn 2,1,0.49111263019777024,0,0.4504444197494368,True,False
214,3,turn 3,2,0.4288116922064265,0,0.49175169682293546,True,True
214,4,turn 4,3,0.42525555606032217,1,0.3829732028358219,True,True
215,1,turn 1,1,0.49519726301855826,1,0.46845262504987245,True,False
215,2,turn 2,2,0.5858168094968869,1,0.509989305063663,True,True
215,3,turn 3,3,0.6493960417986093,1,0.509999997296656,True,True
216,2,turn 2,1,0.7125720268968025,1,0.647367135685647,True,False
216,3,turn 3,2,0.6800884783548238,0,0.583961471793148,True,True
216,4,turn 4,3,0.48356517809846744,1,0.5842205214831201,True,True
217,2,turn 2,1,0.4767509876452043,1,0.4419238258912033,True,False
217,3,turn 3,2,0.47516897994568313,0,0.42643301863300176,True,True
217,4,turn 4,3,0.41813646316337433,0,0.47543016331926197,True,True
217,5,turn 5,4,0.3672472520540513,0,0.49329445961026874,True,True
218,2,turn 2,1,0.5068595578802542,1,0.49475699766114817,True,False
218,3,turn 3,2,0.5391637848190336,1,0.5325721945488902,True,True
218,4,turn 4,3,0.4835349681568623,0,0.44214825243859673,True,True
219,2,turn 2,1,0.5339828876330425,0,0.45669250051710747,True,False
219,3,turn 3,2,0.38473965233392593,0,0.46936782669259425,True,True
219,5,turn 5,3,0.6399770905160109,0,0.6099738289180321,True,True
220,2,turn 2,1,0.47651049835422593,1,0.4320305559525084,True,False
220,3,turn 3,2,0.525295269112211,1,0.5043535747877871,True,True
222,3,turn 3,1,0.6069778500798516,1,0.5666763614756118,True,False
222,4,turn 4,2,0.5536525903192294,0,0.5140944628198516,True,True
222,5,turn 5,3,0.44643101251385653,1,0.5146067655203532,True,True
222,6,turn 6,4,0.5189126368758927,0,0.5146078209596266,True,True
222,7,turn 7,5,0.4251892338387731,1,0.5146078209616733,True,True
222,8,turn 8,6,0.48738795521585326,1,0.5146078209616776,True,True
222,9,turn 9,7,0.5719393646140725,0,0.5146078209616776,True,True
222,10,turn 10,8,0.45899760146012475,0,0.5146078209616776,True,True
223,2,turn 2,1,0.5536525903192294,0,0.5140944628198516,True,False
223,3,turn 3,2,0.44643101251385653,0,0.5146067655203532,True,True
223,4,turn 4,3,0.38945447693579716,0,0.5146078187894473,True,True
223,5,turn 5,4,0.3673202248715616,0,0.5146078209572068,True,True
223,6,turn 6,5,0.3597966982132132,0,0.5146078209616683,True,True
223,7,turn 7,6,0.3573578868024065,0,0.5146078209616776,True,True
223,8,turn 8,7,0.3565795819428675,1,0.5146078209616776,True,True
224,1,turn 1,1,0.4835349681568623,0,0.44214825243859673,True,False
224,2,turn 2,2,0.4736667843572688,1,0.49801994573108727,True,True
224,3,turn 3,3,0.4318063555995496,0,0.4317360792746041,True,True
224,4,turn 4,4,0.5836751967189193,1,0.647447035436772,True,True
225,1,turn 1,1,0.5803152201995405,1,0.5403854121477317,True,False
225,2,turn 2,2,0.5623260171539015,0,0.4783780362008533,True,True
225,3,turn 3,3,0.4672583844369669,0,0.504201128271536,True,True
225,4,turn 4,4,0.39065912864084107,1,0.5101712134084304,True,True
225,5,turn 5,5,0.4624767326666048,0,0.5123033480580179,True,True
225,6,turn 6,6,0.39127370766653513,0,0.5123037575525675,True,True
225,7,turn 7,7,0.3499147567999519,0,0.5123038688980752,True,True
226,1,turn 1,1,0.4835349681568623,0,0.44214825243859673,True,False
226,2,turn 2,2,0.46162716953483995,0,0.49427571662229886,True,True
226,3,turn 3,3,0.35657682065660923,0,0.5057346058551875,True,True
226,4,turn 4,4,0.36674057213848954,0,0.5089735874695103,True,True
226,5,turn 5,5,0.2877796876528999,0,0.5096880903299909,True,True
226,6,turn 6,6,0.45149331581822694,0,0.5502849405173073,True,True
226,7,turn 7,7,0.32119932443828036,0,0.5099609486954597,True,True
226,8,turn 8,8,0.3848151559141394,0,0.5506184682382844,True,True
226,9,turn 9,9,0.32176205592709195,0,0.550621467246422,True,True
228,2,turn 2,1,0.5351683228294181,0,0.5057246205148447,True,False
228,3,turn 3,2,0.5038320287493321,1,0.5394424544442278,True,True
228,4,turn 4,3,0.5497509173956194,1,0.5244026339460608,True,True
229,1,turn 1,1,0.5803152201995405,1,0.5403854121477317,True,False
229,2,turn 2,2,0.6599065236422226,1,0.5409250886841068,True,True
230,2,turn 2,1,0.45482066585381853,1,0.40767134045134945,True,False
230,3,turn 3,2,0.5582316611081786,1,0.5238532369430903,True,True
230,4,turn 4,3,0.6224461678419012,1,0.524403298242754,True,True
231,2,turn 2,1,0.5509294483275525,0,0.5381360247082109,True,False
231,3,turn 3,2,0.6574138466865049,1,0.6072692808134408,True,True
231,4,turn 4,3,0.4849659518047098,0,0.4441669426768099,True,True
231,5,turn 5,4,0.42633274603748256,0,0.48726630728981024,True,True
231,6,turn 6,5,0.736169121382367,1,0.6078759186134388,True,True
231,7,turn 7,6,0.3963518657356523,1,0.5054771786224515,True,True
232,2,turn 2,1,0.5282414614445144,1,0.5009964863218389,True,False
232,3,turn 3,2,0.5815693988015016,1,0.5341731265762034,True,True
232,4,turn 4,3,0.6818018870626932,1,0.5345068699345673,True,True
232,5,turn 5,4,0.8035234498266636,1,0.5485856251927769,True,True
232,6,turn 6,5,0.7390145127053291,1,0.5345069135281397,True,True
233,1,turn 1,1,0.4587055447326939,0,0.42716305409664623,True,False
233,2,turn 2,2,0.5302560740997417,1,0.5044257302404999,True,True
233,3,turn 3,3,0.6411170661509407,1,0.5146078199631098,True,True
233,4,turn 4,4,0.6587549694524303,1,0.5406420912186438,True,True
233,5,turn 5,5,0.7160774531123417,1,0.5409250891833908,True,True
234,2,turn 2,1,0.6069778500798516,1,0.5666763614756118,True,False
234,3,turn 3,2,0.4835349681568623,1,0.44214825243859673,True,True
235,2,turn 2,1,0.5282414614445144,1,0.5009964863218389,True,False
235,3,turn 3,2,0.6526526723586441,1,0.5596280777527093,True,True
235,4,turn 4,3,0.7552965134542026,1,0.5596775158190631,True,True
235,5,turn 5,4,0.8151105698862858,1,0.559677544531914,True,True
235,6,turn 6,5,0.8455334952567904,1,0.5596775445485861,True,True
236,2,turn 2,1,0.49519726301855826,0,0.46845262504987245,True,False
236,3,turn 3,2,0.41639478118942574,0,0.4937944355834495,True,True
236,4,turn 4,3,0.35657682065660923,1,0.5057346058551875,True,True
236,5,turn 5,4,0.4321851904782156,1,0.44159665180923025,True,True
237,2,turn 2,1,0.4877646406756222,0,0.4431457145741835,True,False
237,3,turn 3,2,0.42055065918076595,0,0.48658969334138086,True,True
237,4,turn 4,3,0.37278859468802894,1,0.5005444533259439,True,True
237,5,turn 5,4,0.42580719221632984,0,0.5115302186292846,True,True
237,6,turn 6,5,0.3803687063829517,0,0.5115329071804753,True,True
237,7,turn 7,6,0.35011640812389283,1,0.5115343056409806,True,True
237,8,turn 8,7,0.39047392642682927,0,0.511535939466009,True,True
237,9,turn 9,8,0.3587072162460676,1,0.5115359398540661,True,True
238,2,turn 2,1,0.5452564091183569,1,0.5044123069571043,True,False
238,3,turn 3,2,0.6178809943569639,0,0.5386109453116792,True,True
238,4,turn 4,3,0.5321962806265765,0,0.5258327948092444,True,True
238,5,turn 5,4,0.45362181100717897,0,0.5263876131295205,True,True
238,6,turn 6,5,0.48985703141289666,1,0.5485392352391165,True,True
238,7,turn 7,6,0.50465090853575,0,0.5386211791470026,True,True
238,8,turn 8,7,0.42926279864463046,0,0.5386211791873219,True,True
238,9,turn 9,8,0.3853914650566531,1,0.538621179197975,True,True
238,10,turn 10,9,0.4306019399128175,0,0.5386211792019515,True,True
239,2,turn 2,1,0.4835349681568623,1,0.44214825243859673,True,False
239,3,turn 3,2,0.5570660075804235,0,0.5099795332182545,True,True
239,4,turn 4,3,0.5027124924931701,0,0.5099944351013345,True,True
239,5,turn 5,4,0.43644657432746115,0,0.5099984868632825,True,True
239,6,turn 6,5,0.5137980438619255,1,0.5462498749984624,True,True
241,2,turn 2,1,0.569202951954129,0,0.5537740769935463,True,False
241,3,turn 3,2,0.4741740115525761,0,0.5560559250321813,True,True
241,4,turn 4,3,0.47532286192482354,0,0.5417346601280173,True,True
241,5,turn 5,4,0.4393459058620708,1,0.5465146598260558,True,True
241,6,turn 6,5,0.5013014578106656,0,0.5468156517524675,True,True
241,7,turn 7,6,0.44529351029088377,1,0.5468156683855211,True,True
241,8,turn 8,7,0.5038140025882296,1,0.5016129930009283,True,True
243,2,turn 2,1,0.4835349681568623,0,0.44214825243859673,True,False
243,3,turn 3,2,0.5230116713496439,0,0.5136645961050191,True,True
243,4,turn 4,3,0.4364500097482123,0,0.523412060356433,True,True
245,2,turn 2,1,0.4866268515295687,0,0.4529393698553883,True,False
245,3,turn 3,2,0.4548084314898381,0,0.5084374568860289,True,True
246,2,turn 2,1,0.48238173949611024,0,0.4607040800120774,True,False
246,3,turn 3,2,0.5167750369159776,0,0.5132210744523493,True,True
246,4,turn 4,3,0.42414810008321935,1,0.44490594762030256,True,True
247,1,turn 1,1,0.4211809066284171,0,0.3528295567406809,True,False
247,2,turn 2,2,0.4205475210320146,0,0.4099579821695434,True,True
247,3,turn 3,3,0.3775788779046051,0,0.4627829956005028,True,True
248,2,turn 2,1,0.569202951954129,1,0.5537740769935463,True,False
248,3,turn 3,2,0.4499071407235263,0,0.4081938374861825,True,True
248,4,turn 4,3,0.532856600120075,0,0.5182880674246382,True,True
248,5,turn 5,4,0.4500087772110871,0,0.5242581546533371,True,True
248,6,turn 6,5,0.6084106883302424,0,0.556094828406795,True,True
248,7,turn 7,6,0.36001643335067535,0,0.4843880264075464,True,True
248,8,turn 8,7,0.46458449472277746,0,0.5560948603914061,True,True
248,9,turn 9,8,0.44721340978793706,0,0.5560948610635869,True,True
248,10,turn 10,9,0.44384667551019424,0,0.5560948610778292,True,True
249,1,turn 1,1,0.4217147303187083,0,0.3854102358831744,True,False
249,2,turn 2,2,0.5536525903192294,0,0.5140944628198516,True,True
249,3,turn 3,3,0.44643101251385653,0,0.5146067655203532,True,True
249,4,turn 4,4,0.38945447693579716,1,0.5146078187894473,True,True
249,5,turn 5,5,0.49651041150889164,1,0.530342841712277,True,True
250,2,turn 2,1,0.45482066585381853,1,0.40767134045134945,True,False
250,3,turn 3,2,0.5101247279669141,0,0.5099404789924243,True,True
250,4,turn 4,3,0.4709303489392046,0,0.5099702016750989,True,True
250,5,turn 5,4,0.4244240915113146,0,0.5099844339536834,True,True
250,6,turn 6,5,0.558814487872056,1,0.5307900888055082,True,True
250,7,turn 7,6,0.37907956347373073,1,0.5099916756641878,True,True
250,8,turn 8,7,0.44204860871262375,1,0.5099999956654031,True,True
251,2,turn 2,1,0.6720823949774435,1,0.659567535595678,True,False
251,3,turn 3,2,0.6461628900651768,1,0.5991551713523606,True,True
251,4,turn 4,3,0.6972385306014469,1,0.5994238581379353,True,True
251,5,turn 5,4,0.6587968512476478,0,0.5263965852847403,True,True
251,6,turn 6,5,0.704525618879039,1,0.607590145081786,True,True
251,7,turn 7,6,0.7685017997083244,1,0.6078759191129812,True,True
251,8,turn 8,7,0.8229322824851296,1,0.6078759196123922,True,True
252,1,turn 1,1,0.41714436008408856,0,0.3843770412365381,True,False
252,2,turn 2,2,0.45927299864767646,0,0.41416945818261286,True,True
252,3,turn 3,3,0.4149640690959149,0,0.47798424090933156,True,True
252,4,turn 4,4,0.37481155199973043,0,0.49968037183368663,True,True
252,5,turn 5,5,0.337465573815579,1,0.5094604953946302,True,True
252,6,turn 6,6,0.39080625922104667,0,0.4503965425390846,True,True
253,1,turn 1,1,0.47651049835422593,1,0.4320305559525084,True,False
253,2,turn 2,2,0.5245824907725478,1,0.5023604242735514,True,True
253,3,turn 3,3,0.5684527174873873,0,0.5099897604724091,True,True
253,4,turn 4,4,0.44891510904546467,0,0.4076483726921044,True,True
253,5,turn 5,5,0.35447187607139546,0,0.4545771750618106,True,True
253,6,turn 6,6,0.5305295760724931,1,0.5099972153843928,True,True
253,7,turn 7,7,0.5782933388863563,1,0.5099999992716218,True,True
254,2,turn 2,1,0.49557246622074747,0,0.4540872899890555,True,False
254,3,turn 3,2,0.4395283686798378,1,0.42070748590081597,True,True
254,4,turn 4,3,0.46455161489691443,0,0.5217774610389265,True,True
254,5,turn 5,4,0.4687416128866587,1,0.49848917322607356,True,True
255,2,turn 2,1,0.405397189386818,1,0.47420946543176123,True,False
255,3,turn 3,2,0.5216589038899054,1,0.9980020009999981,True,True
255,4,turn 4,3,0.6340241978193959,0,0.6608103268761084,True,True
255,5,turn 5,4,0.6762555941110057,0,0.6608264510971402,True,True
255,6,turn 6,5,0.6961506432843767,0,0.6608379062165162,True,True
255,7,turn 7,6,0.7077232795610557,1,0.6608458134667774,True,True
255,8,turn 8,7,0.7379269272667771,0,0.6609218876512526,True,True
255,9,turn 9,8,0.7386431268334902,0,0.6609218902055988,True,True
256,3,turn 3,1,0.6127020440342734,1,0.5902030708981051,True,False
256,4,turn 4,2,0.6546108723953258,1,0.5386534811631236,True,True
257,2,turn 2,1,0.45757613597784236,1,0.4270074722048615,True,False
257,3,turn 3,2,0.6676251962027107,1,0.5788359906557232,True,True
257,4,turn 4,3,0.5841937303037166,0,0.5190085412029757,True,True
257,5,turn 5,4,0.4848845675364935,0,0.5198091758508442,True,True
257,6,turn 6,5,0.4103902369375032,0,0.5198146933999079,True,True
257,7,turn 7,6,0.37026290231857556,0,0.519814787887306,True,True
257,9,turn 9,7,0.669175113075609,0,0.6583883687793721,True,True
258,2,turn 2,1,0.5185937792380458,0,0.47812135762922414,True,False
258,3,turn 3,2,0.42591194399770615,0,0.4139780567271212,True,True
258,4,turn 4,3,0.5497075963446125,1,0.5343118794629658,True,True
258,5,turn 5,4,0.6106840056563332,0,0.5386210517388077,True,True
259,2,turn 2,1,0.4499071407235263,0,0.4081938374861825,True,False
259,3,turn 3,2,0.5536171034356602,1,0.5390198071604467,True,True
260,1,turn 1,1,0.45550518768929926,1,0.40527489953592066,True,False
260,2,turn 2,2,0.4748782957863016,1,0.4431268181081351,True,True
260,3,turn 3,3,0.5672727361816597,0,0.5288069274752268,True,True
260,4,turn 4,4,0.5194741462312539,0,0.5290119109365619,True,True
262,2,turn 2,1,0.5396006763799006,0,0.5196454962160767,True,False
262,3,turn 3,2,0.45171991459677824,1,0.5342118363726376,True,True
263,2,turn 2,1,0.5087217172067096,1,0.48636599296680455,True,False
263,3,turn 3,2,0.5989985836981172,1,0.5209151031035182,True,True
263,4,turn 4,3,0.6501814609458499,1,0.5209272304925929,True,True
264,1,turn 1,1,0.5729643935512018,1,0.5598255382317422,True,False
264,2,turn 2,2,0.6830237953691213,1,0.5627513908750716,True,True
264,3,turn 3,3,0.5185937792380458,1,0.47812135762922414,True,True
266,1,turn 1,1,0.5230116713496439,1,0.5136645961050191,True,False
266,2,turn 2,2,0.5842225355216766,1,0.5643750182158742,True,True
266,3,turn 3,3,0.6395827473726294,1,0.5239182773627294,True,True
266,4,turn 4,4,0.4835349681568623,1,0.44214825243859673,True,True
267,2,turn 2,1,0.5163637498735145,1,0.4995541566713986,True,False
267,3,turn 3,2,0.6298492033098506,0,0.5198118094974555,True,True
267,4,turn 4,3,0.5431703881679082,1,0.5198143330758425,True,True
267,5,turn 5,4,0.6495448648536448,1,0.5198147994193337,True,True
267,6,turn 6,5,0.7109064254572618,1,0.5198147994855624,True,True
268,1,turn 1,1,0.5185937792380458,0,0.47812135762922414,True,False
268,2,turn 2,2,0.4899345479277113,1,0.5250258541931382,True,True
268,3,turn 3,3,0.534333831163651,1,0.46506650876620653,True,True
268,4,turn 4,4,0.6586756118991604,1,0.5305358660101146,True,True
268,5,turn 5,5,0.720253132807021,0,0.5306166651406704,True,True
268,6,turn 6,6,0.5367580173586247,1,0.5123017219916393,True,True
268,7,turn 7,7,0.613037268117402,1,0.5123039099085247,True,True
268,8,turn 8,8,0.6641038863549731,1,0.5123039104806891,True,True
268,9,turn 9,9,0.7249870960905602,1,0.5409250896827913,True,True
268,10,turn 10,10,0.763603789569048,0,0.5409250896827913,True,True
270,1,turn 1,1,0.5060048923560606,0,0.3873227855444128,True,False
270,2,turn 2,2,0.3397973874319479,1,0.38757893756992756,True,True
271,1,turn 1,1,0.5083890524595565,0,0.46489834200454455,True,False
271,2,turn 2,2,0.43832784965958366,0,0.4971317393575247,True,True
271,3,turn 3,3,0.3847288605267037,0,0.506859966726957,True,True
271,4,turn 4,4,0.34959315322559487,0,0.5110711572733021,True,True
271,5,turn 5,5,0.3282623000899435,0,0.5132708430223869,True,True
271,6,turn 6,6,0.31594768956692076,0,0.5145559570076327,True,True
271,7,turn 7,7,0.3091669028055317,0,0.5153608837074116,True,True
271,8,turn 8,8,0.3055757182429544,1,0.5158873868558463,True,True
271,9,turn 9,9,0.44390498546352947,0,0.5752749391335026,True,True
272,1,turn 1,1,0.5838919130584476,0,0.530087358027464,True,False
272,2,turn 2,2,0.44808707686826194,1,0.44330117030152066,True,True
272,3,turn 3,3,0.5252482091706291,1,0.49412370312673043,True,True
273,1,turn 1,1,0.43228002586295855,1,0.3930908993219102,True,False
273,2,turn 2,2,0.49293156469613264,1,0.502299811423023,True,True
273,3,turn 3,3,0.5858168094968869,0,0.509989305063663,True,True
273,4,turn 4,4,0.5015158461390278,0,0.5099971893571675,True,True
274,1,turn 1,1,0.5337213146336581,0,0.5012428100165377,True,False
274,2,turn 2,2,0.45571436696579176,1,0.5189994321522493,True,True
274,3,turn 3,3,0.5368843636216415,1,0.5244018427615281,True,True
275,1,turn 1,1,0.5536171034356602,0,0.5390198071604467,True,False
275,2,turn 2,2,0.4605511979486163,0,0.5443161865699346,True,True
275,3,turn 3,3,0.4499071407235263,1,0.4081938374861825,True,True
275,4,turn 4,4,0.5821279490996488,1,0.5292083816383997,True,True
275,5,turn 5,5,0.5084857722643255,1,0.41099779923709756,True,True
276,1,turn 1,1,0.5337213146336581,0,0.5012428100165377,True,False
276,2,turn 2,2,0.45571436696579176,1,0.5189994321522493,True,True
279,2,turn 2,1,0.5802087963012996,1,0.5505866723672229,True,False
279,3,turn 3,2,0.6315648880831586,0,0.5646682292254552,True,True
279,4,turn 4,3,0.48485472690652665,1,0.5652210221629888,True,True
279,5,turn 5,4,0.5461782220658494,1,0.5652235041921049,True,True
279,6,turn 6,5,0.6421501068864361,1,0.5286947617167179,True,True
280,2,turn 2,1,0.47651049835422593,1,0.4320305559525084,True,False
280,4,turn 4,2,0.5496857156226325,1,0.5099716920521047,True,True
280,6,turn 6,3,0.5904743899350009,0,0.509999991187053,True,True
280,7,turn 7,4,0.5640004135021119,0,0.509999997106031,True,True
280,8,turn 8,5,0.5215267607190869,1,0.5099999990374328,True,True
281,2,turn 2,1,0.5803152201995405,0,0.5403854121477317,True,False
281,3,turn 3,2,0.4587055447326939,0,0.42716305409664623,True,True
281,4,turn 4,3,0.42610636355077475,0,0.37319442846410217,True,True
281,5,turn 5,4,0.37672990292693476,0,0.3803954979622207,True,True
281,6,turn 6,5,0.3515853327918718,1,0.4274302769757568,True,True
281,7,turn 7,6,0.5842225355216766,1,0.5643750182158742,True,True
281,8,turn 8,7,0.432385914540527,1,0.4916191663917583,True,True
282,2,turn 2,1,0.5536171034356602,0,0.5390198071604467,True,False
282,3,turn 3,2,0.4605511979486163,0,0.5443161865699346,True,True
282,4,turn 4,3,0.43444208709722415,0,0.5445567889393229,True,True
282,6,turn 6,4,0.44969858010493124,1,0.37707192813262486,True,True
282,7,turn 7,5,0.5940610840470344,0,0.5662129946799812,True,True
282,8,turn 8,6,0.424707551540215,1,0.5445702926204035,True,True
283,2,turn 2,1,0.6093675968203747,0,0.5772446514764276,True,False
283,3,turn 3,2,0.4195291788496898,1,0.46297725484093816,True,True
284,2,turn 2,1,0.5536525903192294,0,0.5140944628198516,True,False
284,3,turn 3,2,0.44643101251385653,0,0.5146067655203532,True,True
286,2,turn 2,1,0.5185937792380458,0,0.47812135762922414,True,False
286,3,turn 3,2,0.43141289685164114,0,0.5042006005519013,True,True
286,4,turn 4,3,0.3730156487962032,1,0.5101712123223174,True,True
287,1,turn 1,1,0.5536525903192294,0,0.5140944628198516,True,False
287,2,turn 2,2,0.44643101251385653,0,0.5146067655203532,True,True
288,1,turn 1,1,0.5803152201995405,0,0.5403854121477317,True,False
288,2,turn 2,2,0.43893264160480383,0,0.44699578855281363,True,True
288,3,turn 3,3,0.4164571913547359,0,0.5409250870905664,True,True
288,4,turn 4,4,0.3929926962501447,1,0.4866079613942825,True,True
288,5,turn 5,5,0.40828774250212707,1,0.5409250896827913,True,True
288,6,turn 6,6,0.4591797637994263,1,0.5223400706513541,True,True
288,7,turn 7,7,0.47381961200798217,0,0.5409250896827913,True,True
288,8,turn 8,8,0.4778844786724551,0,0.5223700145319674,True,True
288,9,turn 9,9,0.39710294081782016,1,0.5409250896827913,True,True
288,10,turn 10,10,0.4601268063624443,0,0.5223700196781034,True,True
289,1,turn 1,1,0.46156943558522223,0,0.4344982100974582,True,False
289,2,turn 2,2,0.4129586183489228,0,0.4845114101212312,True,True
289,3,turn 3,3,0.4979879849357116,1,0.5238417058242293,True,True
289,4,turn 4,4,0.5721048120280744,0,0.5244032989485593,True,True
289,5,turn 5,5,0.49529539973660136,0,0.5244033016884274,True,True
289,6,turn 6,6,0.43334519319013487,0,0.5244033017572182,True,True
289,7,turn 7,7,0.39380102244252296,1,0.5244033017610256,True,True
289,8,turn 8,8,0.407468140985354,0,0.5031732692277278,True,True
289,9,turn 9,9,0.387691901337248,1,0.5127900712075564,True,True
290,1,turn 1,1,0.558814487872056,1,0.5307900888055082,True,False
290,2,turn 2,2,0.5230116713496439,0,0.5136645961050191,True,True
290,3,turn 3,3,0.4364500097482123,0,0.523412060356433,True,True
290,4,turn 4,4,0.6014855046849767,1,0.5284380810428392,True,True
290,5,turn 5,5,0.4093296602473401,0,0.523890086517194,True,True
290,6,turn 6,6,0.4002376228556923,0,0.5239170810933208,True,True
290,7,turn 7,7,0.3971444920649189,0,0.5239186841757915,True,True
290,8,turn 8,8,0.6661802704526218,1,0.5316049521426016,True,True
290,9,turn 9,9,0.7058188923176043,0,0.5316049526419063,True,True
290,10,turn 10,10,0.39609644016206996,0,0.5239187811303087,True,True
290,11,turn 11,11,0.3957424883279133,0,0.5239187870322244,True,True
290,12,turn 12,12,0.39562313182335307,0,0.5239187873923075,True,True
290,13,turn 13,13,0.3955829082718964,0,0.523918787414294,True,True
292,1,turn 1,1,0.39361640099997025,1,0.3280808903119498,True,False
292,3,turn 3,2,0.5444532797988834,0,0.5675745300714563,True,True
292,4,turn 4,3,0.5171686010413031,1,0.5843475680859447,True,True
292,5,turn 5,4,0.5507180712460447,0,0.5875201486693253,True,True
292,6,turn 6,5,0.5255272893070699,0,0.5875204459177381,True,True
292,7,turn 7,6,0.5043320884960291,0,0.5875203975920321,True,True
292,8,turn 8,7,0.4889376751157349,0,0.5875202573136109,True,True
292,9,turn 9,8,0.5702807205635029,0,0.5756509111843637,True,True
292,10,turn 10,9,0.5226351463609846,0,0.5993019403347286,True,True
292,11,turn 11,10,0.4906768144136118,1,0.6042484560745198,True,True
293,2,turn 2,1,0.4898794769350021,0,0.4436444456419769,True,False
293,3,turn 3,2,0.5197419375704957,0,0.4810286377662294,True,True
293,4,turn 4,3,0.4934054149506535,0,0.5075920595693441,True,True
293,5,turn 5,4,0.4164804910040327,1,0.5147625853731159,True,True
293,6,turn 6,5,0.4964395928905664,0,0.5152140743339608,True,True
294,2,turn 2,1,0.4835349681568623,0,0.44214825243859673,True,False
294,3,turn 3,2,0.4888761012268769,0,0.42981184484334767,True,True
294,4,turn 4,3,0.34768903849530736,1,0.4672356476960252,True,True
295,2,turn 2,1,0.5329558757453583,0,0.49930462325853425,True,False
295,3,turn 3,2,0.44454094713005965,0,0.5170593134998538,True,True
295,4,turn 4,3,0.38896935052746023,0,0.5210413686240826,True,True
295,5,turn 5,4,0.3604139492732508,1,0.5220799093612313,True,True
295,6,turn 6,5,0.4036910226143833,0,0.5224630743569275,True,True
295,7,turn 7,6,0.3682212070074607,0,0.5224631474962665,True,True
297,2,turn 2,1,0.44969858010493124,0,0.37707192813262486,True,False
297,3,turn 3,2,0.5230116713496439,1,0.5136645961050191,True,True
297,4,turn 4,3,0.3714217179052649,0,0.4454588430037503,True,True
297,5,turn 5,4,0.3069096753051565,1,0.47076164515356056,True,True
299,1,turn 1,1,0.5971988986636239,0,0.5444744490577459,True,False
299,2,turn 2,2,0.44549622316411697,0,0.5450170179781174,True,True
299,3,turn 3,3,0.34544807055672966,1,0.5450182176297838,True,True
299,4,turn 4,4,0.45364989959879326,1,0.5450182203032071,True,True
299,5,turn 5,5,0.49519726301855826,1,0.46845262504987245,True,True
299,6,turn 6,6,0.5858168094968869,1,0.509989305063663,True,True
300,1,turn 1,1,0.5185937792380458,0,0.47812135762922414,True,False
300,2,turn 2,2,0.43141289685164114,1,0.5042006005519013,True,True
300,3,turn 3,3,0.5110886259886367,1,0.5123017219906139,True,True
300,4,turn 4,4,0.5886000708136114,0,0.5123039099085247,True,True
300,5,turn 5,5,0.41586219205300023,0,0.311995603826653,True,True
300,6,turn 6,6,0.326448654621104,0,0.39712325042405117,True,True
300,7,turn 7,7,0.2572425299537038,0,0.43578868445193364,True,True
300,8,turn 8,8,0.2151161565699296,0,0.45720400470122485,True,True
301,1,turn 1,1,0.4632141793274164,0,0.41299615510658017,True,False
301,2,turn 2,2,0.49111263019777024,1,0.4504444197494368,True,True
303,1,turn 1,1,0.558434876307869,0,0.541169011364299,True,False
303,2,turn 2,2,0.602857498014341,1,0.5509976649563657,True,True
303,3,turn 3,3,0.4862341091047267,1,0.5398616549609825,True,True
303,4,turn 4,4,0.6943063297286884,1,0.551547965334746,True,True
304,1,turn 1,1,0.7483562109320926,1,0.6146929023499808,True,False
304,2,turn 2,2,0.5310560368640379,0,0.513515595180535,True,True
304,3,turn 3,3,0.520815670390518,0,0.5310491379973471,True,True
304,4,turn 4,4,0.44203763627911263,0,0.5316024694793976,True,True
304,5,turn 5,5,0.39494291012902644,0,0.5316049415182067,True,True
304,6,turn 6,6,0.3724533898503677,0,0.53160495259207,True,True
304,7,turn 7,7,0.3627121020941347,1,0.531604952641684,True,True
304,8,turn 8,8,0.3915944874075,1,0.5316049526419073,True,True
305,1,turn 1,1,0.5536525903192294,1,0.5140944628198516,True,False
305,2,turn 2,2,0.5842225355216766,0,0.5643750182158742,True,True
305,3,turn 3,3,0.4835349681568623,0,0.44214825243859673,True,True
305,4,turn 4,4,0.41639478118942574,1,0.4937944355834495,True,True
306,1,turn 1,1,0.4576255249798913,1,0.42266982672211123,True,False
306,2,turn 2,2,0.49111263019777024,1,0.4504444197494368,True,True
306,3,turn 3,3,0.6049035604627572,0,0.5354532233070691,True,True
306,4,turn 4,4,0.5176277322327119,1,0.46873477883562575,True,True
307,1,turn 1,1,0.5729643935512018,1,0.5598255382317422,True,False
307,2,turn 2,2,0.6830237953691213,1,0.5627513908750716,True,True
307,3,turn 3,3,0.7955029145822796,1,0.5627514398811578,True,True
307,4,turn 4,4,0.8782947987209262,1,0.5627514398820437,True,True
307,5,turn 5,5,0.7302474399828369,1,0.5404827579855974,True,True
307,6,turn 6,6,0.7911422722085533,1,0.5445709139847464,True,True
308,2,turn 2,1,0.5270058754453072,0,0.4996213569276903,True,False
308,3,turn 3,2,0.44352250567374796,1,0.34719174921771767,True,True
309,1,turn 1,1,0.5803152201995405,0,0.5403854121477317,True,False
309,2,turn 2,2,0.47161506388587665,0,0.540923909527227,True,True
309,3,turn 3,3,0.5019635712205474,0,0.5783738235138617,True,True
310,2,turn 2,1,0.5048605630142837,0,0.47454497004890583,True,False
310,3,turn 3,2,0.43861206751904425,0,0.505204223339842,True,True
310,4,turn 4,3,0.3940632066232884,0,0.5150471929925928,True,True
311,2,turn 2,1,0.5163637498735145,0,0.4995541566713986,True,False
311,3,turn 3,2,0.47651049835422593,0,0.4320305559525084,True,True
311,4,turn 4,3,0.44268295094010524,0,0.516999458295258,True,True
311,5,turn 5,4,0.3917601177180515,0,0.5193808358487033,True,True
311,6,turn 6,5,0.41098676685158464,1,0.48871882025472546,True,True
312,2,turn 2,1,0.4446820267591689,0,0.40269821937008016,True,False
312,3,turn 3,2,0.5230116713496439,1,0.5136645961050191,True,True
312,4,turn 4,3,0.6395827473726294,1,0.5239182773627294,True,True
312,5,turn 5,4,0.41098676685158464,0,0.48871882025472546,True,True
312,6,turn 6,5,0.34981067973921937,0,0.5034527563434408,True,True
312,7,turn 7,6,0.303714692374341,0,0.5078943396916094,True,True
312,8,turn 8,7,0.2742765003540256,0,0.5093070380896463,True,True
313,1,turn 1,1,0.5185937792380458,0,0.47812135762922414,True,False
313,2,turn 2,2,0.43141289685164114,0,0.5042006005519013,True,True
313,3,turn 3,3,0.3730156487962032,0,0.5101712123223174,True,True
313,4,turn 4,4,0.34055930600590184,0,0.5117290123565161,True,True
313,5,turn 5,5,0.32378819293305655,0,0.5121479556458296,True,True
313,6,turn 6,6,0.3154205551499736,0,0.5122615317132472,True,True
313,7,turn 7,7,0.3113216258782028,0,0.5122923892454626,True,True
313,8,turn 8,8,0.3093297284794131,0,0.5123007778842652,True,True
313,9,turn 9,9,0.3083638514932866,1,0.5123030587060973,True,True
314,2,turn 2,1,0.5022245290092271,1,0.4593851915749561,True,False
314,3,turn 3,2,0.5801628324654019,1,0.5115170680224397,True,True
314,4,turn 4,3,0.5808762828766617,1,0.52055704563042,True,True
314,5,turn 5,4,0.6223842209218041,1,0.5209272330867535,True,True
314,6,turn 6,5,0.6494632984208503,1,0.5209272344901028,True,True
314,7,turn 7,6,0.6645018976696672,1,0.5209272344901087,True,True
314,8,turn 8,7,0.5990425166172976,0,0.513303007697954,True,True
314,9,turn 9,8,0.5732193140309504,1,0.5134757071591799,True,True
314,10,turn 10,9,0.5980499380368514,1,0.5134760672704708,True,True
315,1,turn 1,1,0.5536525903192294,0,0.5140944628198516,True,False
315,2,turn 2,2,0.558814487872056,0,0.5307900888055082,True,True
315,3,turn 3,3,0.5433581371522114,1,0.553753001696067,True,True
315,4,turn 4,4,0.5117258273489929,0,0.5316024706035856,True,True
315,5,turn 5,5,0.4487341090867927,0,0.5316049415205485,True,True
315,6,turn 6,6,0.4602575637452148,1,0.45323763678875717,True,True
315,7,turn 7,7,0.5763105016610598,0,0.6700421878925625,True,True
315,8,turn 8,8,0.40431351379133795,0,0.5316049525920749,True,True
315,9,turn 9,9,0.5224671273755234,0,0.6694649130562345,True,True
315,10,turn 10,10,0.5105261833490511,1,0.6677861367403457,True,True
316,1,turn 1,1,0.4444639218192091,0,0.3777488001862429,True,False
316,2,turn 2,2,0.33469042001136196,0,0.4466022215037625,True,True
316,3,turn 3,3,0.2595903836397533,1,0.47231530460821985,True,True
317,1,turn 1,1,0.5185937792380458,1,0.47812135762922414,True,False
317,2,turn 2,2,0.5990915368656821,0,0.5122936765906821,True,True
317,3,turn 3,3,0.510417240088839,1,0.5123011280304784,True,True
318,2,turn 2,1,0.49519726301855826,0,0.46845262504987245,True,False
318,3,turn 3,2,0.4905200892005326,1,0.43746311264322046,True,True
318,4,turn 4,3,0.6524424486024659,0,0.6000756843347752,True,True
318,5,turn 5,4,0.4662260820539289,1,0.5018971912189435,True,True
318,6,turn 6,5,0.5032646151013805,0,0.509995623021601,True,True
318,7,turn 7,6,0.43704679649128547,0,0.5099988098646208,True,True
318,8,turn 8,7,0.3734571191151724,1,0.5099996763905819,True,True
319,2,turn 2,1,0.49519726301855826,0,0.46845262504987245,True,False
319,3,turn 3,2,0.4794232709778853,0,0.5208345828660426,True,True
319,4,turn 4,3,0.4147761207113551,0,0.5238360446956712,True,True
319,5,turn 5,4,0.4008080435983726,0,0.5239159350981544,True,True
319,6,turn 6,5,0.44612022312059063,1,0.3966685106046931,True,True
319,7,turn 7,6,0.38480858770981563,1,0.5018971150785473,True,True
319,8,turn 8,7,0.42473734775693234,1,0.5239187625754903,True,True
320,1,turn 1,1,0.4835349681568623,0,0.44214825243859673,True,False
320,2,turn 2,2,0.41639478118942574,1,0.4937944355834495,True,True
320,3,turn 3,3,0.5032646151013805,1,0.509995623021601,True,True
321,2,turn 2,1,0.4878245976477682,1,0.4645175133668141,True,False
321,3,turn 3,2,0.5511508867281425,0,0.5099819093926498,True,True
321,4,turn 4,3,0.5054198457623523,1,0.5099936199285777,True,True
321,5,turn 5,4,0.5616654932670535,0,0.5099999978339825,True,True
321,6,turn 6,5,0.5208993283890129,0,0.5099999992353919,True,True
321,7,turn 7,6,0.46759291731596375,0,0.5099999997300918,True,True
321,8,turn 8,7,0.4094996487339687,1,0.5099999999047218,True,True
321,9,turn 9,8,0.48544532722620926,1,0.5099999999999676,True,True
321,10,turn 10,9,0.7483562109320926,1,0.6146929023499808,True,True
322,2,turn 2,1,0.5536171034356602,1,0.5390198071604467,True,False
322,3,turn 3,2,0.44779619605118215,1,0.39755364396526116,True,True
322,4,turn 4,3,0.6059037488700939,1,0.5330248055962651,True,True
323,2,turn 2,1,0.6676251962027107,0,0.5788359906557232,True,False
323,3,turn 3,2,0.5270058754453072,0,0.4996213569276903,True,True
323,4,turn 4,3,0.4467064645085281,0,0.5165238169099857,True,True
323,5,turn 5,4,0.5154572934567913,1,0.47181159847586834,True,True
324,1,turn 1,1,0.5631063884006965,1,0.5372904228856191,True,False
324,2,turn 2,2,0.6376398993590319,1,0.5386174761416581,True,True
324,3,turn 3,3,0.6824810992709036,1,0.5386174875075781,True,True
325,1,turn 1,1,0.48086014465254917,1,0.4231973543974458,True,False
325,2,turn 2,2,0.6092863844409857,1,0.5114482572820425,True,True
325,3,turn 3,3,0.668394835508748,0,0.5115358772218822,True,True
325,4,turn 4,4,0.6150113145498084,1,0.5115358915158228,True,True
325,5,turn 5,5,0.6642936279520605,1,0.5115359402838101,True,True
325,7,turn 7,6,0.6896718001487502,0,0.5115359403205314,True,True
326,1,turn 1,1,0.5803152201995405,0,0.5403854121477317,True,False
326,2,turn 2,2,0.47161506388587665,0,0.540923909527227,True,True
326,3,turn 3,3,0.4164571913547359,1,0.5409250870905664,True,True
326,4,turn 4,4,0.5536171034356602,0,0.5390198071604467,True,True
326,5,turn 5,5,0.4605511979486163,0,0.5443161865699346,True,True
326,6,turn 6,6,0.4835349681568623,0,0.44214825243859673,True,True
326,7,turn 7,7,0.44691263614147564,0,0.5409250896827865,True,True
326,8,turn 8,8,0.43444208709722415,0,0.5445567889393229,True,True
327,1,turn 1,1,0.5536525903192294,0,0.5140944628198516,True,False
327,2,turn 2,2,0.44643101251385653,1,0.5146067655203532,True,True
327,3,turn 3,3,0.5189126368758927,1,0.5146078209596266,True,True
327,4,turn 4,4,0.6070531876678076,1,0.5146078209616776,True,True
328,2,turn 2,1,0.5436063420634138,0,0.5234922501810122,True,False
328,3,turn 3,2,0.5090155490900045,0,0.524105278183393,True,True
328,4,turn 4,3,0.4639807275102832,1,0.5818494956118594,True,True
328,5,turn 5,4,0.575535537296299,0,0.5799271645314388,True,True
328,6,turn 6,5,0.5081964234830827,1,0.5839069684264544,True,True
329,2,turn 2,1,0.48897969102508665,0,0.4579552885254613,True,False
329,3,turn 3,2,0.4385157636240027,0,0.5013512942275129,True,True
329,4,turn 4,3,0.4120630042627408,0,0.5195641098415343,True,True
329,5,turn 5,4,0.40125234131137555,0,0.529180922892887,True,True
329,6,turn 6,5,0.4336019227569245,1,0.5256027125047856,True,True
330,2,turn 2,1,0.6256241991508116,1,0.4835549313077242,True,False
330,3,turn 3,2,0.5842225355216766,1,0.5643750182158742,True,True
330,4,turn 4,3,0.6753840632285291,0,0.5652235015997915,True,True
330,5,turn 5,4,0.4835349681568623,0,0.44214825243859673,True,True
330,6,turn 6,5,0.41639478118942574,0,0.4937944355834495,True,True
330,7,turn 7,6,0.35657682065660923,0,0.5057346058551875,True,True
330,8,turn 8,7,0.3137983871402421,0,0.5088502037558256,True,True
330,9,turn 9,8,0.2877796876528999,0,0.5096880903299909,True,True
330,10,turn 10,9,0.27348322349754073,1,0.5099152424648168,True,True
331,1,turn 1,1,0.5185937792380458,0,0.47812135762922414,True,False
331,2,turn 2,2,0.5497075963446125,1,0.5343118794629658,True,True
331,3,turn 3,3,0.6106840056563332,1,0.5386210517388077,True,True
331,4,turn 4,4,0.47664528519705535,0,0.5046818815907507,True,True
331,5,turn 5,5,0.40292462906261145,0,0.5042011271864484,True,True
331,6,turn 6,6,0.39350149100414933,0,0.5118523960702009,True,True
331,7,turn 7,7,0.3680658386381179,0,0.51227638041167,True,True
331,8,turn 8,8,0.35696735372950783,0,0.5101712134084325,True,True
331,9,turn 9,9,0.33518898454155477,0,0.5117290123587516,True,True
332,2,turn 2,1,0.5303665169379512,0,0.49820278708419136,True,False
332,3,turn 3,2,0.4478195765003025,1,0.526969566519081,True,True
333,2,turn 2,1,0.47651049835422593,1,0.4320305559525084,True,False
333,3,turn 3,2,0.5245824907725478,0,0.5023604242735514,True,True
333,5,turn 5,3,0.5275927547830956,1,0.5099833867228083,True,True
333,6,turn 6,4,0.5797413961992215,0,0.5099999951577556,True,True
333,9,turn 9,5,0.5461516172384367,0,0.5099999985076975,True,True
333,12,turn 12,6,0.4954022494527007,0,0.5099999995322241,True,True
333,13,turn 13,7,0.4314763180701948,0,0.5099999998509195,True,True
333,14,turn 14,8,0.3671684699671025,0,0.5099999999517372,True,True
333,15,turn 15,9,0.315612796294683,0,0.5099999999841495,True,True
333,17,turn 17,10,0.2813080359428509,1,0.5099999999947273,True,True
333,20,turn 20,11,0.3374286014041083,0,0.5099999999999982,True,True
333,23,turn 23,12,0.29519231325151474,0,0.5099999999999993,True,True
334,2,turn 2,1,0.5414961778747888,0,0.5187790584240548,True,False
334,3,turn 3,2,0.45681035894822886,0,0.5241002773521645,True,True
334,4,turn 4,3,0.5074212553884754,0,0.5431986721083853,True,True
334,5,turn 5,4,0.39781557487546343,0,0.5244021726047473,True,True
334,6,turn 6,5,0.3741182321020777,0,0.5244032332510357,True,True
334,7,turn 7,6,0.36281119623489055,0,0.524403297578291,True,True
334,8,turn 8,7,0.35773152829995536,0,0.5244033015057624,True,True
334,9,turn 9,8,0.35551294548088824,1,0.5244033017456639,True,True
335,2,turn 2,1,0.5230116713496439,1,0.5136645961050191,True,False
335,3,turn 3,2,0.6399770905160109,0,0.6099738289180321,True,True
335,4,turn 4,3,0.5330961137891239,0,0.6105815834953675,True,True
335,5,turn 5,4,0.4799344694126563,0,0.6105831719911097,True,True
335,6,turn 6,5,0.46165302359803617,0,0.6105831762001546,True,True
335,7,turn 7,6,0.45620462979944565,0,0.6105831762114359,True,True
335,8,turn 8,7,0.45465197933174595,0,0.6105831762114664,True,True
335,9,turn 9,8,0.45421518881682327,0,0.6105831762114665,True,True
335,10,turn 10,9,0.4540927518481651,0,0.6105831762114665,True,True
335,11,turn 11,10,0.45405846424878477,0,0.6105831762114665,True,True
336,2,turn 2,1,0.558434876307869,1,0.541169011364299,True,False
336,4,turn 4,2,0.6551119126234695,1,0.5468153600362182,True,True
336,5,turn 5,3,0.4835349681568623,1,0.44214825243859673,True,True
336,6,turn 6,4,0.7389597431193727,1,0.5468156694495725,True,True
337,2,turn 2,1,0.49217068559522487,0,0.4330875489099696,True,False
337,3,turn 3,2,0.4690971570269329,0,0.500352272591603,True,True
337,4,turn 4,3,0.40270029204056346,0,0.5170045823314626,True,True
337,5,turn 5,4,0.3948945071566027,0,0.46873477865308344,True,True
337,6,turn 6,5,0.34855526349242993,0,0.47840643607163147,True,True
337,7,turn 7,6,0.34542039003599234,0,0.4995999515968565,True,True
337,8,turn 8,7,0.3272220604182413,0,0.4986029496828255,True,True
337,9,turn 9,8,0.3109344445509991,0,0.5083638025497117,True,True
337,10,turn 10,9,0.31745648665089654,0,0.5100538831761835,True,True
338,2,turn 2,1,0.5230116713496439,1,0.5136645961050191,True,False
338,3,turn 3,2,0.6395827473726294,0,0.5239182773627294,True,True
338,4,turn 4,3,0.4897266094004457,1,0.5239187581933371,True,True
339,2,turn 2,1,0.5536525903192294,1,0.5140944628198516,True,False
339,3,turn 3,2,0.555948906984129,1,0.519909023093862,True,True
339,4,turn 4,3,0.6067650022833699,1,0.5870788819145942,True,True
339,5,turn 5,4,0.6411170661509407,0,0.5146078199631098,True,True
339,6,turn 6,5,0.6069778500798516,0,0.5666763614756118,True,True
339,7,turn 7,6,0.6668856397290679,1,0.642316391053248,True,True
340,2,turn 2,1,0.49519726301855826,0,0.46845262504987245,True,False
340,3,turn 3,2,0.47777928300422967,0,0.5131833150661698,True,True
340,4,turn 4,3,0.38812978889667316,1,0.5074157885191912,True,True
341,2,turn 2,1,0.46261064625989257,1,0.38869579571908497,True,False
341,3,turn 3,2,0.5802594442879855,1,0.5872996663937284,True,True
341,4,turn 4,3,0.6013989129685213,0,0.5875206430584252,True,True
341,5,turn 5,4,0.5559996249855228,1,0.5120472292436513,True,True
342,2,turn 2,1,0.4093001095119336,1,0.4436276498113493,True,False
342,3,turn 3,2,0.5862136506169214,0,0.568201656924874,True,True
342,5,turn 5,3,0.5315263368826054,0,0.5375183589226292,True,True
342,6,turn 6,4,0.44780927512166613,1,0.48927563528364754,True,True
342,7,turn 7,5,0.6904633519996277,1,0.6460539172607438,True,True
343,2,turn 2,1,0.5105373241231342,0,0.4766683466235914,True,False
343,3,turn 3,2,0.5267044312968541,1,0.5406415634979825,True,True
343,4,turn 4,3,0.5988043090046986,1,0.5409250891823654,True,True
344,2,turn 2,1,0.5536525903192294,0,0.5140944628198516,True,False
344,3,turn 3,2,0.44643101251385653,0,0.5146067655203532,True,True
344,4,turn 4,3,0.38945447693579716,1,0.5146078187894473,True,True
344,5,turn 5,4,0.4265956911373304,1,0.5146078209616733,True,True
344,6,turn 6,5,0.48957231550794983,0,0.5146078209616776,True,True
344,7,turn 7,6,0.40950131582562665,0,0.5146078209616776,True,True
344,8,turn 8,7,0.3746209757651571,0,0.5146078209616776,True,True
344,9,turn 9,8,0.3622193939974372,0,0.5146078209616776,True,True
345,3,turn 3,1,0.4364121791647627,0,0.3785034792079921,True,False
345,4,turn 4,2,0.5230116713496439,0,0.5136645961050191,True,True
345,5,turn 5,3,0.4629229619403419,0,0.5081095692252016,True,True
346,2,turn 2,1,0.4866268515295687,1,0.4529393698553883,True,False
346,3,turn 3,2,0.5713130142195384,1,0.5099808203377604,True,True
347,2,turn 2,1,0.41714436008408856,0,0.3843770412365381,True,False
347,4,turn 4,2,0.3755483819086662,0,0.4234859704415067,True,True
347,5,turn 5,3,0.558434876307869,0,0.541169011364299,True,True
347,6,turn 6,4,0.4629958431449259,0,0.5465125322500226,True,True
348,2,turn 2,1,0.5475445525094367,1,0.4376602519450872,True,False
348,3,turn 3,2,0.556812280081812,0,0.5409179397878712,True,True
348,4,turn 4,3,0.4590952408739405,0,0.5483804286771548,True,True
349,2,turn 2,1,0.47651049835422593,0,0.4320305559525084,True,False
349,3,turn 3,2,0.41098676685158464,0,0.48871882025472546,True,True
349,4,turn 4,3,0.5230116713496439,1,0.5136645961050191,True,True
349,5,turn 5,4,0.48557221603497974,0,0.5078668413821296,True,True
349,6,turn 6,5,0.4070587934625638,1,0.509425073684413,True,True
349,7,turn 7,6,0.35981279882334755,0,0.5055853027352366,True,True
349,8,turn 8,7,0.3104108315244036,0,0.5084691968420947,True,True
349,9,turn 9,8,0.27817134259892606,0,0.5094629817840474,True,True
350,1,turn 1,1,0.525295269112211,0,0.5043535747877871,True,False
350,2,turn 2,2,0.4344402758938709,0,0.512321677469015,True,True
350,3,turn 3,3,0.3727837279574719,1,0.512750785844458,True,True
350,4,turn 4,4,0.4865041792705367,0,0.4788524753529617,True,True
350,5,turn 5,5,0.4080377402944193,0,0.5046755669255881,True,True
350,6,turn 6,6,0.34698691582118946,1,0.5106456520614584,True,True
350,7,turn 7,7,0.44246938902124866,1,0.5127777867110439,True,True
351,2,turn 2,1,0.4948490674504046,0,0.4746352098529024,True,False
351,3,turn 3,2,0.45126165266797247,0,0.5099670046534607,True,True
351,4,turn 4,3,0.46162716953483995,0,0.49427571662229886,True,True
351,5,turn 5,4,0.35657682065660923,0,0.5057346058551875,True,True
351,6,turn 6,5,0.3137983871402421,0,0.5088502037558256,True,True
352,3,turn 3,1,0.5803152201995405,0,0.5403854121477317,True,False
352,4,turn 4,2,0.47161506388587665,0,0.540923909527227,True,True
352,5,turn 5,3,0.5266674645627489,0,0.4427857592537614,True,True
352,6,turn 6,4,0.3449863890255852,0,0.48610119615322933,True,True
352,7,turn 7,5,0.2994853533008307,0,0.5058448599374297,True,True
353,1,turn 1,1,0.5803152201995405,0,0.5403854121477317,True,False
353,2,turn 2,2,0.4451196187174249,0,0.4233681219642797,True,True
353,3,turn 3,3,0.43421612446103985,1,0.5252144359689992,True,True
354,2,turn 2,1,0.558814487872056,1,0.5307900888055082,True,False
354,3,turn 3,2,0.6331145755250265,1,0.5316049500403599,True,True
354,4,turn 4,3,0.6862304026392162,1,0.5316049526418984,True,True
354,5,turn 5,4,0.7169790095924248,1,0.5316049526419073,True,True
354,6,turn 6,5,0.41627931329019024,1,0.37423942253376824,True,True
355,2,turn 2,1,0.4021207659783585,0,0.35261590540632737,True,False
355,3,turn 3,2,0.5232117597487255,1,0.5379152649805651,True,True
355,4,turn 4,3,0.4299482733390308,0,0.4693435415540536,True,True
355,5,turn 5,4,0.38217391245764615,0,0.4924206916635188,True,True
355,6,turn 6,5,0.358972263465091,1,0.4809565004407214,True,True
356,2,turn 2,1,0.5007378427662061,1,0.4736737242697391,True,False
356,3,turn 3,2,0.600667943428181,1,0.5165291566269553,True,True
357,2,turn 2,1,0.4835349681568623,1,0.44214825243859673,True,False
357,3,turn 3,2,0.41427003516046146,0,0.35229972169446705,True,True
357,4,turn 4,3,0.45907140175508226,0,0.4885216996242783,True,True
357,5,turn 5,4,0.41874589633187914,1,0.500127018813779,True,True
357,6,turn 6,5,0.47055338188395224,1,0.5099946068162281,True,True
357,7,turn 7,6,0.4167903792389898,0,0.43944737861729943,True,True
357,8,turn 8,7,0.38236399827620426,0,0.4519159420642393,True,True
357,9,turn 9,8,0.35615487233095056,1,0.4577516940438101,True,True
357,10,turn 10,9,0.41474164639707667,0,0.5578921521392448,True,True
358,2,turn 2,1,0.49519726301855826,0,0.46845262504987245,True,False
358,3,turn 3,2,0.41803876916308136,1,0.5014457033833223,True,True
358,4,turn 4,3,0.5096609990099064,0,0.5099977849380193,True,True
358,5,turn 5,4,0.43110693603955286,1,0.5099994033091094,True,True
358,6,turn 6,5,0.5225097186598671,1,0.5099999998442889,True,True
360,1,turn 1,1,0.47651049835422593,1,0.4320305559525084,True,False
360,3,turn 3,2,0.5363486934861381,0,0.5118181440785619,True,True
361,2,turn 2,1,0.5270058754453072,0,0.4996213569276903,True,False
361,3,turn 3,2,0.4467064645085281,1,0.5165238169099857,True,True
362,3,turn 3,1,0.4835349681568623,1,0.44214825243859673,True,False
362,4,turn 4,2,0.5570660075804235,1,0.5099795332182545,True,True
362,5,turn 5,3,0.6011093524756507,1,0.5099999946475422,True,True
363,2,turn 2,1,0.5194455525253087,1,0.4921617469543453,True,False
363,3,turn 3,2,0.5914001455738295,1,0.5207883210462323,True,True
364,2,turn 2,1,0.5497075963446125,1,0.5343118794629658,True,False
364,3,turn 3,2,0.5391526228418847,1,0.5114488533561082,True,True
364,4,turn 4,3,0.3554844271834187,0,0.3067599582575961,True,True
366,2,turn 2,1,0.49519726301855826,0,0.46845262504987245,True,False
366,3,turn 3,2,0.41803876916308136,0,0.5014457033833223,True,True
367,2,turn 2,1,0.4835349681568623,0,0.44214825243859673,True,False
367,3,turn 3,2,0.41639478118942574,1,0.4937944355834495,True,True
367,4,turn 4,3,0.486375321826485,0,0.4659542412440105,True,True
368,2,turn 2,1,0.5163637498735145,1,0.4995541566713986,True,False
368,3,turn 3,2,0.47651049835422593,1,0.4320305559525084,True,True
369,2,turn 2,1,0.4541431061670416,1,0.41175878991197656,True,False
369,3,turn 3,2,0.5559050804187889,1,0.4925606991022601,True,True
369,4,turn 4,3,0.5683192261878919,0,0.4439011247128889,True,True
369,5,turn 5,4,0.5023401687390542,1,0.48298784994100874,True,True
370,2,turn 2,1,0.4835349681568623,0,0.44214825243859673,True,False
370,3,turn 3,2,0.5729643935512018,1,0.5598255382317422,True,True
370,4,turn 4,3,0.5342698133201187,0,0.5182140760891513,True,True
370,5,turn 5,4,0.41639478118942574,0,0.4937944355834495,True,True
370,6,turn 6,5,0.4733110221913762,0,0.45391399407524113,True,True
370,7,turn 7,6,0.42597016671055987,0,0.5012564067721653,True,True
371,2,turn 2,1,0.5391526228418847,0,0.5114488533561082,True,False
371,3,turn 3,2,0.4849659518047098,0,0.4441669426768099,True,True
371,4,turn 4,3,0.4811844713579226,0,0.4704369608564994,True,True
371,5,turn 5,4,0.4016929194334402,0,0.49179762583402997,True,True
371,6,turn 6,5,0.3926670841896509,1,0.5082543026379477,True,True
372,2,turn 2,1,0.4499071407235263,0,0.4081938374861825,True,False
372,3,turn 3,2,0.4727922218476929,1,0.49753710920525485,True,True
372,4,turn 4,3,0.5908423946844694,1,0.5278251551452553,True,True
373,2,turn 2,1,0.35950771901755585,0,0.3091304150065347,True,False
373,3,turn 3,2,0.49990466301914155,0,0.49430804288286057,True,True
373,4,turn 4,3,0.541394285598558,0,0.5517044572609809,True,True
373,5,turn 5,4,0.5029901174735983,0,0.5756603644178248,True,True
373,6,turn 6,5,0.46783261506853774,0,0.5888233089234632,True,True
373,7,turn 7,6,0.44657862364432255,1,0.5971418824236946,True,True
373,8,turn 8,7,0.636548399802543,1,0.6382186988196934,True,True
374,1,turn 1,1,0.49706697635690134,0,0.4536440318270291,True,False
374,2,turn 2,2,0.4663663814039335,0,0.4788473180967159,True,True
374,3,turn 3,3,0.3928136290206734,1,0.5046755337053468,True,True
375,2,turn 2,1,0.4664919080740034,0,0.43159143657283966,True,False
375,3,turn 3,2,0.4160914635395835,1,0.48858099867125926,True,True
377,1,turn 1,1,0.5649415487656273,1,0.5452711089000611,True,False
377,2,turn 2,2,0.4604550620825972,1,0.4191483326076018,True,True
378,2,turn 2,1,0.5230116713496439,1,0.5136645961050191,True,False
378,3,turn 3,2,0.6395827473726294,1,0.5239182773627294,True,True
378,4,turn 4,3,0.4499071407235263,0,0.4081938374861825,True,True
378,5,turn 5,4,0.41131463037526717,0,0.4768601423213584,True,True
379,2,turn 2,1,0.5105373241231342,1,0.4766683466235914,True,False
379,3,turn 3,2,0.6325417919401797,1,0.5352755830958271,True,True
380,2,turn 2,1,0.6256241991508116,1,0.4835549313077242,True,False
380,3,turn 3,2,0.5185937792380458,0,0.47812135762922414,True,True
380,4,turn 4,3,0.43141289685164114,1,0.5042006005519013,True,True
381,2,turn 2,1,0.49519726301855826,0,0.46845262504987245,True,False
381,3,turn 3,2,0.41803876916308136,1,0.5014457033833223,True,True
381,4,turn 4,3,0.5276105838687328,1,0.5212860707016638,True,True
381,5,turn 5,4,0.5631423972669689,0,0.5099978115092394,True,True
381,6,turn 6,5,0.47282198814762955,0,0.509999404932215,True,True
381,7,turn 7,6,0.3970801129652075,0,0.509999838195285,True,True
381,8,turn 8,7,0.3250429289526432,1,0.5099999120072871,True,True
382,2,turn 2,1,0.5803152201995405,0,0.5403854121477317,True,False
382,3,turn 3,2,0.47161506388587665,0,0.540923909527227,True,True
382,4,turn 4,3,0.4164571913547359,0,0.5409250870905664,True,True
382,5,turn 5,4,0.3962723517937918,0,0.5409250896770792,True,True
382,6,turn 6,5,0.38978162049331483,0,0.5409250896827786,True,True
382,7,turn 7,6,0.38777877680356043,0,0.5409250896827913,True,True
382,8,turn 8,7,0.3871674289511068,0,0.5409250896827913,True,True
383,2,turn 2,1,0.4849659518047098,0,0.4441669426768099,True,False
383,3,turn 3,2,0.42633274603748256,0,0.48726630728981024,True,True
383,4,turn 4,3,0.3963518657356523,1,0.5054771786224515,True,True
383,5,turn 5,4,0.5097244051716489,1,0.5315799606546908,True,True
384,2,turn 2,1,0.6295034081389131,1,0.5906546385697977,True,False
384,3,turn 3,2,0.712189154515757,1,0.6193058881240834,True,True
385,2,turn 2,1,0.5803152201995405,1,0.5403854121477317,True,False
385,3,turn 3,2,0.5536171034356602,1,0.5390198071604467,True,True
385,4,turn 4,3,0.6574834053005792,0,0.5445708894812604,True,True
385,5,turn 5,4,0.4499071407235263,1,0.4081938374861825,True,True
386,2,turn 2,1,0.558434876307869,1,0.541169011364299,True,False
386,3,turn 3,2,0.6319430152320372,1,0.5263903880874492,True,True
386,4,turn 4,3,0.6203067461126839,0,0.5601187492413231,True,True
386,5,turn 5,4,0.6373483153845464,1,0.5468156694487664,True,True
386,6,turn 6,5,0.4499071407235263,1,0.4081938374861825,True,True
387,2,turn 2,1,0.5282414614445144,0,0.5009964863218389,True,False
387,3,turn 3,2,0.5099895710779965,1,0.5223219932561249,True,True
389,2,turn 2,1,0.5048605630142837,1,0.47454497004890583,True,False
389,3,turn 3,2,0.6090105321325402,1,0.5263251480533182,True,True
390,1,turn 1,1,0.5086333259557038,0,0.47581975111276265,True,False
390,2,turn 2,2,0.42353641476163606,0,0.5018966997158876,True,True
390,3,turn 3,3,0.3284396984667677,1,0.5078673018713556,True,True
390,4,turn 4,4,0.43826401740565646,1,0.5099988751543584,True,True
391,1,turn 1,1,0.4835349681568623,1,0.44214825243859673,True,False
391,2,turn 2,2,0.5729643935512018,1,0.5598255382317422,True,True
391,3,turn 3,3,0.5570660075804235,0,0.5099795332182545,True,True
391,4,turn 4,4,0.5314042324321916,0,0.5073330103775051,True,True
391,5,turn 5,5,0.4498170145788949,0,0.5147620463303675,True,True
391,6,turn 6,6,0.39480660196717554,1,0.5151865697123541,True,True
391,7,turn 7,7,0.5027124924931701,1,0.5099944351013345,True,True
391,8,turn 8,8,0.5697948559322746,1,0.5099999985447143,True,True
392,3,turn 3,1,0.5226075184584227,0,0.49190970347787555,True,False
392,4,turn 4,2,0.44359591443816127,0,0.518285587489604,True,True
392,5,turn 5,3,0.38872678732329174,0,0.5242581435414002,True,True
392,6,turn 6,4,0.3569608114740954,1,0.5258159535632434,True,True
392,7,turn 7,5,0.41403232769115694,1,0.5263907010545525,True,True
392,8,turn 8,6,0.4622995954031115,1,0.5099999999211914,True,True
393,1,turn 1,1,0.4499071407235263,0,0.4081938374861825,True,False
393,2,turn 2,2,0.41131463037526717,1,0.4768601423213584,True,True
393,3,turn 3,3,0.5497417741369015,0,0.5292599222030614,True,True
393,4,turn 4,4,0.4609594283662576,0,0.5292705777385697,True,True
393,5,turn 5,5,0.40159429849512895,0,0.5292773976905172,True,True
393,6,turn 6,6,0.3677199917421049,0,0.5292820169416552,True,True
393,7,turn 7,7,0.34938665371928757,0,0.529285221818449,True,True
393,8,turn 8,8,0.3398515002383358,0,0.5292874669845082,True,True
393,9,turn 9,9,0.33503882882601,0,0.5292890458109705,True,True
393,10,turn 10,10,0.3326525003974353,0,0.5292901577051596,True,True
394,1,turn 1,1,0.5846149749540468,0,0.5465910526426072,True,False
394,2,turn 2,2,0.4597451767827101,0,0.5018377977041444,True,True
394,3,turn 3,3,0.35924401287206637,1,0.519100186134677,True,True
394,4,turn 4,4,0.5432575925858043,1,0.5411984304425372,True,True
395,1,turn 1,1,0.5185937792380458,0,0.47812135762922414,True,False
395,2,turn 2,2,0.43141289685164114,1,0.5042006005519013,True,True
395,3,turn 3,3,0.5110886259886367,0,0.5123017219906139,True,True
395,4,turn 4,4,0.4311180151650293,0,0.5123033154131471,True,True
395,5,turn 5,5,0.3770732886517265,0,0.5123037486761297,True,True
395,6,turn 6,6,0.3446597861427637,0,0.5123038664844823,True,True
397,2,turn 2,1,0.5226075184584227,0,0.49190970347787555,True,False
397,3,turn 3,2,0.5308963481673886,1,0.5392962033800978,True,True
397,4,turn 4,3,0.4855643249709405,0,0.51828806951751,True,True
397,5,turn 5,4,0.41141960664166943,1,0.5242581546627147,True,True
397,6,turn 6,5,0.49365637853452415,1,0.5263902893123422,True,True
397,7,turn 7,6,0.6546653511176093,1,0.5445708905323853,True,True
399,3,turn 3,1,0.5504219267895083,0,0.5371216745330223,True,False
399,4,turn 4,2,0.4884801072154218,1,0.5249494533314834,True,True
399,5,turn 5,3,0.5573651092719494,1,0.5263908356754577,True,True
400,2,turn 2,1,0.4499071407235263,0,0.4081938374861825,True,False
400,3,turn 3,2,0.5064997409222393,0,0.5235023654869307,True,True
400,4,turn 4,3,0.5990115744280566,1,0.5380838056312702,True,True
400,5,turn 5,4,0.6855264852090047,0,0.5386211782032793,True,True
400,6,turn 6,5,0.4098220178624665,0,0.49507048701945255,True,True
400,7,turn 7,6,0.37947913373570574,1,0.5106573741351501,True,True
401,2,turn 2,1,0.49208847702182246,0,0.46320395678766685,True,False
401,3,turn 3,2,0.428277266393542,1,0.5013984988054176,True,True
401,4,turn 4,3,0.5422467195516721,1,0.5242302244666234,True,True
401,5,turn 5,4,0.6277046863512726,1,0.5244033014273656,True,True
402,2,turn 2,1,0.49519726301855826,0,0.46845262504987245,True,False
402,3,turn 3,2,0.41803876916308136,0,0.5014457033833223,True,True
402,4,turn 4,3,0.36645589985981597,1,0.5078397728584296,True,True
403,2,turn 2,1,0.46261064625989257,1,0.38869579571908497,True,False
403,3,turn 3,2,0.5802594442879855,0,0.5872996663937284,True,True
403,4,turn 4,3,0.5555673451112833,1,0.5872323448325054,True,True
404,1,turn 1,1,0.4849659518047098,1,0.4441669426768099,True,False
404,2,turn 2,2,0.5453624293878683,1,0.4952927412485708,True,True
405,2,turn 2,1,0.49519726301855826,0,0.46845262504987245,True,False
405,3,turn 3,2,0.4733110221913762,0,0.45391399407524113,True,True
405,4,turn 4,3,0.42597016671055987,1,0.5012564067721653,True,True
405,5,turn 5,4,0.41803876916308136,0,0.5014457033833223,True,True
405,6,turn 6,5,0.36645589985981597,0,0.5078397728584296,True,True
405,7,turn 7,6,0.33654506645266485,0,0.509423420389709,True,True
405,8,turn 8,7,0.32050104094155274,0,0.509843942451818,True,True
405,9,turn 9,8,0.31231073377838975,1,0.5099576149581658,True,True
407,2,turn 2,1,0.5226075184584227,1,0.49190970347787555,True,False
407,3,turn 3,2,0.6031922133155738,1,0.5263806162420406,True,True
407,4,turn 4,3,0.5958203926861213,1,0.5265071971167234,True,True
408,2,turn 2,1,0.5536525903192294,0,0.5140944628198516,True,False
408,3,turn 3,2,0.44643101251385653,1,0.5146067655203532,True,True
408,4,turn 4,3,0.5012238025163775,0,0.4783780366991117,True,True
408,5,turn 5,4,0.5230116713496439,1,0.5136645961050191,True,True
409,2,turn 2,1,0.5006596552017244,1,0.36173890483215687,True,False
409,3,turn 3,2,0.7118340964975192,1,0.7672226569061988,True,True
409,4,turn 4,3,0.4176733607270311,0,0.31602041505716594,True,True
409,5,turn 5,4,0.3495843276718651,1,0.3162289158978238,True,True
409,6,turn 6,5,0.4150316224261544,0,0.4969773813386598,True,True
409,7,turn 7,6,0.6192530695993831,1,0.7687686629722136,True,True
409,8,turn 8,7,0.001766599314453176,0,0.24668238890377595,True,True
411,1,turn 1,1,0.4835349681568623,1,0.44214825243859673,True,False
411,2,turn 2,2,0.5565074572822762,1,0.5149442781560583,True,True
411,3,turn 3,3,0.6093675968203747,0,0.5772446514764276,True,True
411,4,turn 4,4,0.6011093524756507,0,0.5099999946475422,True,True
411,5,turn 5,5,0.5230116713496439,1,0.5136645961050191,True,True
412,2,turn 2,1,0.5842225355216766,1,0.5643750182158742,True,False
412,3,turn 3,2,0.5803152201995405,1,0.5403854121477317,True,True
412,4,turn 4,3,0.6599065236422226,1,0.5409250886841068,True,True
412,5,turn 5,4,0.4835349681568623,1,0.44214825243859673,True,True
413,1,turn 1,1,0.47651049835422593,1,0.4320305559525084,True,False
413,2,turn 2,2,0.5496857156226325,0,0.5099716920521047,True,True
413,3,turn 3,3,0.500415997239469,0,0.5099908376643483,True,True
413,4,turn 4,4,0.4376049190322948,1,0.5099969913768756,True,True
413,5,turn 5,5,0.5218994850846539,0,0.5099999990375743,True,True
413,6,turn 6,6,0.4638059323900176,1,0.5099999996763057,True,True
414,2,turn 2,1,0.5046939271437125,0,0.4347865973958007,True,False
414,3,turn 3,2,0.4131377018317409,0,0.47794574080199276,True,True
414,4,turn 4,3,0.6067650022833699,1,0.5870788819145942,True,True
414,5,turn 5,4,0.555948906984129,1,0.519909023093862,True,True
414,7,turn 7,5,0.701449707406334,1,0.5876653039337562,True,True
414,10,turn 10,6,0.35112522505866367,1,0.49653781143850184,True,True
414,11,turn 11,7,0.5182794828379558,0,0.5897337805191744,True,True
414,12,turn 12,8,0.4888717428400148,0,0.5896983142797813,True,True
415,2,turn 2,1,0.47651049835422593,0,0.4320305559525084,True,False
415,3,turn 3,2,0.41098676685158464,0,0.48871882025472546,True,True
415,4,turn 4,3,0.34981067973921937,1,0.5034527563434408,True,True
418,2,turn 2,1,0.39036999278281426,0,0.3413087727341019,True,False
418,3,turn 3,2,0.41148183733247695,0,0.433058820102042,True,True
418,4,turn 4,3,0.38596325407155874,0,0.46983528687402076,True,True
418,5,turn 5,4,0.37413163828230156,0,0.4546798049003742,True,True
418,6,turn 6,5,0.360478580432461,0,0.47674910330822695,True,True
418,7,turn 7,6,0.34843432847393074,0,0.48846465707720654,True,True
418,8,turn 8,7,0.33859714040394684,0,0.4953267283735677,True,True
418,9,turn 9,8,0.3310629157971865,0,0.4996121037052836,True,True
420,2,turn 2,1,0.5944287690786515,1,0.5148041174598109,True,False
420,3,turn 3,2,0.4556681158587537,0,0.3964829421378675,True,True
420,4,turn 4,3,0.3673519180231705,0,0.45408504097361657,True,True
420,5,turn 5,4,0.4939613877721485,1,0.4552899446717576,True,True
421,2,turn 2,1,0.5740789527723201,1,0.5239767368888265,True,False
421,3,turn 3,2,0.1496699952426226,1,0.31338911602097386,True,True
421,4,turn 4,3,0.5163637498735145,1,0.4995541566713986,True,True
421,5,turn 5,4,0.6955393389395226,1,0.6289647258638074,True,True
422,2,turn 2,1,0.5115693094354095,0,0.46800366114313585,True,False
422,3,turn 3,2,0.4260048825138001,0,0.49912498522317733,True,True
422,4,turn 4,3,0.36624950787881333,0,0.5078893628105706,True,True
422,5,turn 5,4,0.3304756112400008,0,0.5107731482923,True,True
422,6,turn 6,5,0.31028500563418226,0,0.511766903405485,True,True
422,7,turn 7,6,0.2993570084370501,1,0.5121147604350854,True,True
423,2,turn 2,1,0.5185937792380458,0,0.47812135762922414,True,False
423,3,turn 3,2,0.5267044312968541,1,0.5406415634979825,True,True
423,4,turn 4,3,0.46765370903265924,1,0.5042011282715381,True,True
425,1,turn 1,1,0.4948490674504046,0,0.4746352098529024,True,False
425,2,turn 2,2,0.5217720046586137,1,0.5364713933959263,True,True
426,2,turn 2,1,0.4653268022606338,0,0.4218946729322425,True,False
426,3,turn 3,2,0.4051687815488356,1,0.4719121169981194,True,True
426,4,turn 4,3,0.5068125493873678,1,0.511531336084377,True,True
427,2,turn 2,1,0.49519726301855826,1,0.46845262504987245,True,False
427,3,turn 3,2,0.5858168094968869,1,0.509989305063663,True,True
427,4,turn 4,3,0.6011093524756507,0,0.5099999946475422,True,True
427,5,turn 5,4,0.6336684492369878,1,0.5099999992451905,True,True
427,6,turn 6,5,0.6758937245140405,1,0.5099999999998082,True,True
428,2,turn 2,1,0.5098527702853833,0,0.4898258148828784,True,False
428,3,turn 3,2,0.42976493356195017,1,0.5135395187654385,True,True
429,1,turn 1,1,0.5190471158649489,0,0.49541115060235863,True,False
429,2,turn 2,2,0.4605511979486163,1,0.5443161865699346,True,True
429,3,turn 3,3,0.537254393198223,1,0.5445711320131478,True,True
430,2,turn 2,1,0.5098527702853833,0,0.4898258148828784,True,False
430,3,turn 3,2,0.42976493356195017,1,0.5135395187654385,True,True
430,4,turn 4,3,0.5202246476446524,0,0.5192777142307988,True,True
430,5,turn 5,4,0.43858725179755814,0,0.5192787938023083,True,True
430,6,turn 6,5,0.39816374932434156,0,0.5192790836742723,True,True
430,7,turn 7,6,0.3754603046733454,1,0.5192791622755342,True,True
430,8,turn 8,7,0.44534014663165183,0,0.5192791916028122,True,True
430,9,turn 9,8,0.3891282474898574,0,0.5192791916083971,True,True
430,10,turn 10,9,0.36826929078550075,1,0.5192791916099156,True,True
431,2,turn 2,1,0.5536525903192294,0,0.5140944628198516,True,False
431,3,turn 3,2,0.44643101251385653,0,0.5146067655203532,True,True
431,4,turn 4,3,0.38945447693579716,1,0.5146078187894473,True,True
431,5,turn 5,4,0.4265956911373304,0,0.5146078209616733,True,True
431,6,turn 6,5,0.3812497307065112,1,0.5146078209616776,True,True
431,7,turn 7,6,0.41102903426120074,1,0.5146078209616776,True,True
431,8,turn 8,7,0.46456294080284616,0,0.5146078209616776,True,True
431,9,turn 9,8,0.3974864534475396,0,0.5146078209616776,True,True
435,2,turn 2,1,0.49519726301855826,0,0.46845262504987245,True,False
435,3,turn 3,2,0.41803876916308136,0,0.5014457033833223,True,True
435,4,turn 4,3,0.36645589985981597,1,0.5078397728584296,True,True
436,1,turn 1,1,0.5086269368645162,0,0.4694143028158273,True,False
436,2,turn 2,2,0.4430928757910807,0,0.49017648526840363,True,True
436,3,turn 3,3,0.4082637397034179,1,0.5083873690092462,True,True
438,2,turn 2,1,0.5480551361853144,1,0.5076396922446867,True,False
438,3,turn 3,2,0.6256263516216228,1,0.5306099035288228,True,True
439,4,turn 4,1,0.4795227329003926,0,0.41372190537687037,True,False
439,5,turn 5,2,0.469434177561615,0,0.5082770814853365,True,True
439,6,turn 6,3,0.38945447693579716,0,0.5146078187894473,True,True
439,7,turn 7,4,0.3101531418524298,0,0.45700891419064116,True,True
440,2,turn 2,1,0.4835349681568623,1,0.44214825243859673,True,False
440,3,turn 3,2,0.6160795339265541,0,0.5817146471742176,True,True
440,4,turn 4,3,0.504163830124198,0,0.5099732689358576,True,True
440,5,turn 5,4,0.4518579426589449,0,0.5099970273010432,True,True
440,6,turn 6,5,0.39975968457470934,0,0.5099992412375545,True,True
440,7,turn 7,6,0.3556793839350607,1,0.5099997942565158,True,True
440,8,turn 8,7,0.41290967365590137,1,0.5099999999462026,True,True
440,9,turn 9,8,0.4762311116611238,1,0.5099999999999859,True,True
440,10,turn 10,9,0.5925949382104475,1,0.6070913199492369,True,True
441,1,turn 1,1,0.46360153049640185,0,0.44668653907196765,True,False
441,2,turn 2,2,0.4062495920382329,1,0.4895803852067478,True,True
442,1,turn 1,1,0.4435941251565008,1,0.42557785673621595,True,False
442,2,turn 2,2,0.5194999606517273,1,0.5099212965421214,True,True
442,3,turn 3,3,0.5794846115769636,0,0.5258355772583991,True,True
442,4,turn 4,4,0.7125720268968025,1,0.647367135685647,True,True
442,5,turn 5,5,0.8042280497255184,1,0.6480139204924339,True,True
442,6,turn 6,6,0.5604391673478055,0,0.514954511546929,True,True
442,7,turn 7,7,0.49953200408083337,1,0.5152135607387699,True,True
442,8,turn 8,8,0.5611641241778549,0,0.5152141009057063,True,True
442,9,turn 9,9,0.5009951299685119,1,0.515214100906742,True,True
442,10,turn 10,10,0.5905885576604962,1,0.5383381807378059,True,True
443,2,turn 2,1,0.5337213146336581,0,0.5012428100165377,True,False
443,3,turn 3,2,0.4685006646944074,1,0.5129388235294741,True,True
443,4,turn 4,3,0.5563051755695687,0,0.520801151298414,True,True
443,5,turn 5,4,0.47005496327162793,1,0.5208021646903369,True,True
444,2,turn 2,1,0.41714436008408856,1,0.3843770412365381,True,False
444,3,turn 3,2,0.4849659518047098,1,0.4441669426768099,True,True
444,4,turn 4,3,0.5391526228418847,1,0.5114488533561082,True,True
445,2,turn 2,1,0.4835349681568623,0,0.44214825243859673,True,False
445,3,turn 3,2,0.5842225355216766,1,0.5643750182158742,True,True
445,4,turn 4,3,0.5068595578802542,0,0.49475699766114817,True,True
445,5,turn 5,4,0.41639478118942574,0,0.4937944355834495,True,True
445,6,turn 6,5,0.6753840632285291,1,0.5652235015997915,True,True
446,1,turn 1,1,0.49557246622074747,0,0.4540872899890555,True,False
446,2,turn 2,2,0.41821079306137127,1,0.5086037813659757,True,True
447,2,turn 2,1,0.5536171034356602,1,0.5390198071604467,True,False
447,3,turn 3,2,0.5163775668325923,0,0.4530564580793972,True,True
447,4,turn 4,3,0.6310139839792894,0,0.5445708905276754,True,True
447,5,turn 5,4,0.4843875247948832,1,0.5445711311967837,True,True
447,6,turn 6,5,0.45419331792630596,1,0.498833996037681,True,True
448,1,turn 1,1,0.5185937792380458,0,0.47812135762922414,True,False
448,2,turn 2,2,0.43141289685164114,0,0.5042006005519013,True,True
448,3,turn 3,3,0.3730156487962032,0,0.5101712123223174,True,True
448,4,turn 4,4,0.34055930600590184,0,0.5117290123565161,True,True
448,5,turn 5,5,0.32378819293305655,0,0.5121479556458296,True,True
448,6,turn 6,6,0.3154205551499736,0,0.5122615317132472,True,True
448,7,turn 7,7,0.3113216258782028,0,0.5122923892454626,True,True
448,8,turn 8,8,0.3093297284794131,0,0.5123007778842652,True,True
448,9,turn 9,9,0.3083638514932866,0,0.5123030587060973,True,True
449,2,turn 2,1,0.4499071407235263,0,0.4081938374861825,True,False
449,3,turn 3,2,0.44316293954359615,1,0.48282576076795497,True,True
449,4,turn 4,3,0.5713503865623845,1,0.5228396404383981,True,True
450,2,turn 2,1,0.5506600130667384,0,0.5236327629567817,True,False
450,3,turn 3,2,0.4850236857543276,1,0.5039444492016505,True,True
450,4,turn 4,3,0.5721908406261607,0,0.5123017214923553,True,True
450,5,turn 5,4,0.5625499188821799,1,0.5406420912176171,True,True
450,6,turn 6,5,0.6424603711275476,1,0.5409250891833908,True,True
450,7,turn 7,6,0.5611442601495193,0,0.5123033154131491,True,True
450,8,turn 8,7,0.47143321303427543,0,0.5123037486761297,True,True
450,9,turn 9,8,0.5982464515044894,0,0.5409250896827904,True,True
450,10,turn 10,9,0.5073001140887271,1,0.5409250896827913,True,True
450,11,turn 11,10,0.5631844744840612,0,0.5409250896827913,True,True
451,2,turn 2,1,0.5351683228294181,0,0.5057246205148447,True,False
451,3,turn 3,2,0.46387263097005055,1,0.52769839902592,True,True
452,2,turn 2,1,0.465493867914808,0,0.43481762894164616,True,False
452,3,turn 3,2,0.4195957005481968,0,0.4902269299196786,True,True
452,4,turn 4,3,0.37516990349244056,0,0.5056907620789416,True,True
452,5,turn 5,4,0.33100062643324213,0,0.5110969711646277,True,True
452,6,turn 6,5,0.29136379068131685,1,0.5131947126526861,True,True
453,2,turn 2,1,0.4664829607155144,0,0.43397571306262517,True,False
453,3,turn 3,2,0.40925447048787633,1,0.4802324250517675,True,True
453,4,turn 4,3,0.47763239911139094,0,0.5099825082039937,True,True
453,5,turn 5,4,0.418815878251369,1,0.509990423972305,True,True
454,2,turn 2,1,0.11657744506695936,0,0.1870407744339853,True,False
454,3,turn 3,2,0.5436063420634138,1,0.5234922501810122,True,True
454,4,turn 4,3,0.6534773762726733,0,0.6229606453512588,True,True
454,6,turn 6,4,0.24064473167113637,0,0.22798580786734307,True,True
454,7,turn 7,5,0.6291785319798343,0,0.6229595460907316,True,True
454,8,turn 8,6,0.38460504787845795,0,0.33787299677495364,True,True
454,9,turn 9,7,0.3696688592367112,0,0.39504512915351353,True,True
455,2,turn 2,1,0.5068595578802542,0,0.49475699766114817,True,False
455,3,turn 3,2,0.4835349681568623,0,0.44214825243859673,True,True
455,4,turn 4,3,0.41639478118942574,1,0.4937944355834495,True,True
455,5,turn 5,4,0.41968275713673703,1,0.5090969711831951,True,True
455,6,turn 6,5,0.5032646151013805,0,0.509995623021601,True,True
455,7,turn 7,6,0.5160573829184321,0,0.5099999468544375,True,True
455,8,turn 8,7,0.42516707558782024,0,0.5099999967535981,True,True
456,2,turn 2,1,0.558814487872056,0,0.5307900888055082,True,False
456,3,turn 3,2,0.4753741598539748,1,0.5316019304366493,True,True
456,4,turn 4,3,0.553694237881772,1,0.5316049526314917,True,True
456,5,turn 5,4,0.6288374813591975,1,0.5316049526419072,True,True
457,2,turn 2,1,0.5803152201995405,0,0.5403854121477317,True,False
457,3,turn 3,2,0.47161506388587665,1,0.540923909527227,True,True
457,4,turn 4,3,0.5352101416719194,0,0.5409250896806157,True,True
457,5,turn 5,4,0.4459293210998734,1,0.5409250896827865,True,True
458,2,turn 2,1,0.43889568120361916,0,0.39326799330914186,True,False
458,3,turn 3,2,0.39995069930870014,1,0.4630225030406317,True,True
460,3,turn 3,1,0.4948490674504046,0,0.4746352098529024,True,False
460,4,turn 4,2,0.4338282169286991,0,0.5018807201184551,True,True
460,5,turn 5,3,0.3787901067406645,0,0.5078671126779697,True,True
460,6,turn 6,4,0.3384355909810998,1,0.5094250996838259,True,True
461,2,turn 2,1,0.4915799525260036,0,0.3638455836949595,True,False
461,3,turn 3,2,0.569202951954129,1,0.5537740769935463,True,True
462,2,turn 2,1,0.4866268515295687,1,0.4529393698553883,True,False
462,3,turn 3,2,0.5496857156226325,0,0.5099716920521047,True,True
462,4,turn 4,3,0.500415997239469,1,0.5099908376643483,True,True
463,2,turn 2,1,0.5606119108635098,0,0.5234138859872666,True,False
463,3,turn 3,2,0.4787480624860997,1,0.5465179222575729,True,True
463,4,turn 4,3,0.45038373491244954,0,0.4162303415787229,True,True
464,2,turn 2,1,0.46948602855158955,1,0.4219128594664201,True,False
464,3,turn 3,2,0.5423054236648415,1,0.5099638508859548,True,True
464,4,turn 4,3,0.5798394273943512,1,0.5099999877265636,True,True
464,5,turn 5,4,0.5955039674786063,0,0.5099999999958332,True,True
464,7,turn 7,5,0.5867877749663253,1,0.5099999999985291,True,True
464,8,turn 8,6,0.5981839822079575,0,0.5099999999999995,True,True
464,10,turn 10,7,0.591875858195532,0,0.5099999999999998,True,True
465,1,turn 1,1,0.48897969102508665,0,0.4579552885254613,True,False
465,2,turn 2,2,0.4385157636240027,1,0.5013512942275129,True,True
465,3,turn 3,3,0.5448292566939134,1,0.5111513924248964,True,True
465,4,turn 4,4,0.6490808810381656,1,0.5292825614015498,True,True
466,2,turn 2,1,0.5497075963446125,1,0.5343118794629658,True,False
466,3,turn 3,2,0.5278888998828354,0,0.4963377027755853,True,True
466,4,turn 4,3,0.46690791950626387,1,0.5126319054027361,True,True
467,1,turn 1,1,0.5414961778747888,1,0.5187790584240548,True,False
467,2,turn 2,2,0.4835349681568623,1,0.44214825243859673,True,True
468,1,turn 1,1,0.4835349681568623,0,0.44214825243859673,True,False
468,2,turn 2,2,0.41639478118942574,1,0.4937944355834495,True,True
468,3,turn 3,3,0.5032646151013805,1,0.509995623021601,True,True
469,2,turn 2,1,0.5098527702853833,1,0.4898258148828784,True,False
469,3,turn 3,2,0.612077167441894,0,0.5192720293145712,True,True
470,2,turn 2,1,0.4750515005810772,0,0.4320901406852163,True,False
470,3,turn 3,2,0.4191054705914013,1,0.4851877587196938,True,True
471,2,turn 2,1,0.44783915100538757,0,0.40917351221913156,True,False
471,3,turn 3,2,0.39034942776341675,0,0.4716140192144735,True,True
471,4,turn 4,3,0.35191792206256006,1,0.4923781004518406,True,True
471,5,turn 5,4,0.3969446139377079,0,0.5099906577044084,True,True
471,6,turn 6,5,0.357989414883404,0,0.5099950643320285,True,True
472,2,turn 2,1,0.5065113623121005,0,0.5009395824641781,True,False
472,3,turn 3,2,0.4354722049023547,0,0.5095319879183279,True,True
473,1,turn 1,1,0.4835349681568623,0,0.44214825243859673,True,False
473,2,turn 2,2,0.41639478118942574,0,0.4937944355834495,True,True
473,3,turn 3,3,0.35657682065660923,0,0.5057346058551875,True,True
473,4,turn 4,4,0.3137983871402421,0,0.5088502037558256,True,True
473,5,turn 5,5,0.2877796876528999,0,0.5096880903299909,True,True
473,6,turn 6,6,0.27348322349754073,0,0.5099152424648168,True,True
473,7,turn 7,7,0.2660636698135381,0,0.5099769575292477,True,True
473,8,turn 8,8,0.2623270157526673,0,0.509993734806853,True,True
473,9,turn 9,9,0.2604736131320482,0,0.509998296450517,True,True
473,10,turn 10,10,0.25956126336774765,0,0.5099995367887645,True,True
474,2,turn 2,1,0.556812280081812,1,0.5409179397878712,True,False
474,3,turn 3,2,0.4835349681568623,1,0.44214825243859673,True,True
474,4,turn 4,3,0.5852582591987396,1,0.5149540500014669,True,True
474,5,turn 5,4,0.5570660075804235,0,0.5099795332182545,True,True
474,6,turn 6,5,0.5027124924931701,1,0.5099944351013345,True,True
475,2,turn 2,1,0.5230116713496439,1,0.5136645961050191,True,False
475,3,turn 3,2,0.4835349681568623,1,0.44214825243859673,True,True
475,4,turn 4,3,0.6395827473726294,1,0.5239182773627294,True,True
475,5,turn 5,4,0.5570660075804235,1,0.5099795332182545,True,True
475,6,turn 6,5,0.6011093524756507,0,0.5099999946475422,True,True
475,7,turn 7,6,0.5696541673524077,0,0.509999998544611,True,True
475,8,turn 8,7,0.5204468222002394,0,0.5099999996042646,True,True
475,9,turn 9,8,0.4564166449360117,0,0.5099999998923954,True,True
475,10,turn 10,9,0.3904550838002292,1,0.5099999999707412,True,True
475,11,turn 11,10,0.7424709354777458,1,0.523918787387724,True,True
476,2,turn 2,1,0.5536525903192294,1,0.5140944628198516,True,False
476,3,turn 3,2,0.558814487872056,0,0.5307900888055082,True,True
476,4,turn 4,3,0.38102508356905485,0,0.3440335462052237,True,True
476,5,turn 5,4,0.4753741598539748,0,0.5316019304366493,True,True
476,6,turn 6,5,0.41707748943065137,1,0.5316049403953248,True,True
477,2,turn 2,1,0.5740325537875275,1,0.5476148330838667,True,False
477,3,turn 3,2,0.663961730869333,0,0.5483516077208975,True,True
477,5,turn 5,3,0.4862108177273039,0,0.5015621436384913,True,True
477,6,turn 6,4,0.45455067858954806,1,0.530124285820714,True,True
477,7,turn 7,5,0.557511844817419,1,0.559657076595829,True,True
477,8,turn 8,6,0.6422150046975852,1,0.5370921053830111,True,True
478,2,turn 2,1,0.49111263019777024,1,0.4504444197494368,True,False
478,3,turn 3,2,0.5185937792380458,0,0.47812135762922414,True,True
478,4,turn 4,3,0.5734315007742586,1,0.574533172683071,True,True
479,2,turn 2,1,0.5310560368640379,1,0.513515595180535,True,False
479,3,turn 3,2,0.5147411891715166,0,0.46595641368288243,True,True
479,4,turn 4,3,0.4591494710263402,0,0.4968216022778974,True,True
482,2,turn 2,1,0.4835349681568623,0,0.44214825243859673,True,False
482,3,turn 3,2,0.41639478118942574,0,0.4937944355834495,True,True
482,4,turn 4,3,0.35657682065660923,0,0.5057346058551875,True,True
482,5,turn 5,4,0.7431993202747069,1,0.6994900526117817,True,True
482,6,turn 6,5,0.3137983871402421,1,0.5088502037558256,True,True
482,7,turn 7,6,0.3765810588248656,1,0.5099996986387793,True,True
484,2,turn 2,1,0.49519726301855826,0,0.46845262504987245,True,False
484,3,turn 3,2,0.41803876916308136,0,0.5014457033833223,True,True
484,4,turn 4,3,0.36645589985981597,0,0.5078397728584296,True,True
485,2,turn 2,1,0.5536525903192294,1,0.5140944628198516,True,False
485,3,turn 3,2,0.5874243749527429,1,0.5120495348750191,True,True
486,2,turn 2,1,0.49519726301855826,0,0.46845262504987245,True,False
486,3,turn 3,2,0.4850236857543276,1,0.5039444492016505,True,True
488,2,turn 2,1,0.5424555169351174,1,0.4825424164583474,True,False
488,3,turn 3,2,0.5574542448747615,1,0.5013666679047297,True,True
488,4,turn 4,3,0.674696468977041,1,0.5596280791542038,True,True
488,5,turn 5,4,0.6151140051414599,1,0.4953668957464191,True,True
489,1,turn 1,1,0.4587055447326939,0,0.42716305409664623,True,False
489,2,turn 2,2,0.3861110497256173,0,0.4817370893615403,True,True
489,3,turn 3,3,0.34170963985799985,1,0.49792168301116246,True,True
489,4,turn 4,4,0.38913598685356054,0,0.5099940066707016,True,True
489,5,turn 5,5,0.34430131325970337,0,0.5099969932798973,True,True
489,6,turn 6,6,0.406543999182205,0,0.3156504946752337,True,True
489,7,turn 7,7,0.36740192365682117,0,0.38573900398935,True,True
489,8,turn 8,8,0.3375818681903861,0,0.4137831164036803,True,True
490,2,turn 2,1,0.4889965194028611,1,0.48515816142837104,True,False
490,3,turn 3,2,0.5438842331938272,1,0.2740981358612325,True,True
490,4,turn 4,3,0.5536525903192294,1,0.5140944628198516,True,True
490,5,turn 5,4,0.38102508356905485,1,0.3440335462052237,True,True
491,1,turn 1,1,0.5185937792380458,0,0.47812135762922414,True,False
491,2,turn 2,2,0.43141289685164114,0,0.5042006005519013,True,True
491,3,turn 3,3,0.3730156487962032,1,0.5101712123223174,True,True
491,4,turn 4,4,0.4725617876429553,1,0.5023779364077533,True,True
491,5,turn 5,5,0.522599280323967,1,0.5099999997058423,True,True
492,1,turn 1,1,0.5842225355216766,1,0.5643750182158742,True,False
492,2,turn 2,2,0.5803152201995405,1,0.5403854121477317,True,True
492,3,turn 3,3,0.6599065236422226,1,0.5409250886841068,True,True
492,4,turn 4,4,0.6507886938006353,1,0.5120495353743021,True,True
492,5,turn 5,5,0.7463782467646297,1,0.5409250896827904,True,True
493,2,turn 2,1,0.47651049835422593,0,0.4320305559525084,True,False
493,3,turn 3,2,0.41098676685158464,0,0.48871882025472546,True,True
493,4,turn 4,3,0.34981067973921937,0,0.5034527563434408,True,True
493,5,turn 5,4,0.303714692374341,1,0.5078943396916094,True,True
494,2,turn 2,1,0.569202951954129,0,0.5537740769935463,True,False
494,3,turn 3,2,0.4741740115525761,0,0.5560559250321813,True,True
494,4,turn 4,3,0.45381112310862465,0,0.5560940719652067,True,True
494,5,turn 5,4,0.4382114245798885,1,0.5015621436095802,True,True
495,1,turn 1,1,0.4871647834023452,0,0.45268627649650645,True,False
495,2,turn 2,2,0.43114210281247706,1,0.49883234134615845,True,True
495,3,turn 3,3,0.5391807778722795,0,0.5191492414021937,True,True
495,4,turn 4,4,0.4552988072615065,0,0.5241019320436591,True,True
495,5,turn 5,5,0.40281481528170926,0,0.5243849476316781,True,True
495,6,turn 6,6,0.37588323300458654,0,0.5244021807675731,True,True
495,7,turn 7,7,0.363414640674591,0,0.5244032332858166,True,True
495,8,turn 8,8,0.35793559142947823,0,0.5244032975784432,True,True
495,9,turn 9,9,0.3555816967132331,0,0.524403301505763,True,True
496,2,turn 2,1,0.4835349681568623,0,0.44214825243859673,True,False
496,3,turn 3,2,0.7841403949673826,1,0.5820186690143145,True,True
496,4,turn 4,3,0.6602019317989181,0,0.7226305625815177,True,True
496,5,turn 5,4,0.35657682065660923,0,0.5057346058551875,True,True
496,6,turn 6,5,0.3137983871402421,0,0.5088502037558256,True,True
496,7,turn 7,6,0.2877796876528999,0,0.5096880903299909,True,True
496,8,turn 8,7,0.27348322349754073,0,0.5099152424648168,True,True
496,9,turn 9,8,0.2660636698135381,0,0.5099769575292477,True,True
496,10,turn 10,9,0.2623270157526673,0,0.509993734806853,True,True
497,1,turn 1,1,0.49208847702182246,0,0.46320395678766685,True,False
497,2,turn 2,2,0.4821429039359209,1,0.5239275778909386,True,True
497,3,turn 3,3,0.4733551281053554,0,0.5016254837371813,True,True
497,4,turn 4,4,0.49939815683263994,0,0.5466201940461448,True,True
497,5,turn 5,5,0.43200447201149,0,0.5468151964810445,True,True
497,6,turn 6,6,0.4192440056811275,1,0.5468156683178345,True,True
497,7,turn 7,7,0.40783970209950254,1,0.5137157119452421,True,True
497,8,turn 8,8,0.5052296139932213,1,0.5376114708893294,True,True
498,1,turn 1,1,0.4915109303331632,0,0.4664850692083433,True,False
498,2,turn 2,2,0.5883882067614753,0,0.5557490035698559,True,True
498,3,turn 3,3,0.40922278337115403,0,0.5643855296627793,True,True
498,4,turn 4,4,0.3867510132842768,0,0.5661281118919922,True,True
498,5,turn 5,5,0.3723696974886439,1,0.5666480089369162,True,True
498,6,turn 6,6,0.3674894000565091,0,0.5018970350939367,True,True
498,7,turn 7,7,0.3166735517995876,0,0.507867238434935,True,True
498,8,turn 8,8,0.2821937536022304,0,0.5094250791118733,True,True
498,9,turn 9,9,0.2617315738152205,0,0.509844037128536,True,True
498,10,turn 10,10,0.22765344234909612,0,0.5099999943262257,True,True
499,3,turn 3,1,0.5173581982656998,1,0.4928588015389664,True,False
499,4,turn 4,2,0.6069840126814993,1,0.520920103131051,True,True
500,2,turn 2,1,0.40211726675684867,1,0.3746567471502453,True,False
500,3,turn 3,2,0.5072334480873323,0,0.5098601816142506,True,True
500,4,turn 4,3,0.49389321615537896,0,0.4574327914906282,True,True
500,5,turn 5,4,0.43481161576295624,1,0.49707230915804923,True,True
500,6,turn 6,5,0.5553413878682921,1,0.5313453632727163,True,True
500,7,turn 7,6,0.6300469398106302,0,0.5316049521426096,True,True
501,2,turn 2,1,0.48611411013715966,0,0.44707422281381515,True,False
501,3,turn 3,2,0.4430928757910807,1,0.49017648526840363,True,True
501,4,turn 4,3,0.5744367700917556,0,0.5344762115979671,True,True
501,5,turn 5,4,0.4807317622124204,1,0.5344852737130013,True,True
501,6,turn 6,5,0.593659192250911,1,0.5368949854804269,True,True
502,2,turn 2,1,0.47651049835422593,0,0.4320305559525084,True,False
502,3,turn 3,2,0.4874727079629045,0,0.5070412092644959,True,True
502,4,turn 4,3,0.4098256133843446,0,0.5175195755226845,True,True
502,5,turn 5,4,0.3774859025449741,1,0.5188767922634044,True,True
503,2,turn 2,1,0.49519726301855826,0,0.46845262504987245,True,False
503,3,turn 3,2,0.41968275713673703,1,0.5090969711831951,True,True
503,4,turn 4,3,0.5160573829184321,1,0.5099999468544375,True,True
503,5,turn 5,4,0.6230201794325573,0,0.5099999999968777,True,True
503,6,turn 6,5,0.4888761012268769,1,0.42981184484334767,True,True
503,7,turn 7,6,0.735721107331426,0,0.7974858551420474,True,True
503,8,turn 8,7,0.5612185545127546,1,0.7964116943615781,True,True
503,9,turn 9,8,0.5032646151013805,1,0.509995623021601,True,True
504,2,turn 2,1,0.38460504787845795,1,0.33787299677495364,True,False
504,3,turn 3,2,0.7740547200298329,1,0.8012028565921385,True,True
504,4,turn 4,3,0.5216589038899054,1,0.9980020009999981,True,True
504,5,turn 5,4,0.874759839225077,0,0.8020225431771575,True,True
504,6,turn 6,5,0.6275107893910902,0,0.8020208608165553,True,True
504,7,turn 7,6,0.6252740481235748,0,0.8020133942224406,True,True
504,8,turn 8,7,0.6252396099879788,1,0.8019789894007832,True,True
504,9,turn 9,8,0.7384503758470498,0,0.8020231027586451,True,True
504,10,turn 10,9,0.6255731507719338,0,0.8020229848793101,True,True
504,11,turn 11,10,0.625278651676445,0,0.8020224284223431,True,True
505,2,turn 2,1,0.48611411013715966,0,0.44707422281381515,True,False
505,3,turn 3,2,0.520815670390518,0,0.5310491379973471,True,True
505,4,turn 4,3,0.44203763627911263,0,0.5316024694793976,True,True
505,5,turn 5,4,0.39494291012902644,0,0.5316049415182067,True,True
506,2,turn 2,1,0.5342698133201187,0,0.5182140760891513,True,False
506,3,turn 3,2,0.4452399024118169,0,0.5259368552894768,True,True
506,4,turn 4,3,0.462454658381441,0,0.3090658410332281,True,True
506,5,turn 5,4,0.39860586652649843,0,0.5263633105446424,True,True
506,6,turn 6,5,0.4499071407235263,0,0.4081938374861825,True,True
506,8,turn 8,6,0.41131463037526717,0,0.4768601423213584,True,True
507,2,turn 2,1,0.5438076067689975,1,0.39402414388782925,True,False
507,3,turn 3,2,0.43501080148595794,0,0.41459585381679737,True,True
507,4,turn 4,3,0.4066252267482119,0,0.47299849234927077,True,True
507,5,turn 5,4,0.3956672758149399,0,0.4931316429516166,True,True
507,6,turn 6,5,0.3917139011285912,0,0.5027230926924384,True,True
508,2,turn 2,1,0.5086333259557038,0,0.47581975111276265,True,False
508,3,turn 3,2,0.39265195150004173,1,0.4771003888459718,True,True
509,3,turn 3,1,0.5314042324321916,0,0.5073330103775051,True,False
509,4,turn 4,2,0.5452564091183569,0,0.5044123069571043,True,True
509,5,turn 5,3,0.45659694822366126,0,0.5305177445587752,True,True
509,6,turn 6,4,0.5132238797100535,1,0.5480879265488947,True,True
509,7,turn 7,5,0.35657682065660923,1,0.5057346058551875,True,True
510,1,turn 1,1,0.5329558757453583,1,0.49930462325853425,True,False
510,2,turn 2,2,0.5729643935512018,1,0.5598255382317422,True,True
510,4,turn 4,3,0.6158338309273628,1,0.5224563508157304,True,True
511,2,turn 2,1,0.5230116713496439,0,0.5136645961050191,True,False
511,3,turn 3,2,0.4835349681568623,1,0.44214825243859673,True,True
511,4,turn 4,3,0.4364500097482123,0,0.523412060356433,True,True
511,5,turn 5,4,0.5369231374916702,0,0.5555284232014883,True,True
511,6,turn 6,5,0.6208535224429255,0,0.6435769693914479,True,True
511,7,turn 7,6,0.4380819359222822,0,0.49135566115949014,True,True
511,8,turn 8,7,0.5570660075804235,0,0.5099795332182545,True,True
512,2,turn 2,1,0.4835349681568623,1,0.44214825243859673,True,False
512,3,turn 3,2,0.5570660075804235,0,0.5099795332182545,True,True
512,4,turn 4,3,0.5027124924931701,1,0.5099944351013345,True,True
513,2,turn 2,1,0.4835349681568623,0,0.44214825243859673,True,False
513,3,turn 3,2,0.5068595578802542,0,0.49475699766114817,True,True
513,5,turn 5,3,0.41968275713673703,1,0.5090969711831951,True,True
513,6,turn 6,4,0.6069778500798516,1,0.5666763614756118,True,True
513,7,turn 7,5,0.41639478118942574,1,0.4937944355834495,True,True
514,2,turn 2,1,0.47651049835422593,0,0.4320305559525084,True,False
514,3,turn 3,2,0.5424555169351174,1,0.4825424164583474,True,True
514,4,turn 4,3,0.6484505110091018,0,0.6276220246841189,True,True
514,5,turn 5,4,0.5915689947360854,0,0.6272371765206252,True,True
514,6,turn 6,5,0.5377849346860049,0,0.6261179923169763,True,True
514,7,turn 7,6,0.5005021236417062,0,0.6229427295025879,True,True
514,8,turn 8,7,0.4781247474829691,0,0.6145311973470087,True,True
514,9,turn 9,8,0.46304015770432844,0,0.5957752360501578,True,True
514,10,turn 10,9,0.446875344049319,0,0.5663084930497272,True,True
514,11,turn 11,10,0.4220987056767127,0,0.5383991936444829,True,True
514,12,turn 12,11,0.38682348429848257,0,0.5221211354253869,True,True
514,13,turn 13,12,0.35057575059271423,1,0.5151600873865294,True,True
514,14,turn 14,13,0.41098676685158464,0,0.48871882025472546,True,True
515,2,turn 2,1,0.5230116713496439,1,0.5136645961050191,True,False
515,3,turn 3,2,0.6106663068483601,0,0.5485389794118329,True,True
515,4,turn 4,3,0.49941346219801475,1,0.5488319148920574,True,True
515,5,turn 5,4,0.5821585147697177,1,0.5149545115452747,True,True
515,6,turn 6,5,0.5452564091183569,1,0.5044123069571043,True,True
516,1,turn 1,1,0.558814487872056,1,0.5307900888055082,True,False
516,2,turn 2,2,0.6331145755250265,0,0.5316049500403599,True,True
516,3,turn 3,3,0.5479973084012113,1,0.5316049526314475,True,True
516,4,turn 4,4,0.6236455218505326,0,0.5316049526419072,True,True
516,5,turn 5,5,0.49389776404055663,0,0.45885308440590117,True,True
516,6,turn 6,6,0.4613172483442873,0,0.5316049526419073,True,True
516,7,turn 7,7,0.4098879352254945,0,0.5316049526419073,True,True
516,8,turn 8,8,0.38134378762187904,0,0.5316049526419073,True,True
516,9,turn 9,9,0.3672836377150094,0,0.5316049526419073,True,True
520,2,turn 2,1,0.6093675968203747,0,0.5772446514764276,True,False
520,3,turn 3,2,0.480552059568363,1,0.4822907515844019,True,True
521,2,turn 2,1,0.5154478110070818,1,0.4856047577312023,True,False
521,3,turn 3,2,0.5961814503310342,0,0.5134689369807397,True,True
521,4,turn 4,3,0.518528525104971,0,0.513474193508581,True,True
521,5,turn 5,4,0.442947302246147,0,0.5134755617441203,True,True
521,6,turn 6,5,0.38613353810255435,0,0.513475930055575,True,True
522,1,turn 1,1,0.41627931329019024,0,0.37423942253376824,True,False
522,2,turn 2,2,0.5278888998828354,1,0.4963377027755853,True,True
522,3,turn 3,3,0.5064997409222393,1,0.5235023654869307,True,True
522,4,turn 4,4,0.6315648880831586,1,0.5646682292254552,True,True
523,1,turn 1,1,0.4835349681568623,0,0.44214825243859673,True,False
523,2,turn 2,2,0.41639478118942574,0,0.4937944355834495,True,True
523,3,turn 3,3,0.35657682065660923,1,0.5057346058551875,True,True
525,2,turn 2,1,0.5226075184584227,0,0.49190970347787555,True,False
525,3,turn 3,2,0.44359591443816127,0,0.518285587489604,True,True
525,4,turn 4,3,0.46006550987774164,1,0.5157955769594527,True,True
526,1,turn 1,1,0.5536525903192294,0,0.5140944628198516,True,False
526,2,turn 2,2,0.44643101251385653,1,0.5146067655203532,True,True
526,3,turn 3,3,0.6067650022833699,1,0.5870788819145942,True,True
526,4,turn 4,4,0.701449707406334,1,0.5876653039337562,True,True
526,5,turn 5,5,0.555948906984129,1,0.519909023093862,True,True
527,1,turn 1,1,0.5507309623322324,1,0.5168319228104543,True,False
527,2,turn 2,2,0.6068172475978674,0,0.5373238180404168,True,True
527,3,turn 3,3,0.5168576695999528,0,0.539922801517544,True,True
527,5,turn 5,4,0.5350377537849628,1,0.5541442599779086,True,True
527,8,turn 8,5,0.4736344458743306,0,0.5400052720251448,True,True
527,9,turn 9,6,0.4210707780566791,1,0.5400079319284978,True,True
527,10,turn 10,7,0.4861008153055364,1,0.5400080206219909,True,True
529,2,turn 2,1,0.5576663295396063,1,0.527882808668503,True,False
529,3,turn 3,2,0.6280417106670471,1,0.5649302905902105,True,True
529,4,turn 4,3,0.7084497581561244,1,0.5652235037020332,True,True
529,5,turn 5,4,0.6978719272068158,1,0.5286947617167179,True,True
530,3,turn 3,1,0.5842225355216766,1,0.5643750182158742,True,False
530,4,turn 4,2,0.6753840632285291,1,0.5652235015997915,True,True
530,5,turn 5,3,0.5185937792380458,1,0.47812135762922414,True,True
530,6,turn 6,4,0.5990915368656821,0,0.5122936765906821,True,True
530,7,turn 7,5,0.510417240088839,0,0.5123011280304784,True,True
530,8,turn 8,6,0.7595982491182752,1,0.5652235042014738,True,True
530,9,turn 9,7,0.430594005476267,0,0.5123031539124779,True,True
530,10,turn 10,8,0.3767303552181258,0,0.5123037047626582,True,True
531,1,turn 1,1,0.6256241991508116,0,0.4835549313077242,True,False
531,2,turn 2,2,0.32783360129643696,1,0.5341864689753449,True,True
531,3,turn 3,3,0.6492193769411988,1,0.8794162427013019,True,True
531,4,turn 4,4,0.9069501088684649,0,0.879707737011956,True,True
531,5,turn 5,5,0.3332683303989087,0,0.8797073266201667,True,True
531,6,turn 6,6,0.32704538616011664,0,0.879705789898713,True,True
531,7,turn 7,7,0.3270360525241714,0,0.8797000357031766,True,True
531,8,turn 8,8,0.32703603865453446,1,0.8796784906408135,True,True
531,9,turn 9,9,0.647949679573864,0,0.8797078714749677,True,True
531,10,turn 10,10,0.327947594801636,0,0.8797078301222737,True,True
532,8,turn 8,1,0.5536171034356602,1,0.5390198071604467,True,False
532,9,turn 9,2,0.5758424764012664,0,0.5037095129268393,True,True
532,10,turn 10,3,0.48502649669023223,1,0.5167508010313692,True,True
534,1,turn 1,1,0.5098527702853833,1,0.4898258148828784,True,False
534,2,turn 2,2,0.5858168094968869,1,0.509989305063663,True,True
537,1,turn 1,1,0.6503808800115796,1,0.6286038108889893,True,False
537,2,turn 2,2,0.6884414641793661,0,0.6292318105173355,True,True
537,3,turn 3,3,0.6206119235556451,0,0.6292318115136316,True,True
537,4,turn 4,4,0.5646700851630785,1,0.6292318115163561,True,True
539,1,turn 1,1,0.5842225355216766,1,0.5643750182158742,True,False
539,2,turn 2,2,0.6753840632285291,1,0.5652235015997915,True,True
539,3,turn 3,3,0.4849659518047098,1,0.4441669426768099,True,True
539,4,turn 4,4,0.6241534783849074,0,0.5315225250108273,True,True
539,5,turn 5,5,0.6356993579450219,1,0.5313453632820861,True,True
541,2,turn 2,1,0.6093675968203747,0,0.5772446514764276,True,False
541,3,turn 3,2,0.4688013881281604,1,0.5789895469085705,True,True
541,4,turn 4,3,0.560414746085867,1,0.5462500120219188,True,True
542,2,turn 2,1,0.5424555169351174,1,0.4825424164583474,True,False
542,3,turn 3,2,0.5608361547800811,1,0.47914977420482935,True,True
543,2,turn 2,1,0.569202951954129,1,0.5537740769935463,True,False
543,3,turn 3,2,0.5707089613050358,0,0.5191492400069456,True,True
543,4,turn 4,3,0.48102492097445165,0,0.5241019320374072,True,True
543,5,turn 5,4,0.4162658927289453,0,0.52438494763165,True,True
545,2,turn 2,1,0.5536525903192294,0,0.5140944628198516,True,False
545,3,turn 3,2,0.40539287548155584,1,0.31334934793388913,True,True
545,4,turn 4,3,0.44643101251385653,0,0.5146067655203532,True,True
545,5,turn 5,4,0.38945447693579716,0,0.5146078187894473,True,True
545,6,turn 6,5,0.4298787837404675,0,0.5082776092037633,True,True
545,7,turn 7,6,0.4333281280467337,0,0.5046824093114083,True,True
548,2,turn 2,1,0.5868286604664088,1,0.49956284204729423,True,False
548,3,turn 3,2,0.5768656981161919,0,0.5212856357289809,True,True
548,4,turn 4,3,0.4919270839708739,1,0.4760740980257986,True,True
550,2,turn 2,1,0.5230116713496439,1,0.5136645961050191,True,False
550,3,turn 3,2,0.5490512897851063,1,0.47607366467383416,True,True
550,4,turn 4,3,0.6397822073446333,1,0.5192723369934705,True,True
551,2,turn 2,1,0.4948490674504046,1,0.4746352098529024,True,False
551,3,turn 3,2,0.5703649964019764,1,0.5396596481859662,True,True
552,2,turn 2,1,0.43228002586295855,1,0.3930908993219102,True,False
552,3,turn 3,2,0.5230116713496439,1,0.5136645961050191,True,True
552,4,turn 4,3,0.5570660075804235,1,0.5099795332182545,True,True
552,5,turn 5,4,0.6395827473726294,1,0.5239182773627294,True,True
552,6,turn 6,5,0.6011093524756507,1,0.5099999946475422,True,True
554,1,turn 1,1,0.5915779992290713,0,0.5523745506948247,True,False
554,2,turn 2,2,0.47686715429473403,0,0.5529249835950345,True,True
556,1,turn 1,1,0.5282414614445144,0,0.5009964863218389,True,False
556,2,turn 2,2,0.4585130839530498,0,0.5301221582087133,True,True
556,3,turn 3,3,0.44078609414324127,0,0.5422645070594532,True,True
557,1,turn 1,1,0.4835349681568623,0,0.44214825243859673,True,False
557,2,turn 2,2,0.46162716953483995,1,0.49427571662229886,True,True
557,3,turn 3,3,0.5768656981161919,1,0.5212856357289809,True,True
559,1,turn 1,1,0.4362872282861178,0,0.40736164922803625,True,False
559,2,turn 2,2,0.47762779482900397,1,0.4560173117780126,True,True
560,1,turn 1,1,0.4835349681568623,1,0.44214825243859673,True,False
560,2,turn 2,2,0.5570660075804235,0,0.5099795332182545,True,True
561,1,turn 1,1,0.5509294483275525,1,0.5381360247082109,True,False
561,2,turn 2,2,0.6602050673838643,1,0.5451672862197383,True,True
561,3,turn 3,3,0.5803152201995405,1,0.5403854121477317,True,True
562,1,turn 1,1,0.5740325537875275,1,0.5476148330838667,True,False
562,2,turn 2,2,0.5824910167018739,1,0.5383314987145982,True,True
562,3,turn 3,3,0.5623260171539015,1,0.4783780362008533,True,True
562,4,turn 4,4,0.710532088825009,1,0.5146078209616757,True,True
563,1,turn 1,1,0.5251409602987674,1,0.47766081477357186,True,False
563,2,turn 2,2,0.6264989544842573,0,0.53329302126464,True,True
563,3,turn 3,3,0.5135310175067956,1,0.5333106015532033,True,True
564,2,turn 2,1,0.4835349681568623,0,0.44214825243859673,True,False
564,3,turn 3,2,0.41639478118942574,0,0.4937944355834495,True,True
564,4,turn 4,3,0.35657682065660923,1,0.5057346058551875,True,True
564,5,turn 5,4,0.43826401740565646,1,0.5099988751543584,True,True
564,6,turn 6,5,0.522599280323967,0,0.5099999997058423,True,True
564,7,turn 7,6,0.4589414276782614,0,0.5099999999200154,True,True
565,1,turn 1,1,0.5842225355216766,1,0.5643750182158742,True,False
565,2,turn 2,2,0.5969889212332875,1,0.5216724296145078,True,True
566,1,turn 1,1,0.5536171034356602,0,0.5390198071604467,True,False
566,2,turn 2,2,0.46514795199026554,1,0.5238825997436671,True,True
567,1,turn 1,1,0.5536525903192294,0,0.5140944628198516,True,False
567,2,turn 2,2,0.44643101251385653,0,0.5146067655203532,True,True
567,3,turn 3,3,0.38945447693579716,1,0.5146078187894473,True,True
567,4,turn 4,4,0.4265956911373304,1,0.5146078209616733,True,True
567,5,turn 5,5,0.46948602855158955,0,0.4219128594664201,True,True
567,6,turn 6,6,0.48957231550794983,0,0.5146078209616776,True,True
567,7,turn 7,7,0.4055787525137436,0,0.48364320492600144,True,True
567,8,turn 8,8,0.40950131582562665,0,0.5146078209616776,True,True
568,1,turn 1,1,0.41714436008408856,0,0.3843770412365381,True,False
568,2,turn 2,2,0.39080625922104667,0,0.4503965425390846,True,True
568,3,turn 3,3,0.5154217249079588,0,0.393871056784833,True,True
568,4,turn 4,4,0.3680432302665924,0,0.47527983611793445,True,True
568,5,turn 5,5,0.3721900044238745,0,0.45618994723143214,True,True
569,2,turn 2,1,0.4849659518047098,0,0.4441669426768099,True,False
569,3,turn 3,2,0.42633274603748256,1,0.48726630728981024,True,True
570,1,turn 1,1,0.6295034081389131,1,0.5906546385697977,True,False
570,2,turn 2,2,0.4499071407235263,1,0.4081938374861825,True,True
571,2,turn 2,1,0.5163637498735145,1,0.4995541566713986,True,False
571,3,turn 3,2,0.495928593306387,0,0.39727385477213534,True,True
571,4,turn 4,3,0.41119424885614037,0,0.3564448572461227,True,True
571,5,turn 5,4,0.6298492033098506,0,0.5198118094974555,True,True
571,6,turn 6,5,0.4055787525137436,0,0.48364320492600144,True,True
571,7,turn 7,6,0.34883908041834166,1,0.4052970119178978,True,True
571,8,turn 8,7,0.4362664700442753,1,0.46911396966189567,True,True
571,9,turn 9,8,0.5934555795290444,0,0.6538297467227201,True,True
571,10,turn 10,9,0.390410972098382,0,0.44032166686076724,True,True
571,11,turn 11,10,0.3586782749911876,0,0.4641865213906257,True,True
571,12,turn 12,11,0.33086010368502716,1,0.47701834539375093,True,True
572,1,turn 1,1,0.46948602855158955,0,0.4219128594664201,True,False
572,2,turn 2,2,0.4055787525137436,0,0.48364320492600144,True,True
572,3,turn 3,3,0.3430445388218295,1,0.501170906831694,True,True
572,4,turn 4,4,0.43927609551661384,1,0.5099969497308966,True,True
572,5,turn 5,5,0.5230818571055008,1,0.5099999989644323,True,True
573,1,turn 1,1,0.4353308745544102,0,0.3861045430295568,True,False
573,2,turn 2,2,0.3915683842653018,0,0.4552235097253775,True,True
573,3,turn 3,3,0.3519940405606274,0,0.4810956438546107,True,True
573,4,turn 4,4,0.3222099124830292,1,0.49365991889295324,True,True
574,1,turn 1,1,0.5105879320752794,0,0.4807452459207405,True,False
574,2,turn 2,2,0.43902876253656997,0,0.5116386770746555,True,True
575,2,turn 2,1,0.5163637498735145,0,0.4995541566713986,True,False
575,3,turn 3,2,0.44952867700633825,0,0.45608564121464557,True,True
575,4,turn 4,3,0.47651049835422593,0,0.4320305559525084,True,True
575,5,turn 5,4,0.41098676685158464,0,0.48871882025472546,True,True
576,2,turn 2,1,0.5230116713496439,1,0.5136645961050191,True,False
576,3,turn 3,2,0.4835349681568623,0,0.44214825243859673,True,True
576,4,turn 4,3,0.41639478118942574,0,0.4937944355834495,True,True
576,5,turn 5,4,0.6145676114133503,0,0.5099990769090716,True,True
576,6,turn 6,5,0.35657682065660923,0,0.5057346058551875,True,True
577,2,turn 2,1,0.5061631667439468,0,0.5071221672672082,True,False
577,3,turn 3,2,0.45126165266797247,0,0.5099670046534607,True,True
577,4,turn 4,3,0.40100339282471975,1,0.509999619500752,True,True
577,5,turn 5,4,0.5068595578802542,1,0.49475699766114817,True,True
577,6,turn 6,5,0.4582633668088439,1,0.5099999999957797,True,True
577,7,turn 7,6,0.5490512897851063,1,0.47607366467383416,True,True
578,3,turn 3,1,0.6667399367269141,0,0.6060615168171757,True,False
578,4,turn 4,2,0.5097347098569722,1,0.6078743560715167,True,True
578,5,turn 5,3,0.41083609438587304,0,0.34379438523382866,True,True
578,6,turn 6,4,0.3296102691972034,0,0.4296679282416714,True,True
579,2,turn 2,1,0.5098527702853833,1,0.4898258148828784,True,False
579,3,turn 3,2,0.4733110221913762,1,0.45391399407524113,True,True
579,4,turn 4,3,0.6395827473726294,1,0.5239182773627294,True,True
579,5,turn 5,4,0.680669292845305,1,0.5192723693312342,True,True
579,6,turn 6,5,0.5352976905136201,1,0.46595642705698115,True,True
580,2,turn 2,1,0.4866268515295687,0,0.4529393698553883,True,False
580,3,turn 3,2,0.41388543027996877,0,0.49551153723088204,True,True
583,2,turn 2,1,0.4604550620825972,0,0.4191483326076018,True,False
583,3,turn 3,2,0.38170726719529546,1,0.3304850861590572,True,True
584,2,turn 2,1,0.4493651583959483,0,0.39050655710069354,True,False
584,3,turn 3,2,0.5007378427662063,1,0.4736737242697391,True,True
586,2,turn 2,1,0.5284128592768832,0,0.48620798405012006,True,False
586,3,turn 3,2,0.4413009153687307,1,0.5148213648909763,True,True
586,4,turn 4,3,0.5536171034356602,0,0.5390198071604467,True,True
586,5,turn 5,4,0.4605511979486163,1,0.5443161865699346,True,True
587,2,turn 2,1,0.4881727932159219,0,0.4583349285637841,True,False
587,3,turn 3,2,0.4126307548252403,0,0.49637008805459826,True,True
587,4,turn 4,3,0.41328975348934593,1,0.4716595796351454,True,True
588,2,turn 2,1,0.4499071407235263,0,0.4081938374861825,True,False
588,3,turn 3,2,0.569202951954129,1,0.5537740769935463,True,True
588,4,turn 4,3,0.4922179593017584,0,0.48683956306789655,True,True
590,2,turn 2,1,0.49519726301855826,0,0.46845262504987245,True,False
590,3,turn 3,2,0.4794232709778853,1,0.5208345828660426,True,True
590,4,turn 4,3,0.4662260820539289,0,0.5018971912189435,True,True
590,5,turn 5,4,0.3908719481222147,1,0.5078673013043928,True,True
590,6,turn 6,5,0.45387502297862303,1,0.46595586731038924,True,True
591,2,turn 2,1,0.5230116713496439,0,0.5136645961050191,True,False
591,3,turn 3,2,0.5842225355216766,1,0.5643750182158742,True,True
591,4,turn 4,3,0.5497075963446125,1,0.5343118794629658,True,True
591,5,turn 5,4,0.537290133466562,1,0.47581975111276265,True,True
591,6,turn 6,5,0.6855264852090047,1,0.5386211782032793,True,True
592,2,turn 2,1,0.5230116713496439,0,0.5136645961050191,True,False
592,3,turn 3,2,0.6264684476679736,1,0.5427685621879038,True,True
592,4,turn 4,3,0.754385056448821,1,0.7599226023172362,True,True
592,5,turn 5,4,0.6007973219815856,0,0.5431583166967426,True,True
592,6,turn 6,5,0.6369317449044598,1,0.60449637626443,True,True
592,7,turn 7,6,0.4417088658658644,1,0.5436995752013682,True,True
593,2,turn 2,1,0.5113027630114341,0,0.4786065333815948,True,False
593,3,turn 3,2,0.4523275997563527,0,0.5077099033108553,True,True
593,4,turn 4,3,0.4124680777989367,0,0.5198521397487018,True,True
593,5,turn 5,4,0.39050458296360985,1,0.5262633491981914,True,True
594,2,turn 2,1,0.4989684099674263,0,0.37938641592208305,True,False
594,3,turn 3,2,0.40099953909074143,1,0.4404903955715582,True,True
594,4,turn 4,3,0.45201286531838275,0,0.4454790500466031,True,True
594,5,turn 5,4,0.45166209475684777,1,0.5099460347605383,True,True
595,2,turn 2,1,0.5230116713496439,1,0.5136645961050191,True,False
595,3,turn 3,2,0.5347552487713865,1,0.4864231655382922,True,True
595,4,turn 4,3,0.7483562109320926,1,0.6146929023499808,True,True
595,5,turn 5,4,0.5585311786859335,0,0.5099897505587996,True,True
595,6,turn 6,5,0.5077163410160535,1,0.5099972173655639,True,True
596,2,turn 2,1,0.49519726301855826,1,0.46845262504987245,True,False
596,3,turn 3,2,0.5132760180660065,0,0.4659461963423373,True,True
596,4,turn 4,3,0.4541456225034568,0,0.49681882001366795,True,True
596,5,turn 5,4,0.3897455565746453,0,0.5055846968474882,True,True
596,6,turn 6,5,0.3332900290754317,1,0.508469032095516,True,True
